{"type":"FeatureCollection","features":[{"type":"Feature","geometry":{"type":"MultiPolygon","coordinates":[[[[107.611393,-6.850033,0],[107.611394,-6.850009,0],[107.611419,-6.849858,0],[107.611862,-6.849778,0],[107.61187,-6.849775,0],[107.612386,-6.849603,0],[107.61258,-6.849616,0],[107.61258,-6.849616,0],[107.612586,-6.849619,0],[107.612692,-6.849679,0],[107.612713,-6.849701,0],[107.612733,-6.849722,0],[107.612749,-6.84973,0],[107.61279,-6.849754,0],[107.612825,-6.849735,0],[107.612854,-6.84972,0],[107.612959,-6.849593,0],[107.61301,-6.849441,0],[107.61301,-6.849441,0],[107.613059,-6.849254,0],[107.613118,-6.849147,0],[107.613164,-6.849117,0],[107.613214,-6.849084,0],[107.613349,-6.849051,0],[107.613384,-6.849043,0],[107.61344,-6.849061,0],[107.613488,-6.849077,0],[107.613602,-6.849149,0],[107.613616,-6.849158,0],[107.613675,-6.849194,0],[107.613705,-6.849231,0],[107.613705,-6.849231,0],[107.613742,-6.8493,0],[107.61378,-6.849327,0],[107.613825,-6.849359,0],[107.613831,-6.84936,0],[107.613838,-6.849362,0],[107.613922,-6.849361,0],[107.614078,-6.849363,0],[107.614154,-6.849364,0],[107.614199,-6.849349,0],[107.614332,-6.849304,0],[107.614454,-6.849182,0],[107.614588,-6.849048,0],[107.614594,-6.849044,0],[107.614597,-6.849042,0],[107.61469,-6.848971,0],[107.614771,-6.84891,0],[107.61479,-6.848859,0],[107.614823,-6.848769,0],[107.614828,-6.848756,0],[107.614834,-6.848739,0],[107.614909,-6.848628,0],[107.61491,-6.848627,0],[107.61501,-6.848556,0],[107.61506,-6.84852,0],[107.615195,-6.84844,0],[107.615239,-6.848414,0],[107.615288,-6.848385,0],[107.615334,-6.848318,0],[107.615369,-6.848266,0],[107.615375,-6.848255,0],[107.615534,-6.847957,0],[107.615569,-6.84789,0],[107.615604,-6.847831,0],[107.615674,-6.847712,0],[107.61578,-6.847442,0],[107.615823,-6.84733,0],[107.615825,-6.847322,0],[107.615834,-6.847287,0],[107.615845,-6.847242,0],[107.615869,-6.847146,0],[107.615894,-6.847141,0],[107.615927,-6.847134,0],[107.615936,-6.847135,0],[107.615989,-6.84714,0],[107.616043,-6.847144,0],[107.616043,-6.847144,0],[107.616028,-6.847219,0],[107.61603,-6.847275,0],[107.616031,-6.847321,0],[107.616056,-6.847337,0],[107.615983,-6.847468,0],[107.615961,-6.847564,0],[107.615912,-6.847747,0],[107.615879,-6.847985,0],[107.615869,-6.848053,0],[107.615833,-6.848303,0],[107.615812,-6.848474,0],[107.615776,-6.848717,0],[107.615738,-6.848846,0],[107.615734,-6.84886,0],[107.615691,-6.849081,0],[107.615769,-6.849301,0],[107.615783,-6.849341,0],[107.615822,-6.849448,0],[107.615884,-6.84957,0],[107.61604,-6.849813,0],[107.616269,-6.850048,0],[107.616299,-6.850069,0],[107.616661,-6.850312,0],[107.617125,-6.850469,0],[107.617532,-6.850441,0],[107.61775,-6.850444,0],[107.618039,-6.850448,0],[107.61826,-6.850519,0],[107.618617,-6.850648,0],[107.618846,-6.850785,0],[107.618786,-6.850874,0],[107.618714,-6.850981,0],[107.618658,-6.851193,0],[107.618647,-6.851234,0],[107.618593,-6.851456,0],[107.618563,-6.851583,0],[107.618545,-6.851678,0],[107.618541,-6.8517,0],[107.618592,-6.851804,0],[107.618632,-6.851885,0],[107.61867,-6.851962,0],[107.618716,-6.852055,0],[107.618743,-6.852134,0],[107.618761,-6.852186,0],[107.618767,-6.852226,0],[107.618787,-6.852355,0],[107.618801,-6.852503,0],[107.618804,-6.852532,0],[107.618849,-6.852595,0],[107.618877,-6.852634,0],[107.618907,-6.852676,0],[107.619037,-6.852832,0],[107.619096,-6.85297,0],[107.619104,-6.852989,0],[107.619104,-6.852989,0],[107.619135,-6.853062,0],[107.619193,-6.853196,0],[107.619356,-6.853332,0],[107.619488,-6.853338,0],[107.6195,-6.853338,0],[107.619972,-6.853707,0],[107.620011,-6.853731,0],[107.620088,-6.853782,0],[107.62014,-6.853816,0],[107.620182,-6.853844,0],[107.620239,-6.853894,0],[107.620273,-6.853873,0],[107.620317,-6.853846,0],[107.620346,-6.853828,0],[107.620379,-6.853809,0],[107.620454,-6.853872,0],[107.620481,-6.85396,0],[107.62048,-6.853962,0],[107.620458,-6.854029,0],[107.62042,-6.854141,0],[107.620382,-6.854258,0],[107.620382,-6.85427,0],[107.620385,-6.854356,0],[107.620438,-6.854445,0],[107.620468,-6.854496,0],[107.62054,-6.854561,0],[107.620604,-6.854595,0],[107.620936,-6.85481,0],[107.620952,-6.854827,0],[107.621,-6.854876,0],[107.621019,-6.855193,0],[107.621023,-6.855254,0],[107.621023,-6.855258,0],[107.621052,-6.855327,0],[107.621059,-6.855345,0],[107.621136,-6.855482,0],[107.62117,-6.855563,0],[107.621188,-6.855606,0],[107.621283,-6.855713,0],[107.621296,-6.855723,0],[107.621342,-6.855756,0],[107.621624,-6.855889,0],[107.621758,-6.855953,0],[107.621856,-6.856042,0],[107.621858,-6.856044,0],[107.621857,-6.856044,0],[107.621851,-6.856048,0],[107.621829,-6.856199,0],[107.621829,-6.856203,0],[107.621834,-6.856232,0],[107.621872,-6.856464,0],[107.621944,-6.856613,0],[107.621944,-6.856613,0],[107.622033,-6.856753,0],[107.62205,-6.856871,0],[107.62205,-6.856872,0],[107.622035,-6.856904,0],[107.622011,-6.856951,0],[107.621906,-6.857256,0],[107.6219,-6.857273,0],[107.6219,-6.857274,0],[107.621888,-6.857283,0],[107.621814,-6.857343,0],[107.621643,-6.857525,0],[107.621599,-6.857626,0],[107.621599,-6.857626,0],[107.621588,-6.857736,0],[107.621588,-6.857736,0],[107.621589,-6.857738,0],[107.621633,-6.857813,0],[107.621766,-6.857924,0],[107.621872,-6.85813,0],[107.621872,-6.858132,0],[107.621936,-6.858667,0],[107.622129,-6.85907,0],[107.6222,-6.859199,0],[107.622226,-6.859342,0],[107.622227,-6.859345,0],[107.622229,-6.859423,0],[107.622232,-6.859497,0],[107.622264,-6.859551,0],[107.622294,-6.859601,0],[107.622334,-6.859651,0],[107.62236,-6.859684,0],[107.622375,-6.859739,0],[107.622477,-6.859973,0],[107.622481,-6.859982,0],[107.622498,-6.860101,0],[107.622507,-6.86016,0],[107.622507,-6.86016,0],[107.622476,-6.860301,0],[107.622453,-6.860407,0],[107.622414,-6.860599,0],[107.622346,-6.860806,0],[107.622347,-6.860818,0],[107.622354,-6.860897,0],[107.62255,-6.860995,0],[107.622586,-6.861041,0],[107.622645,-6.861115,0],[107.622684,-6.861207,0],[107.622684,-6.861208,0],[107.622586,-6.861385,0],[107.622568,-6.861417,0],[107.622518,-6.861518,0],[107.622518,-6.86152,0],[107.622538,-6.861651,0],[107.622527,-6.861878,0],[107.622522,-6.86196,0],[107.622515,-6.862055,0],[107.622533,-6.862154,0],[107.622542,-6.862205,0],[107.622542,-6.862206,0],[107.622499,-6.862349,0],[107.62244,-6.862467,0],[107.622439,-6.86247,0],[107.622581,-6.86268,0],[107.622631,-6.862754,0],[107.622707,-6.862817,0],[107.622718,-6.862826,0],[107.622718,-6.862826,0],[107.622763,-6.862864,0],[107.622801,-6.862893,0],[107.62284,-6.862923,0],[107.622844,-6.86293,0],[107.622883,-6.863003,0],[107.622979,-6.862929,0],[107.623145,-6.862799,0],[107.623247,-6.862679,0],[107.623442,-6.862448,0],[107.623456,-6.862438,0],[107.62346,-6.862435,0],[107.62346,-6.862435,0],[107.623493,-6.86241,0],[107.623549,-6.86237,0],[107.62378,-6.862043,0],[107.623933,-6.861886,0],[107.624014,-6.861801,0],[107.624087,-6.861718,0],[107.624175,-6.861619,0],[107.624182,-6.86161,0],[107.624189,-6.861603,0],[107.624298,-6.86147,0],[107.624371,-6.861405,0],[107.624427,-6.861355,0],[107.624432,-6.861351,0],[107.624536,-6.86126,0],[107.624761,-6.861026,0],[107.624999,-6.860753,0],[107.625006,-6.860726,0],[107.625013,-6.860211,0],[107.624999,-6.860193,0],[107.624847,-6.859914,0],[107.624723,-6.859662,0],[107.624689,-6.859463,0],[107.624691,-6.859418,0],[107.624705,-6.85911,0],[107.624732,-6.858857,0],[107.624852,-6.858423,0],[107.624953,-6.858242,0],[107.625,-6.858196,0],[107.625063,-6.858141,0],[107.625198,-6.858086,0],[107.625257,-6.858077,0],[107.625284,-6.858077,0],[107.625746,-6.858065,0],[107.626017,-6.858127,0],[107.62625,-6.858162,0],[107.626348,-6.858143,0],[107.626518,-6.858079,0],[107.627046,-6.857914,0],[107.627172,-6.857778,0],[107.627287,-6.857578,0],[107.627399,-6.857352,0],[107.627508,-6.856989,0],[107.6276,-6.856691,0],[107.627889,-6.856255,0],[107.628002,-6.856083,0],[107.628054,-6.855992,0],[107.628285,-6.855684,0],[107.628337,-6.855689,0],[107.629404,-6.855786,0],[107.629808,-6.855829,0],[107.630441,-6.855988,0],[107.630872,-6.856085,0],[107.63088,-6.856085,0],[107.630881,-6.856085,0],[107.631054,-6.856093,0],[107.631123,-6.856083,0],[107.63118,-6.856075,0],[107.631184,-6.856072,0],[107.631268,-6.856002,0],[107.63153,-6.855648,0],[107.631691,-6.855512,0],[107.631897,-6.855393,0],[107.6321,-6.855338,0],[107.632349,-6.855318,0],[107.632494,-6.855357,0],[107.632838,-6.855451,0],[107.633201,-6.855467,0],[107.633546,-6.855483,0],[107.633804,-6.855482,0],[107.633805,-6.855482,0],[107.633905,-6.855481,0],[107.634027,-6.855481,0],[107.634029,-6.85548,0],[107.63419,-6.855398,0],[107.634443,-6.855126,0],[107.634707,-6.854853,0],[107.634837,-6.854768,0],[107.634888,-6.854735,0],[107.635041,-6.85468,0],[107.63522,-6.85467,0],[107.635221,-6.85467,0],[107.635442,-6.854723,0],[107.635652,-6.854794,0],[107.635674,-6.854803,0],[107.635718,-6.854821,0],[107.636221,-6.854945,0],[107.636587,-6.85497,0],[107.636588,-6.85497,0],[107.636695,-6.854942,0],[107.6368,-6.854842,0],[107.636872,-6.854661,0],[107.6369,-6.8542,0],[107.636712,-6.853243,0],[107.636685,-6.853008,0],[107.636692,-6.8528,0],[107.636737,-6.852646,0],[107.636828,-6.85251,0],[107.637075,-6.852374,0],[107.637588,-6.852181,0],[107.637749,-6.852135,0],[107.637778,-6.852135,0],[107.637935,-6.852107,0],[107.63809,-6.852115,0],[107.638199,-6.852159,0],[107.638201,-6.852164,0],[107.638307,-6.852394,0],[107.638385,-6.852583,0],[107.638463,-6.8527,0],[107.638565,-6.852781,0],[107.638848,-6.852807,0],[107.638983,-6.852761,0],[107.638986,-6.852759,0],[107.639072,-6.852697,0],[107.639161,-6.852452,0],[107.63919,-6.852018,0],[107.639194,-6.85172,0],[107.639228,-6.851476,0],[107.639268,-6.85134,0],[107.639325,-6.851286,0],[107.63971,-6.851401,0],[107.63986,-6.851444,0],[107.639865,-6.851445,0],[107.639945,-6.851435,0],[107.640017,-6.851426,0],[107.640297,-6.851308,0],[107.64043,-6.851189,0],[107.640616,-6.850944,0],[107.640881,-6.850527,0],[107.641016,-6.8504,0],[107.641197,-6.850263,0],[107.641319,-6.850218,0],[107.641552,-6.850243,0],[107.641874,-6.850296,0],[107.641956,-6.850295,0],[107.642111,-6.850285,0],[107.642516,-6.850166,0],[107.64265,-6.850084,0],[107.642778,-6.849952,0],[107.642783,-6.849947,0],[107.642875,-6.849784,0],[107.642888,-6.849748,0],[107.642915,-6.84963,0],[107.642953,-6.849484,0],[107.642986,-6.849359,0],[107.643022,-6.849142,0],[107.643065,-6.848889,0],[107.643192,-6.84849,0],[107.643299,-6.848255,0],[107.643469,-6.848054,0],[107.643667,-6.847819,0],[107.643809,-6.847646,0],[107.643834,-6.847568,0],[107.643894,-6.847384,0],[107.643891,-6.846652,0],[107.643892,-6.846625,0],[107.643896,-6.846525,0],[107.643945,-6.846439,0],[107.643951,-6.846429,0],[107.643953,-6.846426,0],[107.643993,-6.846406,0],[107.644095,-6.846353,0],[107.644293,-6.846288,0],[107.644584,-6.846097,0],[107.644725,-6.845945,0],[107.644828,-6.845834,0],[107.644967,-6.84567,0],[107.645265,-6.845515,0],[107.645362,-6.84547,0],[107.64548,-6.845414,0],[107.645693,-6.845287,0],[107.645819,-6.845223,0],[107.645883,-6.845217,0],[107.646032,-6.845203,0],[107.646135,-6.845203,0],[107.646181,-6.845203,0],[107.646249,-6.845179,0],[107.64631,-6.845157,0],[107.646374,-6.84509,0],[107.646423,-6.845039,0],[107.646552,-6.844839,0],[107.646662,-6.844658,0],[107.646672,-6.844637,0],[107.64668,-6.844621,0],[107.646817,-6.844431,0],[107.64683,-6.844411,0],[107.646845,-6.844386,0],[107.646846,-6.844378,0],[107.64685,-6.844349,0],[107.646877,-6.844236,0],[107.646881,-6.844219,0],[107.646882,-6.844214,0],[107.646947,-6.844116,0],[107.646971,-6.844079,0],[107.646972,-6.844078,0],[107.647096,-6.843987,0],[107.647248,-6.84395,0],[107.647249,-6.84395,0],[107.647291,-6.843959,0],[107.647721,-6.844046,0],[107.647797,-6.844055,0],[107.647871,-6.844064,0],[107.64798,-6.84403,0],[107.648198,-6.843962,0],[107.648317,-6.843902,0],[107.648416,-6.843853,0],[107.648537,-6.843725,0],[107.648552,-6.843709,0],[107.648554,-6.843707,0],[107.648699,-6.843634,0],[107.6487,-6.843634,0],[107.649275,-6.843262,0],[107.649276,-6.843261,0],[107.649338,-6.843197,0],[107.649487,-6.84288,0],[107.64949,-6.842833,0],[107.649491,-6.842819,0],[107.649491,-6.842817,0],[107.64962,-6.842617,0],[107.649717,-6.842544,0],[107.649983,-6.842516,0],[107.650236,-6.842438,0],[107.650674,-6.842304,0],[107.650738,-6.842295,0],[107.650817,-6.842285,0],[107.650934,-6.842229,0],[107.65097,-6.842212,0],[107.651128,-6.842145,0],[107.651142,-6.842139,0],[107.651292,-6.842124,0],[107.651351,-6.842118,0],[107.651433,-6.84211,0],[107.651446,-6.84211,0],[107.651478,-6.842107,0],[107.651718,-6.842082,0],[107.651779,-6.842064,0],[107.651812,-6.842054,0],[107.651861,-6.842035,0],[107.651906,-6.842017,0],[107.652154,-6.841706,0],[107.652333,-6.841482,0],[107.652366,-6.841433,0],[107.652431,-6.841337,0],[107.652818,-6.840639,0],[107.652857,-6.840554,0],[107.652952,-6.840349,0],[107.653027,-6.840159,0],[107.653125,-6.839914,0],[107.653347,-6.839578,0],[107.653627,-6.839224,0],[107.653809,-6.839025,0],[107.653834,-6.839006,0],[107.654343,-6.838705,0],[107.654428,-6.838654,0],[107.654448,-6.838642,0],[107.654449,-6.838641,0],[107.654468,-6.838613,0],[107.654548,-6.838497,0],[107.65455,-6.83849,0],[107.654551,-6.838484,0],[107.654592,-6.838334,0],[107.65452,-6.837945,0],[107.654512,-6.837887,0],[107.654476,-6.837611,0],[107.654499,-6.837367,0],[107.654567,-6.837262,0],[107.654715,-6.837032,0],[107.654789,-6.836951,0],[107.654831,-6.836905,0],[107.654954,-6.836851,0],[107.655021,-6.836822,0],[107.655454,-6.836431,0],[107.655529,-6.836383,0],[107.655595,-6.83634,0],[107.655689,-6.836267,0],[107.656131,-6.836077,0],[107.657185,-6.835626,0],[107.657395,-6.835532,0],[107.657452,-6.835507,0],[107.657521,-6.83546,0],[107.657681,-6.835353,0],[107.657876,-6.835186,0],[107.658053,-6.835034,0],[107.65814,-6.834992,0],[107.6582,-6.834963,0],[107.658204,-6.834961,0],[107.65844,-6.83486,0],[107.658609,-6.834751,0],[107.658731,-6.834651,0],[107.658905,-6.834605,0],[107.658994,-6.834589,0],[107.659059,-6.834577,0],[107.659118,-6.834531,0],[107.659194,-6.834472,0],[107.659199,-6.834468,0],[107.659396,-6.834313,0],[107.659679,-6.834311,0],[107.659725,-6.834311,0],[107.659862,-6.83431,0],[107.659982,-6.834237,0],[107.659986,-6.834233,0],[107.660012,-6.834201,0],[107.660486,-6.833638,0],[107.660539,-6.833584,0],[107.6606,-6.833503,0],[107.660635,-6.833457,0],[107.660676,-6.83336,0],[107.660789,-6.833094,0],[107.66079,-6.833091,0],[107.660827,-6.832922,0],[107.660551,-6.832535,0],[107.660539,-6.832515,0],[107.660481,-6.832418,0],[107.66047,-6.832327,0],[107.660468,-6.83231,0],[107.660483,-6.832279,0],[107.660504,-6.832238,0],[107.660504,-6.832237,0],[107.660663,-6.832137,0],[107.660721,-6.832118,0],[107.660805,-6.832091,0],[107.66087,-6.832073,0],[107.660989,-6.832052,0],[107.661141,-6.832026,0],[107.661593,-6.832087,0],[107.661596,-6.832087,0],[107.661892,-6.832121,0],[107.662095,-6.832101,0],[107.662172,-6.832093,0],[107.662235,-6.832083,0],[107.662355,-6.832074,0],[107.662699,-6.83194,0],[107.662779,-6.831909,0],[107.663311,-6.831906,0],[107.663465,-6.831905,0],[107.663619,-6.831904,0],[107.663804,-6.831903,0],[107.664014,-6.83183,0],[107.664182,-6.831702,0],[107.664341,-6.831566,0],[107.664363,-6.831547,0],[107.664517,-6.831493,0],[107.664969,-6.831336,0],[107.665132,-6.831299,0],[107.665277,-6.831325,0],[107.665365,-6.831378,0],[107.665381,-6.831388,0],[107.66542,-6.831458,0],[107.665481,-6.831568,0],[107.665559,-6.831712,0],[107.665808,-6.831919,0],[107.665983,-6.832035,0],[107.66607,-6.832062,0],[107.666166,-6.832098,0],[107.666422,-6.832123,0],[107.666538,-6.832101,0],[107.666666,-6.832077,0],[107.666757,-6.832058,0],[107.666923,-6.832023,0],[107.667285,-6.831947,0],[107.667519,-6.831891,0],[107.667569,-6.831881,0],[107.667792,-6.831836,0],[107.668309,-6.831622,0],[107.668526,-6.831533,0],[107.668639,-6.831506,0],[107.668799,-6.831568,0],[107.668826,-6.831595,0],[107.668831,-6.831604,0],[107.669306,-6.832017,0],[107.669333,-6.832044,0],[107.669419,-6.832116,0],[107.66956,-6.832214,0],[107.66972,-6.83225,0],[107.669881,-6.832222,0],[107.669929,-6.832216,0],[107.669956,-6.832213,0],[107.669965,-6.832212,0],[107.669968,-6.83221,0],[107.670136,-6.83213,0],[107.670189,-6.832103,0],[107.670245,-6.832075,0],[107.670369,-6.832114,0],[107.670443,-6.832137,0],[107.670494,-6.83214,0],[107.670578,-6.832145,0],[107.670768,-6.832135,0],[107.670953,-6.832109,0],[107.67103,-6.832098,0],[107.671304,-6.832176,0],[107.671967,-6.832364,0],[107.672176,-6.832417,0],[107.672335,-6.832416,0],[107.672336,-6.832416,0],[107.672472,-6.83236,0],[107.67258,-6.832315,0],[107.672819,-6.832079,0],[107.672875,-6.832024,0],[107.673091,-6.831806,0],[107.67317,-6.831735,0],[107.673243,-6.83167,0],[107.673353,-6.831595,0],[107.673389,-6.83157,0],[107.67353,-6.831497,0],[107.673569,-6.831469,0],[107.673735,-6.831351,0],[107.674005,-6.831223,0],[107.674131,-6.831185,0],[107.67419,-6.831168,0],[107.674219,-6.831168,0],[107.674304,-6.831167,0],[107.674324,-6.831161,0],[107.674334,-6.831158,0],[107.674428,-6.831191,0],[107.67446,-6.831202,0],[107.674532,-6.831286,0],[107.674576,-6.831337,0],[107.674669,-6.831445,0],[107.674756,-6.831544,0],[107.67486,-6.831589,0],[107.67502,-6.831597,0],[107.675365,-6.831495,0],[107.675544,-6.831404,0],[107.675754,-6.831254,0],[107.675787,-6.831231,0],[107.675865,-6.831131,0],[107.675925,-6.83086,0],[107.675946,-6.830679,0],[107.676006,-6.830579,0],[107.676008,-6.830578,0],[107.676008,-6.830577,0],[107.676009,-6.830577,0],[107.676152,-6.830488,0],[107.676277,-6.830451,0],[107.676327,-6.830465,0],[107.676375,-6.830478,0],[107.676503,-6.830567,0],[107.676516,-6.830586,0],[107.676583,-6.830684,0],[107.676602,-6.830901,0],[107.676591,-6.830959,0],[107.676576,-6.831037,0],[107.676536,-6.831191,0],[107.676557,-6.83129,0],[107.676577,-6.831312,0],[107.676639,-6.83138,0],[107.676849,-6.831521,0],[107.676906,-6.831559,0],[107.677007,-6.8316,0],[107.677145,-6.831657,0],[107.677377,-6.831698,0],[107.677395,-6.831701,0],[107.677507,-6.831691,0],[107.677606,-6.831619,0],[107.677756,-6.831383,0],[107.677854,-6.831112,0],[107.6779,-6.830984,0],[107.677942,-6.830731,0],[107.67796,-6.830675,0],[107.677977,-6.830622,0],[107.677997,-6.8306,0],[107.678043,-6.83055,0],[107.67811,-6.830522,0],[107.678124,-6.830531,0],[107.678217,-6.830585,0],[107.678231,-6.830603,0],[107.678305,-6.830702,0],[107.678544,-6.831351,0],[107.678604,-6.831452,0],[107.678705,-6.831621,0],[107.678776,-6.831702,0],[107.678911,-6.831738,0],[107.678913,-6.831738,0],[107.679147,-6.831737,0],[107.679193,-6.831721,0],[107.679312,-6.831681,0],[107.679445,-6.831584,0],[107.679449,-6.831581,0],[107.679449,-6.831581,0],[107.679455,-6.831571,0],[107.679523,-6.831463,0],[107.679626,-6.831345,0],[107.67988,-6.8312,0],[107.679882,-6.831199,0],[107.680281,-6.831125,0],[107.680281,-6.831125,0],[107.680552,-6.831006,0],[107.680734,-6.830951,0],[107.680972,-6.830944,0],[107.681165,-6.830939,0],[107.681439,-6.830974,0],[107.681556,-6.831027,0],[107.681558,-6.831029,0],[107.681634,-6.831108,0],[107.681734,-6.831234,0],[107.681903,-6.831342,0],[107.682193,-6.831403,0],[107.682297,-6.831385,0],[107.682314,-6.831361,0],[107.682534,-6.831047,0],[107.682621,-6.830922,0],[107.682663,-6.830846,0],[107.682796,-6.830605,0],[107.682907,-6.830432,0],[107.682928,-6.830342,0],[107.682799,-6.830288,0],[107.682739,-6.830262,0],[107.682707,-6.83018,0],[107.68273,-6.830135,0],[107.682827,-6.830108,0],[107.683226,-6.830187,0],[107.683304,-6.83021,0],[107.683528,-6.830275,0],[107.683623,-6.830332,0],[107.683648,-6.830347,0],[107.683685,-6.830369,0],[107.683737,-6.830401,0],[107.683839,-6.830454,0],[107.683971,-6.830463,0],[107.684217,-6.830398,0],[107.684375,-6.830292,0],[107.684408,-6.83027,0],[107.684575,-6.830143,0],[107.684693,-6.830106,0],[107.685019,-6.830249,0],[107.68504,-6.830258,0],[107.685202,-6.83032,0],[107.685514,-6.830337,0],[107.686102,-6.830478,0],[107.68638,-6.830521,0],[107.686423,-6.83053,0],[107.686675,-6.830583,0],[107.686981,-6.83069,0],[107.686982,-6.83069,0],[107.687232,-6.830905,0],[107.687303,-6.830959,0],[107.687373,-6.830959,0],[107.68748,-6.830782,0],[107.687576,-6.830623,0],[107.687646,-6.8305,0],[107.68768,-6.830442,0],[107.68777,-6.830387,0],[107.687881,-6.830341,0],[107.687928,-6.830314,0],[107.688021,-6.83026,0],[107.688039,-6.83025,0],[107.688146,-6.830177,0],[107.688277,-6.830086,0],[107.688459,-6.83004,0],[107.68846,-6.83004,0],[107.688631,-6.830039,0],[107.68872,-6.830108,0],[107.688813,-6.830181,0],[107.689009,-6.830335,0],[107.689177,-6.830461,0],[107.68932,-6.830514,0],[107.689408,-6.830505,0],[107.689436,-6.830477,0],[107.689613,-6.8303,0],[107.689728,-6.830186,0],[107.689758,-6.830145,0],[107.689807,-6.830078,0],[107.689846,-6.829978,0],[107.689836,-6.829906,0],[107.689556,-6.829676,0],[107.689498,-6.829628,0],[107.689418,-6.829538,0],[107.68941,-6.829529,0],[107.689408,-6.829519,0],[107.68939,-6.829447,0],[107.689391,-6.829445,0],[107.689537,-6.829257,0],[107.689679,-6.829252,0],[107.689994,-6.829241,0],[107.689994,-6.829244,0],[107.689979,-6.829367,0],[107.689251,-6.835442,0],[107.689659,-6.834975,0],[107.689767,-6.834958,0],[107.690005,-6.834998,0],[107.690045,-6.835002,0],[107.690169,-6.835015,0],[107.690299,-6.834969,0],[107.690552,-6.834875,0],[107.690552,-6.834875,0],[107.691037,-6.834852,0],[107.691668,-6.83483,0],[107.691797,-6.834751,0],[107.691914,-6.83468,0],[107.692028,-6.834723,0],[107.69209,-6.83474,0],[107.692171,-6.83479,0],[107.692283,-6.834856,0],[107.692343,-6.834897,0],[107.692424,-6.834993,0],[107.692499,-6.8351,0],[107.692515,-6.835194,0],[107.692709,-6.835222,0],[107.692726,-6.835222,0],[107.693155,-6.835302,0],[107.693362,-6.83536,0],[107.693497,-6.835398,0],[107.693645,-6.835443,0],[107.693758,-6.83548,0],[107.693783,-6.835491,0],[107.69391,-6.835558,0],[107.694042,-6.835616,0],[107.694138,-6.83568,0],[107.694145,-6.835684,0],[107.694239,-6.835743,0],[107.694345,-6.835816,0],[107.694386,-6.835839,0],[107.694488,-6.835909,0],[107.694596,-6.835989,0],[107.694653,-6.836063,0],[107.694727,-6.836124,0],[107.694848,-6.836226,0],[107.69485,-6.836227,0],[107.694887,-6.836252,0],[107.694967,-6.836304,0],[107.695092,-6.836333,0],[107.695325,-6.83624,0],[107.695349,-6.83623,0],[107.695366,-6.836227,0],[107.695686,-6.836174,0],[107.695768,-6.83617,0],[107.695809,-6.836168,0],[107.69612,-6.836346,0],[107.696354,-6.83648,0],[107.696556,-6.836481,0],[107.696565,-6.83648,0],[107.696622,-6.836474,0],[107.696669,-6.836474,0],[107.696735,-6.836475,0],[107.696912,-6.836506,0],[107.696976,-6.836517,0],[107.697145,-6.836526,0],[107.697254,-6.836532,0],[107.697287,-6.836539,0],[107.697385,-6.836558,0],[107.697766,-6.836687,0],[107.698438,-6.836719,0],[107.698449,-6.83672,0],[107.69853,-6.836723,0],[107.69861,-6.836759,0],[107.69882,-6.83686,0],[107.69898,-6.83693,0],[107.6994,-6.83701,0],[107.69954,-6.83706,0],[107.69963,-6.83711,0],[107.69976,-6.83696,0],[107.70006,-6.83707,0],[107.70017,-6.8371,0],[107.70024,-6.83715,0],[107.700306,-6.837198,0],[107.70035,-6.83723,0],[107.70044,-6.83734,0],[107.70049,-6.83739,0],[107.70056,-6.83749,0],[107.70062,-6.83758,0],[107.70069,-6.83771,0],[107.70085,-6.83792,0],[107.70091,-6.83801,0],[107.70104,-6.83822,0],[107.70115,-6.83836,0],[107.70119,-6.83841,0],[107.70161,-6.83863,0],[107.70181,-6.83873,0],[107.70218,-6.83893,0],[107.70255,-6.83917,0],[107.70277,-6.83935,0],[107.70305,-6.83964,0],[107.70324,-6.83993,0],[107.703287,-6.840029,0],[107.70334,-6.84014,0],[107.7034,-6.84026,0],[107.703432,-6.840251,0],[107.704019,-6.839518,0],[107.704142,-6.839364,0],[107.706462,-6.836465,0],[107.706446,-6.836432,0],[107.706445,-6.836339,0],[107.706498,-6.836038,0],[107.706537,-6.835949,0],[107.706557,-6.835922,0],[107.706595,-6.835681,0],[107.706596,-6.835672,0],[107.706628,-6.835532,0],[107.706643,-6.835469,0],[107.706674,-6.835372,0],[107.706692,-6.835341,0],[107.706802,-6.835251,0],[107.706896,-6.835188,0],[107.707,-6.835178,0],[107.707077,-6.835093,0],[107.707101,-6.835081,0],[107.707277,-6.835043,0],[107.707383,-6.834999,0],[107.707406,-6.834968,0],[107.707468,-6.834923,0],[107.707512,-6.834891,0],[107.707557,-6.834859,0],[107.707644,-6.834793,0],[107.707571,-6.834704,0],[107.707517,-6.834659,0],[107.707585,-6.834632,0],[107.707591,-6.834618,0],[107.707599,-6.834599,0],[107.707609,-6.834577,0],[107.707636,-6.834514,0],[107.707762,-6.834215,0],[107.70787,-6.834128,0],[107.708009,-6.834015,0],[107.708274,-6.83386,0],[107.708512,-6.833777,0],[107.708723,-6.833749,0],[107.708845,-6.833721,0],[107.709047,-6.833666,0],[107.709073,-6.833665,0],[107.709214,-6.833674,0],[107.709298,-6.833727,0],[107.709442,-6.833817,0],[107.709576,-6.833829,0],[107.70981,-6.833851,0],[107.710074,-6.833886,0],[107.710075,-6.833886,0],[107.710159,-6.833903,0],[107.71033,-6.83392,0],[107.710561,-6.833856,0],[107.710755,-6.833783,0],[107.711008,-6.833691,0],[107.711063,-6.833591,0],[107.71112,-6.833482,0],[107.711203,-6.833419,0],[107.711296,-6.833427,0],[107.711399,-6.83349,0],[107.711658,-6.833732,0],[107.711833,-6.833776,0],[107.712076,-6.833838,0],[107.712148,-6.833856,0],[107.712207,-6.833792,0],[107.712217,-6.833769,0],[107.712304,-6.833566,0],[107.712343,-6.833403,0],[107.712311,-6.833213,0],[107.712367,-6.833168,0],[107.712433,-6.833177,0],[107.712659,-6.83323,0],[107.712808,-6.833273,0],[107.71281,-6.83327,0],[107.71296,-6.83332,0],[107.71321,-6.83343,0],[107.713266,-6.833434,0],[107.713311,-6.833438,0],[107.71334,-6.83344,0],[107.713462,-6.83346,0],[107.71352,-6.83347,0],[107.713573,-6.833517,0],[107.7136,-6.83354,0],[107.713677,-6.833608,0],[107.71369,-6.83362,0],[107.71375,-6.83361,0],[107.713797,-6.833539,0],[107.71381,-6.83352,0],[107.71392,-6.83342,0],[107.713953,-6.833382,0],[107.713985,-6.833345,0],[107.71405,-6.83327,0],[107.71418,-6.83313,0],[107.714258,-6.833179,0],[107.71426,-6.83318,0],[107.71436,-6.83327,0],[107.714416,-6.833317,0],[107.71449,-6.83338,0],[107.71458,-6.83349,0],[107.7147,-6.8336,0],[107.71484,-6.83378,0],[107.71499,-6.83395,0],[107.71518,-6.83411,0],[107.71551,-6.8342,0],[107.71582,-6.8344,0],[107.715862,-6.834408,0],[107.71592,-6.83442,0],[107.715967,-6.834404,0],[107.71609,-6.83436,0],[107.71635,-6.8342,0],[107.716437,-6.834159,0],[107.71667,-6.83405,0],[107.71685,-6.83411,0],[107.71692,-6.8342,0],[107.71704,-6.83437,0],[107.71722,-6.83448,0],[107.71739,-6.834585,0],[107.71748,-6.83464,0],[107.71758,-6.83471,0],[107.717654,-6.834673,0],[107.71766,-6.83467,0],[107.71776,-6.83457,0],[107.71793,-6.8344,0],[107.71829,-6.8342,0],[107.7184,-6.83414,0],[107.71847,-6.83401,0],[107.7186,-6.83379,0],[107.71861,-6.833777,0],[107.71873,-6.83362,0],[107.71883,-6.83341,0],[107.718828,-6.833405,0],[107.719096,-6.833546,0],[107.719158,-6.833645,0],[107.719161,-6.833753,0],[107.719164,-6.833916,0],[107.719242,-6.834024,0],[107.719341,-6.834068,0],[107.7195,-6.834049,0],[107.719671,-6.833967,0],[107.719866,-6.833876,0],[107.719937,-6.83383,0],[107.720144,-6.833666,0],[107.720415,-6.833592,0],[107.720531,-6.833628,0],[107.720757,-6.833798,0],[107.720901,-6.834023,0],[107.721029,-6.83405,0],[107.721156,-6.834031,0],[107.721244,-6.833958,0],[107.721268,-6.833868,0],[107.721312,-6.833434,0],[107.721124,-6.833164,0],[107.721167,-6.833082,0],[107.721276,-6.832982,0],[107.721421,-6.832918,0],[107.721625,-6.832872,0],[107.721883,-6.832861,0],[107.721944,-6.832906,0],[107.721965,-6.832996,0],[107.722002,-6.833114,0],[107.722127,-6.833221,0],[107.722307,-6.833293,0],[107.722483,-6.833319,0],[107.722602,-6.833255,0],[107.722668,-6.833155,0],[107.722909,-6.832675,0],[107.723002,-6.832638,0],[107.723012,-6.832638,0],[107.723135,-6.832556,0],[107.723161,-6.832484,0],[107.723361,-6.832437,0],[107.723583,-6.832409,0],[107.723669,-6.832417,0],[107.723708,-6.83248,0],[107.72363,-6.832996,0],[107.723626,-6.833086,0],[107.723699,-6.833176,0],[107.723787,-6.833212,0],[107.724071,-6.83312,0],[107.724203,-6.83311,0],[107.724382,-6.833281,0],[107.724487,-6.833362,0],[107.72469,-6.833369,0],[107.724757,-6.833396,0],[107.724818,-6.833486,0],[107.724853,-6.833522,0],[107.724958,-6.833522,0],[107.725096,-6.833367,0],[107.725372,-6.833085,0],[107.725457,-6.832959,0],[107.725511,-6.832913,0],[107.725512,-6.832913,0],[107.725566,-6.832868,0],[107.725689,-6.832831,0],[107.725835,-6.83283,0],[107.725978,-6.832856,0],[107.726118,-6.832828,0],[107.726313,-6.832755,0],[107.726578,-6.832681,0],[107.726768,-6.832617,0],[107.727094,-6.832669,0],[107.727208,-6.832668,0],[107.727306,-6.832605,0],[107.727333,-6.832478,0],[107.727242,-6.832289,0],[107.727141,-6.832109,0],[107.727132,-6.832009,0],[107.727352,-6.831719,0],[107.727596,-6.831401,0],[107.727793,-6.831084,0],[107.727841,-6.830957,0],[107.727755,-6.830768,0],[107.727732,-6.83066,0],[107.727802,-6.830487,0],[107.727948,-6.830369,0],[107.728088,-6.830278,0],[107.728142,-6.830187,0],[107.728162,-6.830133,0],[107.728186,-6.830115,0],[107.728282,-6.830051,0],[107.728435,-6.829878,0],[107.728464,-6.829824,0],[107.72853,-6.829733,0],[107.728737,-6.829651,0],[107.729212,-6.829404,0],[107.729388,-6.829304,0],[107.729638,-6.829113,0],[107.729826,-6.828822,0],[107.729979,-6.828668,0],[107.73008,-6.828559,0],[107.730289,-6.828458,0],[107.730337,-6.828404,0],[107.730417,-6.82834,0],[107.730616,-6.828194,0],[107.730766,-6.828148,0],[107.730898,-6.828102,0],[107.730981,-6.828084,0],[107.731252,-6.828182,0],[107.731254,-6.828182,0],[107.731414,-6.828199,0],[107.731634,-6.828143,0],[107.731707,-6.828089,0],[107.73172,-6.82798,0],[107.731777,-6.827863,0],[107.73189,-6.827781,0],[107.73199,-6.827708,0],[107.732248,-6.827652,0],[107.73238,-6.827597,0],[107.732472,-6.827506,0],[107.7325,-6.827443,0],[107.732449,-6.827371,0],[107.732381,-6.827281,0],[107.732364,-6.8271,0],[107.732428,-6.826946,0],[107.73255,-6.826801,0],[107.732759,-6.826095,0],[107.732903,-6.825778,0],[107.732953,-6.825687,0],[107.732987,-6.825624,0],[107.733014,-6.825596,0],[107.733025,-6.825334,0],[107.733034,-6.825054,0],[107.733122,-6.824909,0],[107.733244,-6.8248,0],[107.733404,-6.824754,0],[107.73355,-6.824708,0],[107.733724,-6.82458,0],[107.733802,-6.824481,0],[107.733862,-6.824399,0],[107.73408,-6.824389,0],[107.734419,-6.824459,0],[107.734513,-6.824459,0],[107.734586,-6.824332,0],[107.734634,-6.824286,0],[107.734736,-6.824267,0],[107.734819,-6.824285,0],[107.73482,-6.824285,0],[107.734846,-6.824285,0],[107.735304,-6.824111,0],[107.735826,-6.823936,0],[107.736323,-6.823734,0],[107.736682,-6.823507,0],[107.736835,-6.82328,0],[107.736975,-6.823116,0],[107.737073,-6.82279,0],[107.737074,-6.822781,0],[107.737229,-6.822519,0],[107.737245,-6.822491,0],[107.737386,-6.822228,0],[107.737428,-6.821957,0],[107.737386,-6.821704,0],[107.737309,-6.821488,0],[107.737324,-6.821352,0],[107.737556,-6.821215,0],[107.737629,-6.821152,0],[107.737635,-6.820817,0],[107.737682,-6.820618,0],[107.737708,-6.820465,0],[107.737582,-6.820113,0],[107.737568,-6.82005,0],[107.737637,-6.819977,0],[107.737838,-6.819868,0],[107.737976,-6.819668,0],[107.738095,-6.819532,0],[107.738212,-6.819486,0],[107.738358,-6.819449,0],[107.738408,-6.81944,0],[107.738545,-6.819475,0],[107.738861,-6.819573,0],[107.739018,-6.819599,0],[107.739217,-6.819679,0],[107.739384,-6.81966,0],[107.739551,-6.819668,0],[107.739765,-6.819784,0],[107.7401,-6.819954,0],[107.740216,-6.819962,0],[107.740313,-6.819917,0],[107.740465,-6.819835,0],[107.741068,-6.819714,0],[107.741808,-6.819267,0],[107.742,-6.819284,0],[107.742322,-6.819336,0],[107.742418,-6.819426,0],[107.742422,-6.819428,0],[107.74249,-6.819471,0],[107.742537,-6.819452,0],[107.742626,-6.819379,0],[107.742862,-6.819206,0],[107.742942,-6.819134,0],[107.743003,-6.819079,0],[107.743298,-6.818824,0],[107.743447,-6.81867,0],[107.743879,-6.818306,0],[107.743855,-6.818171,0],[107.743796,-6.8181,0],[107.743757,-6.818054,0],[107.743571,-6.817811,0],[107.743563,-6.817693,0],[107.743607,-6.817603,0],[107.74372,-6.817476,0],[107.743857,-6.817339,0],[107.743898,-6.817068,0],[107.7439,-6.817068,0],[107.743923,-6.816817,0],[107.743894,-6.816724,0],[107.743859,-6.816667,0],[107.743795,-6.816588,0],[107.743752,-6.816488,0],[107.743743,-6.816339,0],[107.743785,-6.816302,0],[107.743836,-6.816257,0],[107.743896,-6.816272,0],[107.743994,-6.816346,0],[107.744073,-6.816388,0],[107.744135,-6.816323,0],[107.744272,-6.816127,0],[107.744299,-6.81611,0],[107.744468,-6.816035,0],[107.744748,-6.81598,0],[107.744847,-6.815935,0],[107.744971,-6.815842,0],[107.745097,-6.815676,0],[107.745219,-6.81558,0],[107.74569,-6.815086,0],[107.745693,-6.815084,0],[107.745765,-6.814729,0],[107.745846,-6.814437,0],[107.746157,-6.81365,0],[107.746069,-6.81365,0],[107.746044,-6.81365,0],[107.746015,-6.81365,0],[107.745949,-6.813649,0],[107.745681,-6.813646,0],[107.745681,-6.813646,0],[107.745522,-6.813644,0],[107.745291,-6.813626,0],[107.745026,-6.813605,0],[107.744551,-6.813631,0],[107.744455,-6.813636,0],[107.744311,-6.813644,0],[107.744289,-6.813645,0],[107.74428,-6.813646,0],[107.74427,-6.813646,0],[107.744051,-6.813688,0],[107.743813,-6.813733,0],[107.743416,-6.813865,0],[107.743332,-6.813872,0],[107.743332,-6.813872,0],[107.743095,-6.813894,0],[107.742287,-6.813882,0],[107.742001,-6.813874,0],[107.741737,-6.813867,0],[107.741165,-6.813796,0],[107.740906,-6.813769,0],[107.740662,-6.813743,0],[107.740288,-6.813514,0],[107.740004,-6.813224,0],[107.739624,-6.812838,0],[107.739395,-6.812775,0],[107.739098,-6.812742,0],[107.739097,-6.812742,0],[107.739097,-6.812742,0],[107.738961,-6.812772,0],[107.738823,-6.812803,0],[107.738556,-6.812867,0],[107.738449,-6.812892,0],[107.737923,-6.813033,0],[107.737883,-6.813046,0],[107.737625,-6.813131,0],[107.737586,-6.813149,0],[107.737511,-6.813184,0],[107.736021,-6.813635,0],[107.735581,-6.813769,0],[107.734589,-6.814013,0],[107.734419,-6.814076,0],[107.734314,-6.814115,0],[107.734039,-6.814192,0],[107.733536,-6.81427,0],[107.733536,-6.81427,0],[107.733536,-6.81427,0],[107.733093,-6.813996,0],[107.732975,-6.813852,0],[107.732746,-6.813571,0],[107.732674,-6.813484,0],[107.732607,-6.813415,0],[107.731964,-6.812759,0],[107.731355,-6.812237,0],[107.731155,-6.812066,0],[107.730983,-6.811976,0],[107.730354,-6.811649,0],[107.730049,-6.811532,0],[107.729813,-6.811441,0],[107.728666,-6.811209,0],[107.728203,-6.811116,0],[107.727881,-6.811046,0],[107.726854,-6.810826,0],[107.726853,-6.810826,0],[107.726853,-6.810826,0],[107.726529,-6.810823,0],[107.726524,-6.810823,0],[107.726518,-6.810824,0],[107.726517,-6.810824,0],[107.726516,-6.810825,0],[107.726491,-6.810829,0],[107.726462,-6.810835,0],[107.726454,-6.810837,0],[107.726444,-6.810839,0],[107.726381,-6.810851,0],[107.726353,-6.810857,0],[107.726256,-6.810876,0],[107.726212,-6.810885,0],[107.726155,-6.810495,0],[107.726111,-6.81019,0],[107.72599,-6.809357,0],[107.725886,-6.809008,0],[107.725838,-6.808849,0],[107.725792,-6.808474,0],[107.725731,-6.808292,0],[107.725693,-6.807986,0],[107.725699,-6.807957,0],[107.725762,-6.80767,0],[107.725823,-6.807398,0],[107.726097,-6.806659,0],[107.726387,-6.805876,0],[107.726242,-6.805057,0],[107.726151,-6.804731,0],[107.725998,-6.80439,0],[107.725739,-6.804046,0],[107.725441,-6.803659,0],[107.725128,-6.803339,0],[107.725075,-6.803262,0],[107.724891,-6.803078,0],[107.724762,-6.802949,0],[107.724503,-6.802686,0],[107.724228,-6.802374,0],[107.723801,-6.801994,0],[107.723389,-6.801671,0],[107.72329,-6.801594,0],[107.722298,-6.800813,0],[107.72197,-6.800549,0],[107.721848,-6.800489,0],[107.721428,-6.800384,0],[107.721192,-6.800409,0],[107.720604,-6.800473,0],[107.720223,-6.800481,0],[107.719765,-6.8004,0],[107.718735,-6.800116,0],[107.718308,-6.800035,0],[107.71798,-6.799964,0],[107.717667,-6.799812,0],[107.717201,-6.799575,0],[107.716889,-6.799448,0],[107.716713,-6.799369,0],[107.716408,-6.79921,0],[107.71521,-6.798744,0],[107.713707,-6.798357,0],[107.712578,-6.798053,0],[107.711868,-6.797841,0],[107.711395,-6.797608,0],[107.710838,-6.79718,0],[107.709793,-6.795714,0],[107.708626,-6.793916,0],[107.708359,-6.793445,0],[107.708023,-6.793155,0],[107.707649,-6.79294,0],[107.707504,-6.792911,0],[107.706886,-6.792918,0],[107.706284,-6.792864,0],[107.705628,-6.79292,0],[107.705368,-6.792944,0],[107.705025,-6.793016,0],[107.705025,-6.793003,0],[107.705025,-6.79299,0],[107.704796,-6.793022,0],[107.70427,-6.793038,0],[107.70369,-6.793022,0],[107.703377,-6.792976,0],[107.702911,-6.792894,0],[107.702324,-6.792809,0],[107.701843,-6.792802,0],[107.701676,-6.79281,0],[107.701111,-6.792962,0],[107.700722,-6.793182,0],[107.700356,-6.793408,0],[107.700119,-6.793625,0],[107.699799,-6.794121,0],[107.699257,-6.794753,0],[107.699082,-6.794891,0],[107.698906,-6.794892,0],[107.698448,-6.795023,0],[107.698052,-6.795024,0],[107.697754,-6.795072,0],[107.697319,-6.795059,0],[107.696869,-6.795059,0],[107.696396,-6.795146,0],[107.696007,-6.795172,0],[107.695572,-6.795228,0],[107.69503,-6.795437,0],[107.694176,-6.795706,0],[107.693894,-6.795791,0],[107.693443,-6.796009,0],[107.692833,-6.796285,0],[107.691918,-6.796701,0],[107.69191,-6.796726,0],[107.691673,-6.7968,0],[107.691406,-6.796985,0],[107.690903,-6.797202,0],[107.690621,-6.797412,0],[107.690201,-6.797599,0],[107.689591,-6.797918,0],[107.689255,-6.79799,0],[107.688904,-6.798253,0],[107.688904,-6.798253,0],[107.688904,-6.798253,0],[107.68866,-6.79824,0],[107.68821,-6.798359,0],[107.688019,-6.798347,0],[107.687836,-6.798174,0],[107.68737,-6.797644,0],[107.687203,-6.797422,0],[107.68692,-6.797096,0],[107.686577,-6.796794,0],[107.686272,-6.796555,0],[107.685791,-6.796137,0],[107.685387,-6.795895,0],[107.684815,-6.795512,0],[107.684425,-6.795302,0],[107.684242,-6.795216,0],[107.683815,-6.794936,0],[107.683525,-6.794704,0],[107.683281,-6.794454,0],[107.683248,-6.79418,0],[107.68297,-6.793132,0],[107.68297,-6.792963,0],[107.682909,-6.792269,0],[107.682494,-6.791692,0],[107.682188,-6.791495,0],[107.682186,-6.791494,0],[107.682185,-6.791493,0],[107.681668,-6.79125,0],[107.680962,-6.790729,0],[107.68084,-6.790638,0],[107.68042,-6.790564,0],[107.680138,-6.790407,0],[107.679985,-6.790297,0],[107.679779,-6.790092,0],[107.679459,-6.789803,0],[107.679192,-6.78949,0],[107.679001,-6.78928,0],[107.678291,-6.788843,0],[107.678398,-6.788024,0],[107.678055,-6.787172,0],[107.677384,-6.786047,0],[107.677184,-6.785818,0],[107.677184,-6.785818,0],[107.677184,-6.785817,0],[107.676961,-6.785646,0],[107.676953,-6.785639,0],[107.676945,-6.785633,0],[107.676733,-6.785433,0],[107.676689,-6.785369,0],[107.676682,-6.785359,0],[107.676674,-6.78535,0],[107.676604,-6.785259,0],[107.676603,-6.785256,0],[107.676601,-6.785254,0],[107.675987,-6.784819,0],[107.675331,-6.784278,0],[107.675324,-6.784271,0],[107.675317,-6.784264,0],[107.675003,-6.783951,0],[107.674736,-6.783787,0],[107.674545,-6.783502,0],[107.67424,-6.783213,0],[107.673943,-6.7829,0],[107.673615,-6.782536,0],[107.673386,-6.782262,0],[107.67305,-6.78191,0],[107.672608,-6.7813,0],[107.672043,-6.780667,0],[107.672073,-6.780092,0],[107.672356,-6.778529,0],[107.672356,-6.778529,0],[107.672356,-6.778528,0],[107.672356,-6.778527,0],[107.672313,-6.778015,0],[107.672295,-6.777792,0],[107.672203,-6.777398,0],[107.67202,-6.777144,0],[107.671119,-6.776357,0],[107.671105,-6.776344,0],[107.670853,-6.776364,0],[107.670456,-6.776635,0],[107.670067,-6.777099,0],[107.669319,-6.777221,0],[107.668411,-6.776805,0],[107.667687,-6.7763,0],[107.663986,-6.774693,0],[107.662506,-6.774112,0],[107.658379,-6.773237,0],[107.657288,-6.772969,0],[107.654701,-6.772702,0],[107.650771,-6.773281,0],[107.650771,-6.773281,0],[107.65077,-6.77328,0],[107.650732,-6.773254,0],[107.650724,-6.773248,0],[107.650716,-6.773243,0],[107.650505,-6.773154,0],[107.650322,-6.773076,0],[107.650284,-6.77306,0],[107.650281,-6.773055,0],[107.650277,-6.77305,0],[107.650198,-6.77294,0],[107.650145,-6.772829,0],[107.650145,-6.772828,0],[107.650144,-6.772826,0],[107.650058,-6.772645,0],[107.649991,-6.772612,0],[107.6499,-6.772568,0],[107.649737,-6.772556,0],[107.649736,-6.772556,0],[107.649736,-6.772556,0],[107.64958,-6.772511,0],[107.649575,-6.77251,0],[107.649566,-6.772505,0],[107.649433,-6.77243,0],[107.649306,-6.772392,0],[107.649306,-6.772392,0],[107.649306,-6.772392,0],[107.649106,-6.772483,0],[107.649101,-6.772486,0],[107.649099,-6.772487,0],[107.649098,-6.772487,0],[107.649098,-6.772487,0],[107.648992,-6.772494,0],[107.648596,-6.772502,0],[107.648042,-6.772521,0],[107.647862,-6.772527,0],[107.64769,-6.772527,0],[107.647171,-6.772537,0],[107.647125,-6.772542,0],[107.647124,-6.772542,0],[107.647123,-6.772542,0],[107.647076,-6.772557,0],[107.646908,-6.772608,0],[107.646417,-6.772749,0],[107.646382,-6.772759,0],[107.646313,-6.772779,0],[107.646184,-6.772826,0],[107.646179,-6.772828,0],[107.646169,-6.772831,0],[107.645978,-6.772888,0],[107.64593,-6.772892,0],[107.645771,-6.772904,0],[107.645377,-6.77287,0],[107.645183,-6.77288,0],[107.645061,-6.772932,0],[107.644745,-6.773091,0],[107.644739,-6.773094,0],[107.644737,-6.773096,0],[107.644736,-6.773096,0],[107.64442,-6.773217,0],[107.644236,-6.773275,0],[107.644066,-6.773366,0],[107.643845,-6.773493,0],[107.643684,-6.773585,0],[107.643481,-6.773683,0],[107.643395,-6.773755,0],[107.643339,-6.773801,0],[107.643335,-6.773809,0],[107.64333,-6.773817,0],[107.643318,-6.773839,0],[107.643269,-6.773927,0],[107.643212,-6.773995,0],[107.643178,-6.774036,0],[107.643137,-6.774055,0],[107.643125,-6.774061,0],[107.643114,-6.774066,0],[107.642616,-6.7743,0],[107.64225,-6.774271,0],[107.642243,-6.77424,0],[107.641968,-6.774233,0],[107.641617,-6.774322,0],[107.64122,-6.774267,0],[107.640617,-6.774263,0],[107.639328,-6.77442,0],[107.638542,-6.77446,0],[107.637978,-6.774363,0],[107.636557,-6.774389,0],[107.636004,-6.774398,0],[107.636003,-6.774398,0],[107.636003,-6.774398,0],[107.634943,-6.7741,0],[107.634936,-6.774098,0],[107.634929,-6.774095,0],[107.634676,-6.774012,0],[107.634451,-6.773963,0],[107.634433,-6.773959,0],[107.634433,-6.773959,0],[107.634201,-6.77396,0],[107.633889,-6.773976,0],[107.633619,-6.77399,0],[107.633556,-6.773994,0],[107.633471,-6.774,0],[107.632914,-6.773913,0],[107.632762,-6.7739,0],[107.632714,-6.773896,0],[107.632632,-6.773929,0],[107.632436,-6.774006,0],[107.632366,-6.77403,0],[107.632275,-6.774061,0],[107.632267,-6.77406,0],[107.632259,-6.77406,0],[107.632174,-6.774052,0],[107.631904,-6.773917,0],[107.631897,-6.773913,0],[107.631889,-6.773909,0],[107.631651,-6.773802,0],[107.631526,-6.773786,0],[107.631449,-6.773776,0],[107.631319,-6.773777,0],[107.631265,-6.773777,0],[107.631209,-6.773791,0],[107.630908,-6.773869,0],[107.630714,-6.773961,0],[107.630707,-6.773965,0],[107.630701,-6.773969,0],[107.630545,-6.774061,0],[107.630378,-6.774115,0],[107.630377,-6.774116,0],[107.630376,-6.774116,0],[107.630299,-6.774126,0],[107.630178,-6.774126,0],[107.629998,-6.774127,0],[107.629566,-6.774157,0],[107.62943,-6.774157,0],[107.629254,-6.774158,0],[107.629205,-6.774159,0],[107.629177,-6.774159,0],[107.62902,-6.774133,0],[107.628655,-6.774018,0],[107.628652,-6.774017,0],[107.628651,-6.774017,0],[107.628649,-6.774016,0],[107.628649,-6.774016,0],[107.628615,-6.774008,0],[107.628421,-6.773946,0],[107.628308,-6.773938,0],[107.628224,-6.773929,0],[107.628223,-6.773929,0],[107.628221,-6.773929,0],[107.627787,-6.773841,0],[107.627738,-6.773832,0],[107.627648,-6.773815,0],[107.627526,-6.773757,0],[107.627439,-6.773716,0],[107.627436,-6.773713,0],[107.627433,-6.77371,0],[107.627331,-6.773618,0],[107.627134,-6.773411,0],[107.626971,-6.773272,0],[107.626933,-6.77324,0],[107.626804,-6.773086,0],[107.626767,-6.773042,0],[107.626732,-6.772527,0],[107.626662,-6.772248,0],[107.626715,-6.772048,0],[107.62673,-6.771868,0],[107.626721,-6.771828,0],[107.62669,-6.771696,0],[107.626635,-6.771606,0],[107.626556,-6.771543,0],[107.626475,-6.77148,0],[107.626038,-6.77123,0],[107.625821,-6.771104,0],[107.625656,-6.770961,0],[107.625614,-6.7709,0],[107.625537,-6.77079,0],[107.625485,-6.770741,0],[107.625433,-6.770691,0],[107.625316,-6.770646,0],[107.625315,-6.770645,0],[107.625314,-6.770645,0],[107.625147,-6.770548,0],[107.625075,-6.770474,0],[107.624999,-6.770395,0],[107.624981,-6.770374,0],[107.624937,-6.770323,0],[107.624797,-6.770058,0],[107.624757,-6.769983,0],[107.624757,-6.769982,0],[107.624756,-6.769981,0],[107.624686,-6.769955,0],[107.624587,-6.769918,0],[107.624496,-6.769913,0],[107.624451,-6.76991,0],[107.624347,-6.769883,0],[107.624301,-6.769825,0],[107.624282,-6.769802,0],[107.62427,-6.769774,0],[107.624184,-6.769569,0],[107.624141,-6.769469,0],[107.624121,-6.769435,0],[107.624004,-6.769235,0],[107.62386,-6.769047,0],[107.62357,-6.768669,0],[107.623528,-6.768614,0],[107.623471,-6.768478,0],[107.623377,-6.768334,0],[107.623252,-6.768213,0],[107.623155,-6.768119,0],[107.623112,-6.768105,0],[107.623021,-6.768074,0],[107.622606,-6.76795,0],[107.622371,-6.767879,0],[107.62235,-6.767857,0],[107.621945,-6.767417,0],[107.621922,-6.767386,0],[107.621922,-6.767385,0],[107.621923,-6.767385,0],[107.621946,-6.767366,0],[107.62205,-6.767278,0],[107.622162,-6.767175,0],[107.622269,-6.767076,0],[107.622239,-6.767064,0],[107.6221,-6.767033,0],[107.622068,-6.767023,0],[107.621922,-6.766978,0],[107.621917,-6.766976,0],[107.621911,-6.766974,0],[107.621814,-6.766931,0],[107.621814,-6.766918,0],[107.621813,-6.766906,0],[107.621781,-6.766652,0],[107.621709,-6.766559,0],[107.621603,-6.766491,0],[107.62156,-6.766464,0],[107.621398,-6.766354,0],[107.621394,-6.766349,0],[107.621389,-6.766344,0],[107.621308,-6.766251,0],[107.621243,-6.766107,0],[107.621264,-6.766006,0],[107.621266,-6.766002,0],[107.621269,-6.765998,0],[107.62135,-6.765852,0],[107.621351,-6.76585,0],[107.621351,-6.765848,0],[107.621383,-6.765755,0],[107.621384,-6.76575,0],[107.621386,-6.765745,0],[107.621375,-6.765713,0],[107.621348,-6.765635,0],[107.621288,-6.765577,0],[107.621274,-6.765564,0],[107.62127,-6.765563,0],[107.621071,-6.76549,0],[107.620887,-6.765426,0],[107.62069,-6.765357,0],[107.620681,-6.765351,0],[107.620671,-6.765345,0],[107.620302,-6.765119,0],[107.620274,-6.765094,0],[107.620269,-6.765089,0],[107.620268,-6.765089,0],[107.620262,-6.765083,0],[107.620196,-6.764988,0],[107.620191,-6.764889,0],[107.620237,-6.764826,0],[107.620264,-6.764809,0],[107.620387,-6.764743,0],[107.620666,-6.764564,0],[107.620669,-6.764563,0],[107.620671,-6.764561,0],[107.620662,-6.764518,0],[107.620655,-6.764484,0],[107.62059,-6.764427,0],[107.620582,-6.76442,0],[107.620574,-6.764413,0],[107.620481,-6.764401,0],[107.620178,-6.764371,0],[107.620171,-6.764371,0],[107.620163,-6.76437,0],[107.620117,-6.764332,0],[107.620008,-6.764244,0],[107.619924,-6.764194,0],[107.619886,-6.764171,0],[107.61988,-6.76417,0],[107.619874,-6.764168,0],[107.619696,-6.764124,0],[107.619346,-6.764124,0],[107.619305,-6.764124,0],[107.61892,-6.764121,0],[107.618537,-6.764005,0],[107.618193,-6.763974,0],[107.618034,-6.763963,0],[107.61797,-6.763959,0],[107.61791,-6.763901,0],[107.617901,-6.763893,0],[107.617893,-6.763885,0],[107.617827,-6.763776,0],[107.61781,-6.763748,0],[107.617695,-6.763541,0],[107.61762,-6.763499,0],[107.617562,-6.763466,0],[107.617556,-6.763462,0],[107.61755,-6.763459,0],[107.617402,-6.763321,0],[107.617383,-6.763234,0],[107.617404,-6.763204,0],[107.617424,-6.763177,0],[107.617493,-6.763161,0],[107.617522,-6.763165,0],[107.617534,-6.763166,0],[107.617546,-6.763168,0],[107.618007,-6.763224,0],[107.618222,-6.763153,0],[107.618316,-6.763088,0],[107.618317,-6.763013,0],[107.618257,-6.762888,0],[107.618241,-6.762797,0],[107.618241,-6.762795,0],[107.618242,-6.762793,0],[107.618251,-6.762729,0],[107.618274,-6.762579,0],[107.618193,-6.762493,0],[107.617926,-6.762213,0],[107.61792,-6.762003,0],[107.61792,-6.762003,0],[107.617915,-6.761999,0],[107.617821,-6.761908,0],[107.617646,-6.76176,0],[107.617643,-6.761752,0],[107.617641,-6.761744,0],[107.617605,-6.761641,0],[107.617611,-6.761635,0],[107.617617,-6.76163,0],[107.617762,-6.761568,0],[107.618067,-6.761502,0],[107.618237,-6.761465,0],[107.61827,-6.761449,0],[107.61828,-6.761443,0],[107.618291,-6.761438,0],[107.618286,-6.761365,0],[107.618225,-6.761264,0],[107.618188,-6.761228,0],[107.61815,-6.76119,0],[107.618096,-6.761138,0],[107.618065,-6.76108,0],[107.61804,-6.761032,0],[107.618056,-6.760981,0],[107.618067,-6.760945,0],[107.618068,-6.760944,0],[107.618068,-6.760943,0],[107.618099,-6.760912,0],[107.618184,-6.760825,0],[107.618363,-6.760746,0],[107.618416,-6.760714,0],[107.618509,-6.760657,0],[107.61851,-6.760657,0],[107.618511,-6.760656,0],[107.618517,-6.760622,0],[107.618522,-6.760589,0],[107.618522,-6.760589,0],[107.618522,-6.760588,0],[107.618489,-6.760427,0],[107.618484,-6.760403,0],[107.618484,-6.7604,0],[107.618483,-6.760397,0],[107.618473,-6.760269,0],[107.618422,-6.76026,0],[107.618353,-6.760248,0],[107.618255,-6.76023,0],[107.617966,-6.760185,0],[107.617714,-6.760177,0],[107.617371,-6.760144,0],[107.617119,-6.7601,0],[107.616913,-6.760043,0],[107.616181,-6.759798,0],[107.615766,-6.759579,0],[107.615761,-6.759577,0],[107.61576,-6.759576,0],[107.615759,-6.759576,0],[107.615759,-6.759576,0],[107.615173,-6.75948,0],[107.613655,-6.759283,0],[107.612709,-6.759166,0],[107.611679,-6.759129,0],[107.610596,-6.759182,0],[107.609856,-6.759316,0],[107.609853,-6.759316,0],[107.609851,-6.759316,0],[107.608055,-6.759566,0],[107.605434,-6.760278,0],[107.604651,-6.760491,0],[107.600723,-6.761389,0],[107.600669,-6.761393,0],[107.60065,-6.761339,0],[107.600613,-6.761237,0],[107.600598,-6.761111,0],[107.600559,-6.761299,0],[107.60053,-6.76144,0],[107.60048,-6.76166,0],[107.60036,-6.76203,0],[107.59996,-6.7628,0],[107.59893,-6.7642,0],[107.59866,-6.76479,0],[107.598463,-6.765192,0],[107.59797,-6.7662,0],[107.59713,-6.76764,0],[107.59677,-6.7685,0],[107.59664,-6.76894,0],[107.59657,-6.76955,0],[107.59664,-6.76995,0],[107.59679,-6.77044,0],[107.59698,-6.7709,0],[107.59733,-6.77086,0],[107.59751,-6.77084,0],[107.59758,-6.77085,0],[107.59764,-6.7709,0],[107.59765,-6.77099,0],[107.59734,-6.77142,0],[107.59695,-6.77182,0],[107.59679,-6.77195,0],[107.59677,-6.77202,0],[107.59683,-6.77212,0],[107.59701,-6.77212,0],[107.59732,-6.77216,0],[107.59758,-6.77219,0],[107.59764,-6.77223,0],[107.59767,-6.77229,0],[107.59761,-6.77244,0],[107.59715,-6.77274,0],[107.59665,-6.77299,0],[107.59632,-6.77336,0],[107.59631,-6.77348,0],[107.59622,-6.77379,0],[107.59621,-6.77388,0],[107.59644,-6.7741,0],[107.59656,-6.77417,0],[107.59682,-6.77418,0],[107.59688,-6.77421,0],[107.59692,-6.7743,0],[107.59688,-6.7744,0],[107.59684,-6.77448,0],[107.59684,-6.77466,0],[107.59694,-6.77477,0],[107.59744,-6.77479,0],[107.59749,-6.77487,0],[107.59734,-6.77513,0],[107.59753,-6.77536,0],[107.59777,-6.77564,0],[107.59791,-6.77592,0],[107.59795,-6.77609,0],[107.59794,-6.7762,0],[107.59787,-6.77625,0],[107.59778,-6.77622,0],[107.59758,-6.77599,0],[107.59755,-6.7759,0],[107.59748,-6.77584,0],[107.59741,-6.77584,0],[107.59732,-6.77586,0],[107.59732,-6.77593,0],[107.59747,-6.77652,0],[107.59753,-6.7766,0],[107.59761,-6.77667,0],[107.59771,-6.77672,0],[107.59775,-6.7768,0],[107.59773,-6.77692,0],[107.59754,-6.77736,0],[107.59722,-6.77772,0],[107.59716,-6.7778,0],[107.59697,-6.77841,0],[107.59694,-6.77856,0],[107.59693,-6.77871,0],[107.59684,-6.77904,0],[107.59683,-6.77918,0],[107.59726,-6.77932,0],[107.59741,-6.77943,0],[107.59756,-6.77952,0],[107.59805,-6.77965,0],[107.59813,-6.7796,0],[107.59822,-6.77957,0],[107.59833,-6.77958,0],[107.59838,-6.77965,0],[107.59842,-6.7798,0],[107.59839,-6.78005,0],[107.59836,-6.78015,0],[107.59824,-6.78044,0],[107.59825,-6.78056,0],[107.59833,-6.78066,0],[107.59846,-6.78072,0],[107.59855,-6.78068,0],[107.5987,-6.78047,0],[107.59887,-6.78023,0],[107.59897,-6.78017,0],[107.59908,-6.78018,0],[107.5994,-6.78022,0],[107.59946,-6.78023,0],[107.59952,-6.78035,0],[107.5993,-6.7805,0],[107.5992,-6.78073,0],[107.59907,-6.78083,0],[107.59887,-6.78126,0],[107.59884,-6.78144,0],[107.59892,-6.78166,0],[107.59905,-6.78187,0],[107.59911,-6.78203,0],[107.59908,-6.78243,0],[107.59901,-6.78262,0],[107.59873,-6.78292,0],[107.59856,-6.78332,0],[107.59843,-6.78391,0],[107.59841,-6.78405,0],[107.59841,-6.78413,0],[107.5982,-6.78418,0],[107.59765,-6.78425,0],[107.59724,-6.78431,0],[107.5971,-6.7843,0],[107.59676,-6.78477,0],[107.59669,-6.78486,0],[107.59661,-6.785,0],[107.59657,-6.78506,0],[107.59622,-6.78523,0],[107.59607,-6.78525,0],[107.59596,-6.78527,0],[107.59556,-6.78559,0],[107.59548,-6.78564,0],[107.59532,-6.7858,0],[107.59523,-6.78595,0],[107.59518,-6.78624,0],[107.59516,-6.78643,0],[107.59518,-6.78656,0],[107.59525,-6.78666,0],[107.59526,-6.78678,0],[107.59509,-6.78699,0],[107.59504,-6.7871,0],[107.59502,-6.78727,0],[107.59502,-6.78737,0],[107.59496,-6.78757,0],[107.59488,-6.78781,0],[107.5948,-6.78797,0],[107.594754,-6.788146,0],[107.59473,-6.78824,0],[107.59469,-6.78842,0],[107.59467,-6.78851,0],[107.59467,-6.78868,0],[107.59467,-6.78893,0],[107.59459,-6.78917,0],[107.5945,-6.78966,0],[107.594473,-6.78978,0],[107.59442,-6.79002,0],[107.59439,-6.79024,0],[107.59441,-6.79032,0],[107.5945,-6.79044,0],[107.59467,-6.79069,0],[107.59473,-6.79083,0],[107.59471,-6.79092,0],[107.59444,-6.79118,0],[107.59434,-6.79137,0],[107.59432,-6.79149,0],[107.59429,-6.79176,0],[107.59417,-6.79205,0],[107.59412,-6.79222,0],[107.59401,-6.79239,0],[107.59391,-6.79248,0],[107.59385,-6.79268,0],[107.59373,-6.7931,0],[107.59365,-6.79339,0],[107.59352,-6.79369,0],[107.59344,-6.7939,0],[107.5934,-6.79416,0],[107.59348,-6.79456,0],[107.59327,-6.79488,0],[107.59305,-6.79538,0],[107.59292,-6.7957,0],[107.59285,-6.7958,0],[107.59282,-6.79628,0],[107.592784,-6.796496,0],[107.59271,-6.79694,0],[107.59263,-6.79738,0],[107.59256,-6.79767,0],[107.59252,-6.79794,0],[107.592519,-6.797947,0],[107.5925,-6.79807,0],[107.59246,-6.79862,0],[107.59242,-6.79876,0],[107.5923,-6.79917,0],[107.59224,-6.7995,0],[107.5922,-6.79964,0],[107.592096,-6.800071,0],[107.59206,-6.80022,0],[107.59196,-6.80054,0],[107.59195,-6.80066,0],[107.59186,-6.80081,0],[107.59177,-6.80089,0],[107.59159,-6.801,0],[107.59148,-6.80111,0],[107.59141,-6.80124,0],[107.591343,-6.801706,0],[107.59134,-6.80173,0],[107.59125,-6.80196,0],[107.59111,-6.80211,0],[107.59084,-6.80237,0],[107.59061,-6.80267,0],[107.59049,-6.80286,0],[107.59023,-6.80323,0],[107.59018,-6.80348,0],[107.590084,-6.803802,0],[107.59001,-6.80405,0],[107.58985,-6.80445,0],[107.58964,-6.80489,0],[107.58963,-6.80501,0],[107.58967,-6.80512,0],[107.5898,-6.80521,0],[107.59002,-6.80534,0],[107.59008,-6.8054,0],[107.590157,-6.805404,0],[107.59028,-6.80541,0],[107.59067,-6.80536,0],[107.59074,-6.80536,0],[107.59092,-6.80541,0],[107.59123,-6.80553,0],[107.59158,-6.80571,0],[107.59215,-6.806,0],[107.5925,-6.80612,0],[107.59284,-6.80628,0],[107.592945,-6.80635,0],[107.59308,-6.80644,0],[107.59318,-6.80646,0],[107.59338,-6.80652,0],[107.59345,-6.80663,0],[107.59345,-6.806632,0],[107.59349,-6.80679,0],[107.59346,-6.80776,0],[107.59343,-6.80789,0],[107.59344,-6.80801,0],[107.5937,-6.80817,0],[107.593717,-6.80818,0],[107.593807,-6.808231,0],[107.59438,-6.80856,0],[107.59457,-6.80884,0],[107.594662,-6.808895,0],[107.59502,-6.80911,0],[107.59546,-6.80957,0],[107.59554,-6.80961,0],[107.59604,-6.8099,0],[107.596263,-6.810084,0],[107.5965,-6.81028,0],[107.59669,-6.81038,0],[107.59694,-6.81041,0],[107.59706,-6.81044,0],[107.59713,-6.81053,0],[107.59713,-6.81066,0],[107.59712,-6.81095,0],[107.59716,-6.81102,0],[107.59729,-6.81111,0],[107.597432,-6.811157,0],[107.597433,-6.811418,0],[107.597396,-6.811533,0],[107.596776,-6.8119,0],[107.596557,-6.812064,0],[107.59675,-6.812394,0],[107.596883,-6.812627,0],[107.596926,-6.8128,0],[107.596963,-6.812973,0],[107.596982,-6.813176,0],[107.597705,-6.813112,0],[107.597878,-6.813093,0],[107.597883,-6.813244,0],[107.597898,-6.813637,0],[107.597858,-6.814774,0],[107.597815,-6.816297,0],[107.597777,-6.818701,0],[107.598059,-6.818715,0],[107.59837,-6.81873,0],[107.598316,-6.820162,0],[107.598446,-6.820165,0],[107.598736,-6.820173,0],[107.598867,-6.820221,0],[107.598905,-6.820351,0],[107.598948,-6.820501,0],[107.599055,-6.820625,0],[107.599214,-6.820786,0],[107.59924,-6.82085,0],[107.59918,-6.82098,0],[107.59921,-6.82116,0],[107.59924,-6.82131,0],[107.59915,-6.82141,0],[107.59907,-6.82157,0],[107.59902,-6.82248,0],[107.59902,-6.82254,0],[107.59895,-6.8227,0],[107.59885,-6.82286,0],[107.59848,-6.8235,0],[107.59835,-6.82377,0],[107.59829,-6.82397,0],[107.598297,-6.824004,0],[107.59834,-6.82422,0],[107.59832,-6.82437,0],[107.59819,-6.825,0],[107.59817,-6.82538,0],[107.59832,-6.82569,0],[107.5984,-6.82582,0],[107.59832,-6.8261,0],[107.59892,-6.82661,0],[107.598939,-6.826645,0],[107.59898,-6.82672,0],[107.59899,-6.82685,0],[107.59882,-6.82712,0],[107.59879,-6.82719,0],[107.59887,-6.82737,0],[107.59893,-6.82746,0],[107.59885,-6.82764,0],[107.59872,-6.82789,0],[107.59867,-6.82802,0],[107.598742,-6.828197,0],[107.59878,-6.82829,0],[107.59897,-6.82851,0],[107.59918,-6.8287,0],[107.599208,-6.828803,0],[107.59924,-6.82892,0],[107.59935,-6.82902,0],[107.59942,-6.82915,0],[107.599451,-6.829633,0],[107.59946,-6.82978,0],[107.59946,-6.82994,0],[107.59935,-6.83012,0],[107.59931,-6.83025,0],[107.5992,-6.83056,0],[107.599198,-6.830581,0],[107.59918,-6.83081,0],[107.5992,-6.83093,0],[107.59933,-6.83121,0],[107.599379,-6.831492,0],[107.59938,-6.8315,0],[107.59941,-6.83169,0],[107.59939,-6.83196,0],[107.59936,-6.83228,0],[107.599359,-6.832281,0],[107.59924,-6.83244,0],[107.5991,-6.83254,0],[107.59885,-6.83282,0],[107.59881,-6.83292,0],[107.598762,-6.832984,0],[107.59869,-6.83308,0],[107.59861,-6.83332,0],[107.59851,-6.83351,0],[107.59849,-6.83365,0],[107.59851,-6.83383,0],[107.59848,-6.83389,0],[107.5984,-6.83391,0],[107.59824,-6.83384,0],[107.59817,-6.83376,0],[107.59803,-6.83372,0],[107.59791,-6.83374,0],[107.59768,-6.83398,0],[107.59758,-6.83407,0],[107.59753,-6.83414,0],[107.59754,-6.83454,0],[107.59729,-6.8349,0],[107.59726,-6.83509,0],[107.5973,-6.83522,0],[107.59726,-6.83544,0],[107.59722,-6.83567,0],[107.59723,-6.835732,0],[107.59727,-6.83599,0],[107.59722,-6.83643,0],[107.59746,-6.83656,0],[107.59759,-6.836889,0],[107.597591,-6.836887,0],[107.597595,-6.836887,0],[107.597648,-6.836883,0],[107.597657,-6.836883,0],[107.597768,-6.836912,0],[107.597837,-6.836994,0],[107.597865,-6.837028,0],[107.597902,-6.837082,0],[107.597927,-6.837093,0],[107.597952,-6.837082,0],[107.597981,-6.837068,0],[107.598,-6.837083,0],[107.59803,-6.837088,0],[107.598083,-6.837083,0],[107.598069,-6.837111,0],[107.597973,-6.837187,0],[107.597909,-6.83725,0],[107.597865,-6.837309,0],[107.597844,-6.837345,0],[107.597806,-6.837416,0],[107.597775,-6.837547,0],[107.597758,-6.837618,0],[107.597743,-6.837686,0],[107.597705,-6.837821,0],[107.597671,-6.837911,0],[107.597646,-6.837987,0],[107.597625,-6.83804,0],[107.597614,-6.838073,0],[107.59761,-6.838097,0],[107.597612,-6.838122,0],[107.597617,-6.838147,0],[107.597646,-6.838172,0],[107.597674,-6.838217,0],[107.597694,-6.838258,0],[107.597703,-6.838315,0],[107.597709,-6.838395,0],[107.597715,-6.838532,0],[107.597679,-6.838588,0],[107.597608,-6.838654,0],[107.597537,-6.838707,0],[107.597331,-6.838803,0],[107.597177,-6.838874,0],[107.597016,-6.838963,0],[107.596951,-6.839011,0],[107.596906,-6.83904,0],[107.596838,-6.839109,0],[107.596796,-6.839198,0],[107.596775,-6.839275,0],[107.596784,-6.83932,0],[107.596799,-6.839415,0],[107.596775,-6.839525,0],[107.59674,-6.839606,0],[107.596694,-6.839611,0],[107.596668,-6.839647,0],[107.596582,-6.839802,0],[107.596543,-6.839876,0],[107.596469,-6.839945,0],[107.596427,-6.839989,0],[107.59643,-6.840046,0],[107.596436,-6.840076,0],[107.59649,-6.84012,0],[107.596502,-6.84015,0],[107.596496,-6.840242,0],[107.596406,-6.840325,0],[107.596398,-6.840412,0],[107.596383,-6.840528,0],[107.596374,-6.840611,0],[107.596356,-6.840786,0],[107.596356,-6.840852,0],[107.596365,-6.840929,0],[107.596386,-6.841001,0],[107.596392,-6.841054,0],[107.59638,-6.841152,0],[107.596398,-6.841298,0],[107.596418,-6.841473,0],[107.596439,-6.841619,0],[107.596472,-6.841861,0],[107.596659,-6.841929,0],[107.596683,-6.841863,0],[107.596951,-6.841926,0],[107.597037,-6.841949,0],[107.597299,-6.842146,0],[107.597436,-6.841988,0],[107.597581,-6.841976,0],[107.597909,-6.841963,0],[107.597899,-6.842024,0],[107.597839,-6.842358,0],[107.598699,-6.842558,0],[107.598699,-6.842552,0],[107.598701,-6.842527,0],[107.598728,-6.842142,0],[107.598743,-6.842054,0],[107.59882,-6.842059,0],[107.598856,-6.842061,0],[107.598883,-6.842066,0],[107.599255,-6.842076,0],[107.599608,-6.842094,0],[107.59971,-6.842101,0],[107.599718,-6.842102,0],[107.599892,-6.84214,0],[107.599942,-6.842197,0],[107.599955,-6.842318,0],[107.599957,-6.842334,0],[107.599929,-6.842779,0],[107.599925,-6.842799,0],[107.600235,-6.84242,0],[107.600521,-6.842174,0],[107.600706,-6.841999,0],[107.600974,-6.84181,0],[107.601277,-6.84161,0],[107.601598,-6.841381,0],[107.601827,-6.841196,0],[107.601873,-6.84116,0],[107.602537,-6.84146,0],[107.603098,-6.841749,0],[107.603547,-6.841967,0],[107.603787,-6.842058,0],[107.604045,-6.842157,0],[107.604048,-6.842158,0],[107.604044,-6.842173,0],[107.604043,-6.84218,0],[107.604033,-6.84223,0],[107.604025,-6.842269,0],[107.604009,-6.842303,0],[107.603999,-6.842326,0],[107.603956,-6.842419,0],[107.603939,-6.842437,0],[107.603868,-6.842508,0],[107.60379,-6.842575,0],[107.60368,-6.842669,0],[107.603664,-6.842693,0],[107.603554,-6.842857,0],[107.603521,-6.842923,0],[107.603507,-6.842951,0],[107.603415,-6.843181,0],[107.603341,-6.843541,0],[107.603341,-6.843549,0],[107.603312,-6.84386,0],[107.603262,-6.843958,0],[107.60322,-6.844042,0],[107.603111,-6.844192,0],[107.603065,-6.844255,0],[107.602986,-6.844412,0],[107.602989,-6.844578,0],[107.602989,-6.844579,0],[107.603031,-6.844874,0],[107.603031,-6.844876,0],[107.603029,-6.844884,0],[107.60301,-6.844956,0],[107.602949,-6.845206,0],[107.602918,-6.845331,0],[107.602858,-6.845516,0],[107.602838,-6.845607,0],[107.60283,-6.845643,0],[107.602831,-6.845644,0],[107.602857,-6.845796,0],[107.602864,-6.845831,0],[107.602875,-6.845884,0],[107.602875,-6.845884,0],[107.60289,-6.845893,0],[107.602924,-6.845922,0],[107.602939,-6.845935,0],[107.602967,-6.845981,0],[107.603022,-6.846073,0],[107.603022,-6.846073,0],[107.603017,-6.846104,0],[107.603008,-6.846169,0],[107.602959,-6.846487,0],[107.602948,-6.84656,0],[107.602948,-6.846561,0],[107.602957,-6.846711,0],[107.602966,-6.846879,0],[107.602972,-6.846967,0],[107.602988,-6.847241,0],[107.602992,-6.847321,0],[107.602993,-6.847335,0],[107.602989,-6.847418,0],[107.602962,-6.847938,0],[107.602917,-6.848022,0],[107.602844,-6.848057,0],[107.60258,-6.84815,0],[107.602535,-6.848204,0],[107.602518,-6.848225,0],[107.602517,-6.848225,0],[107.602324,-6.848653,0],[107.602266,-6.848782,0],[107.602274,-6.848864,0],[107.602292,-6.849051,0],[107.602374,-6.849281,0],[107.602394,-6.849336,0],[107.602474,-6.849526,0],[107.602511,-6.849615,0],[107.602486,-6.849661,0],[107.602445,-6.849731,0],[107.602426,-6.849765,0],[107.602356,-6.849891,0],[107.602261,-6.850207,0],[107.602267,-6.850291,0],[107.602268,-6.850304,0],[107.602275,-6.850386,0],[107.602288,-6.850548,0],[107.602291,-6.850594,0],[107.602211,-6.850956,0],[107.602211,-6.850956,0],[107.602224,-6.851094,0],[107.602238,-6.85125,0],[107.602248,-6.851444,0],[107.60223,-6.851511,0],[107.60221,-6.851586,0],[107.602149,-6.851668,0],[107.602103,-6.851713,0],[107.602069,-6.851746,0],[107.601978,-6.851834,0],[107.601829,-6.851934,0],[107.601783,-6.851964,0],[107.601779,-6.851963,0],[107.601754,-6.851954,0],[107.601749,-6.851955,0],[107.601675,-6.851983,0],[107.601643,-6.852022,0],[107.601614,-6.852057,0],[107.601612,-6.852084,0],[107.601607,-6.852148,0],[107.60166,-6.85225,0],[107.601712,-6.852364,0],[107.601715,-6.852372,0],[107.601803,-6.852568,0],[107.602005,-6.85322,0],[107.602048,-6.85336,0],[107.602038,-6.853383,0],[107.601993,-6.853489,0],[107.60191,-6.853544,0],[107.601558,-6.853771,0],[107.601507,-6.853882,0],[107.601439,-6.854093,0],[107.601412,-6.854175,0],[107.601263,-6.854304,0],[107.601262,-6.854305,0],[107.600973,-6.854479,0],[107.600939,-6.854639,0],[107.600955,-6.854826,0],[107.600958,-6.854863,0],[107.600965,-6.854941,0],[107.600973,-6.855061,0],[107.600976,-6.85511,0],[107.600978,-6.855128,0],[107.600963,-6.855178,0],[107.600943,-6.855247,0],[107.600931,-6.855287,0],[107.60099,-6.855299,0],[107.601174,-6.855334,0],[107.601548,-6.855531,0],[107.60181,-6.855697,0],[107.601923,-6.85581,0],[107.602066,-6.855894,0],[107.602191,-6.855917,0],[107.602334,-6.855953,0],[107.602589,-6.856013,0],[107.602806,-6.856194,0],[107.603369,-6.856375,0],[107.603601,-6.856465,0],[107.603721,-6.856506,0],[107.603722,-6.856506,0],[107.603785,-6.856465,0],[107.603821,-6.856417,0],[107.603868,-6.856417,0],[107.603916,-6.856524,0],[107.603952,-6.856602,0],[107.603999,-6.856685,0],[107.604077,-6.85672,0],[107.604344,-6.856804,0],[107.604561,-6.856883,0],[107.604793,-6.856985,0],[107.604725,-6.857042,0],[107.604689,-6.857072,0],[107.604607,-6.857139,0],[107.604504,-6.857211,0],[107.604454,-6.857245,0],[107.604443,-6.857257,0],[107.604307,-6.857409,0],[107.604249,-6.857586,0],[107.604244,-6.857793,0],[107.60427,-6.857956,0],[107.604286,-6.858002,0],[107.604318,-6.8581,0],[107.604346,-6.858183,0],[107.60436,-6.858318,0],[107.604386,-6.858549,0],[107.604459,-6.858686,0],[107.604511,-6.858872,0],[107.60454,-6.858921,0],[107.60459,-6.858997,0],[107.604597,-6.859012,0],[107.60461,-6.859106,0],[107.604558,-6.859207,0],[107.604543,-6.859352,0],[107.604543,-6.859352,0],[107.604591,-6.859335,0],[107.604595,-6.859333,0],[107.604608,-6.859329,0],[107.604614,-6.859326,0],[107.604639,-6.859315,0],[107.604671,-6.859308,0],[107.604802,-6.859252,0],[107.604987,-6.859172,0],[107.605032,-6.859107,0],[107.605079,-6.858978,0],[107.605088,-6.858952,0],[107.60517,-6.858723,0],[107.605216,-6.858595,0],[107.605241,-6.858576,0],[107.605268,-6.858555,0],[107.605509,-6.858383,0],[107.605588,-6.858328,0],[107.605617,-6.858317,0],[107.605701,-6.858285,0],[107.605745,-6.858319,0],[107.605756,-6.858328,0],[107.605846,-6.858414,0],[107.605877,-6.858424,0],[107.605939,-6.858415,0],[107.605975,-6.85841,0],[107.606039,-6.858384,0],[107.606073,-6.858354,0],[107.606187,-6.858165,0],[107.606198,-6.858137,0],[107.606208,-6.858017,0],[107.606208,-6.858008,0],[107.606207,-6.85797,0],[107.606212,-6.85793,0],[107.606224,-6.857834,0],[107.60623,-6.857785,0],[107.606245,-6.857748,0],[107.606316,-6.857684,0],[107.606407,-6.857669,0],[107.606558,-6.857747,0],[107.606572,-6.857754,0],[107.606573,-6.857755,0],[107.606595,-6.857785,0],[107.606633,-6.857809,0],[107.606657,-6.857823,0],[107.606674,-6.857813,0],[107.606697,-6.857799,0],[107.606716,-6.857768,0],[107.606743,-6.857695,0],[107.606777,-6.857591,0],[107.606815,-6.857477,0],[107.606845,-6.857426,0],[107.60685,-6.857417,0],[107.606879,-6.85738,0],[107.607011,-6.857213,0],[107.607017,-6.857179,0],[107.607026,-6.857134,0],[107.60704,-6.857053,0],[107.60715,-6.856959,0],[107.607196,-6.85692,0],[107.607224,-6.856903,0],[107.607228,-6.856901,0],[107.607241,-6.856889,0],[107.607296,-6.856845,0],[107.607318,-6.856828,0],[107.607321,-6.856825,0],[107.607352,-6.856799,0],[107.607376,-6.856765,0],[107.607431,-6.856688,0],[107.607434,-6.856677,0],[107.607479,-6.85652,0],[107.607483,-6.856505,0],[107.607503,-6.856415,0],[107.607529,-6.856332,0],[107.607533,-6.856322,0],[107.607553,-6.856265,0],[107.607566,-6.856227,0],[107.607637,-6.856069,0],[107.60769,-6.855953,0],[107.60773,-6.855907,0],[107.607732,-6.855904,0],[107.607732,-6.855904,0],[107.607732,-6.855904,0],[107.60776,-6.855884,0],[107.607827,-6.855884,0],[107.608021,-6.855895,0],[107.608184,-6.855904,0],[107.608207,-6.855886,0],[107.608288,-6.855825,0],[107.608544,-6.855646,0],[107.60867,-6.855559,0],[107.608751,-6.85552,0],[107.608768,-6.855512,0],[107.608815,-6.85549,0],[107.609082,-6.855355,0],[107.609184,-6.855242,0],[107.609185,-6.855227,0],[107.609185,-6.855224,0],[107.609177,-6.855184,0],[107.609171,-6.855155,0],[107.609141,-6.855123,0],[107.609113,-6.855093,0],[107.609101,-6.855084,0],[107.609084,-6.855073,0],[107.608998,-6.855013,0],[107.608935,-6.854969,0],[107.608866,-6.854881,0],[107.608867,-6.854878,0],[107.608885,-6.854789,0],[107.608915,-6.854752,0],[107.608939,-6.854721,0],[107.608967,-6.854685,0],[107.609082,-6.854558,0],[107.609083,-6.854557,0],[107.609088,-6.85446,0],[107.609077,-6.854416,0],[107.609049,-6.8543,0],[107.609049,-6.854299,0],[107.609055,-6.854265,0],[107.609102,-6.85419,0],[107.609193,-6.854123,0],[107.60924,-6.854088,0],[107.609248,-6.854083,0],[107.609288,-6.854056,0],[107.609341,-6.854004,0],[107.609357,-6.853988,0],[107.609366,-6.853957,0],[107.609387,-6.853881,0],[107.609387,-6.85388,0],[107.609385,-6.853871,0],[107.609379,-6.853842,0],[107.60937,-6.853793,0],[107.609359,-6.853739,0],[107.609343,-6.853609,0],[107.609342,-6.853602,0],[107.609342,-6.853601,0],[107.609352,-6.853575,0],[107.609393,-6.853463,0],[107.60941,-6.853417,0],[107.609431,-6.853361,0],[107.609467,-6.85323,0],[107.609606,-6.852722,0],[107.609606,-6.852721,0],[107.609614,-6.85241,0],[107.609713,-6.852308,0],[107.6098,-6.852191,0],[107.60985,-6.852128,0],[107.609868,-6.852105,0],[107.609952,-6.851996,0],[107.609972,-6.851971,0],[107.609978,-6.851959,0],[107.61003,-6.851861,0],[107.610063,-6.851825,0],[107.610117,-6.851765,0],[107.610422,-6.851563,0],[107.610631,-6.851436,0],[107.610699,-6.851351,0],[107.61072,-6.851324,0],[107.610725,-6.851316,0],[107.610732,-6.851305,0],[107.610765,-6.851253,0],[107.610864,-6.851126,0],[107.610873,-6.851114,0],[107.61088,-6.851106,0],[107.610898,-6.851069,0],[107.610937,-6.850991,0],[107.610977,-6.850893,0],[107.611004,-6.850866,0],[107.611009,-6.850862,0],[107.611018,-6.85086,0],[107.611081,-6.850846,0],[107.611102,-6.850844,0],[107.611132,-6.850839,0],[107.611217,-6.850806,0],[107.611291,-6.850761,0],[107.611292,-6.850761,0],[107.611292,-6.850761,0],[107.611328,-6.850729,0],[107.611392,-6.850646,0],[107.611402,-6.850633,0],[107.611428,-6.850589,0],[107.611473,-6.850479,0],[107.611473,-6.85046,0],[107.611474,-6.850237,0],[107.611389,-6.850113,0],[107.611389,-6.85011,0],[107.611392,-6.850055,0],[107.611393,-6.850033,0]]]]},"properties":{"kd_propinsi":"32","kd_dati2":"17","kd_kecamatan":"001","nm_kecamatan":"Lembang"}},{"type":"Feature","geometry":{"type":"MultiPolygon","coordinates":[[[[107.589652,-6.850779,0],[107.589652,-6.85077,0],[107.589653,-6.850762,0],[107.589653,-6.850761,0],[107.589656,-6.850754,0],[107.589708,-6.850641,0],[107.589709,-6.850588,0],[107.58971,-6.850585,0],[107.589697,-6.850571,0],[107.589677,-6.850548,0],[107.589625,-6.850518,0],[107.589584,-6.850498,0],[107.589545,-6.85048,0],[107.58953,-6.85047,0],[107.589467,-6.850394,0],[107.589465,-6.850391,0],[107.589447,-6.850337,0],[107.589446,-6.850292,0],[107.589445,-6.850273,0],[107.589445,-6.85027,0],[107.589457,-6.850182,0],[107.589459,-6.850158,0],[107.589462,-6.850133,0],[107.589462,-6.850132,0],[107.589444,-6.850042,0],[107.589444,-6.850041,0],[107.589444,-6.85002,0],[107.589444,-6.850012,0],[107.589481,-6.84989,0],[107.589504,-6.849854,0],[107.589544,-6.849793,0],[107.589582,-6.8497,0],[107.589586,-6.849678,0],[107.58959,-6.849658,0],[107.589594,-6.849645,0],[107.589618,-6.849574,0],[107.58964,-6.849549,0],[107.589647,-6.849546,0],[107.589687,-6.849526,0],[107.589753,-6.849516,0],[107.589786,-6.849521,0],[107.589829,-6.849528,0],[107.589916,-6.849538,0],[107.589955,-6.849529,0],[107.59006,-6.849499,0],[107.590062,-6.849498,0],[107.590063,-6.849498,0],[107.590161,-6.849348,0],[107.590179,-6.849321,0],[107.590185,-6.849308,0],[107.590275,-6.849247,0],[107.590301,-6.84923,0],[107.590339,-6.849205,0],[107.590344,-6.849197,0],[107.590355,-6.849167,0],[107.59037,-6.849129,0],[107.590383,-6.849122,0],[107.590428,-6.849098,0],[107.590604,-6.849156,0],[107.590642,-6.849157,0],[107.59077,-6.849084,0],[107.590781,-6.849076,0],[107.590819,-6.849049,0],[107.590943,-6.848969,0],[107.59096,-6.848937,0],[107.59098,-6.848901,0],[107.59098,-6.848901,0],[107.591014,-6.848771,0],[107.591077,-6.848529,0],[107.591104,-6.848425,0],[107.59112,-6.848355,0],[107.591167,-6.848233,0],[107.591249,-6.84814,0],[107.591262,-6.848131,0],[107.591385,-6.848068,0],[107.591524,-6.848022,0],[107.591585,-6.847976,0],[107.591632,-6.847884,0],[107.591685,-6.847843,0],[107.59174,-6.847837,0],[107.591852,-6.847794,0],[107.59187,-6.84778,0],[107.591926,-6.847705,0],[107.591924,-6.847646,0],[107.591914,-6.847631,0],[107.591887,-6.847569,0],[107.591931,-6.847526,0],[107.591986,-6.847513,0],[107.592045,-6.847459,0],[107.59205,-6.847452,0],[107.592191,-6.847346,0],[107.592211,-6.847334,0],[107.59224,-6.847318,0],[107.592277,-6.847298,0],[107.592304,-6.847284,0],[107.592366,-6.847228,0],[107.592472,-6.847111,0],[107.592544,-6.847003,0],[107.592551,-6.846924,0],[107.592537,-6.846889,0],[107.59254,-6.846829,0],[107.592587,-6.846745,0],[107.592768,-6.846533,0],[107.592897,-6.846352,0],[107.592989,-6.8462,0],[107.593077,-6.846028,0],[107.593078,-6.846026,0],[107.593122,-6.845918,0],[107.593122,-6.845918,0],[107.59313,-6.845772,0],[107.593129,-6.845771,0],[107.593059,-6.845624,0],[107.59303,-6.84558,0],[107.593015,-6.845545,0],[107.592993,-6.845495,0],[107.592981,-6.845373,0],[107.593004,-6.845318,0],[107.593015,-6.845311,0],[107.593054,-6.845311,0],[107.593059,-6.845312,0],[107.5931,-6.845321,0],[107.593126,-6.845303,0],[107.593147,-6.845279,0],[107.593158,-6.845265,0],[107.59316,-6.845248,0],[107.593168,-6.845165,0],[107.593159,-6.845075,0],[107.593156,-6.845038,0],[107.593204,-6.844847,0],[107.593403,-6.844655,0],[107.593506,-6.844558,0],[107.593552,-6.844515,0],[107.593659,-6.844444,0],[107.593777,-6.844417,0],[107.593795,-6.844413,0],[107.593958,-6.844355,0],[107.594012,-6.844245,0],[107.594013,-6.844245,0],[107.593988,-6.844096,0],[107.593985,-6.84404,0],[107.593985,-6.844039,0],[107.593991,-6.844016,0],[107.594,-6.843979,0],[107.594155,-6.84396,0],[107.594239,-6.843916,0],[107.594271,-6.84388,0],[107.594308,-6.843801,0],[107.594328,-6.843758,0],[107.594376,-6.843647,0],[107.594588,-6.843239,0],[107.594591,-6.843235,0],[107.594594,-6.843229,0],[107.594626,-6.843187,0],[107.59464,-6.843168,0],[107.594645,-6.843057,0],[107.594638,-6.843033,0],[107.594632,-6.843013,0],[107.594602,-6.842959,0],[107.594555,-6.842877,0],[107.594553,-6.842874,0],[107.594505,-6.842785,0],[107.594483,-6.842749,0],[107.59441,-6.842718,0],[107.594342,-6.84269,0],[107.594299,-6.842672,0],[107.594269,-6.842659,0],[107.594172,-6.842599,0],[107.59409,-6.842508,0],[107.594079,-6.842489,0],[107.594072,-6.842475,0],[107.594035,-6.842389,0],[107.594016,-6.842345,0],[107.594016,-6.842343,0],[107.594007,-6.842252,0],[107.594007,-6.842249,0],[107.594022,-6.842179,0],[107.594054,-6.842087,0],[107.594059,-6.842079,0],[107.594113,-6.842053,0],[107.594242,-6.841991,0],[107.594253,-6.841988,0],[107.594255,-6.841988,0],[107.594365,-6.841942,0],[107.594416,-6.841876,0],[107.594431,-6.841737,0],[107.594428,-6.841434,0],[107.594474,-6.841347,0],[107.594498,-6.841302,0],[107.594521,-6.841258,0],[107.594639,-6.84113,0],[107.594677,-6.841098,0],[107.594698,-6.84108,0],[107.594698,-6.84108,0],[107.594707,-6.841073,0],[107.594744,-6.841041,0],[107.594771,-6.840993,0],[107.594784,-6.840977,0],[107.594805,-6.840952,0],[107.594858,-6.840909,0],[107.594913,-6.840866,0],[107.595037,-6.840766,0],[107.595064,-6.840754,0],[107.595084,-6.840744,0],[107.595349,-6.840677,0],[107.595396,-6.840651,0],[107.59542,-6.840637,0],[107.595445,-6.840555,0],[107.595458,-6.840512,0],[107.595459,-6.840508,0],[107.595465,-6.840496,0],[107.595518,-6.840385,0],[107.595577,-6.84033,0],[107.595642,-6.840269,0],[107.595692,-6.84021,0],[107.595736,-6.840159,0],[107.595761,-6.840069,0],[107.595773,-6.840026,0],[107.595773,-6.840026,0],[107.595791,-6.83986,0],[107.595827,-6.839773,0],[107.595853,-6.839709,0],[107.595896,-6.839637,0],[107.595952,-6.839542,0],[107.59608,-6.839399,0],[107.596255,-6.839205,0],[107.596315,-6.838988,0],[107.596402,-6.838824,0],[107.596443,-6.838783,0],[107.596533,-6.838692,0],[107.596635,-6.838648,0],[107.596669,-6.838633,0],[107.596688,-6.838625,0],[107.596977,-6.838577,0],[107.597027,-6.838573,0],[107.597292,-6.838552,0],[107.597316,-6.838481,0],[107.597317,-6.838479,0],[107.597281,-6.838366,0],[107.597278,-6.838359,0],[107.597122,-6.838026,0],[107.597122,-6.838024,0],[107.597153,-6.837891,0],[107.597245,-6.837781,0],[107.597457,-6.837508,0],[107.597506,-6.837291,0],[107.597451,-6.837063,0],[107.597451,-6.837062,0],[107.597513,-6.836973,0],[107.59759,-6.836889,0],[107.59746,-6.83656,0],[107.59722,-6.83643,0],[107.59727,-6.83599,0],[107.59723,-6.835732,0],[107.59722,-6.83567,0],[107.59726,-6.83544,0],[107.5973,-6.83522,0],[107.59726,-6.83509,0],[107.59729,-6.8349,0],[107.59754,-6.83454,0],[107.59753,-6.83414,0],[107.59758,-6.83407,0],[107.59768,-6.83398,0],[107.59791,-6.83374,0],[107.59803,-6.83372,0],[107.59817,-6.83376,0],[107.59824,-6.83384,0],[107.5984,-6.83391,0],[107.59848,-6.83389,0],[107.59851,-6.83383,0],[107.59849,-6.83365,0],[107.59851,-6.83351,0],[107.59861,-6.83332,0],[107.59869,-6.83308,0],[107.598762,-6.832984,0],[107.59881,-6.83292,0],[107.59885,-6.83282,0],[107.5991,-6.83254,0],[107.59924,-6.83244,0],[107.599359,-6.832281,0],[107.59936,-6.83228,0],[107.59939,-6.83196,0],[107.59941,-6.83169,0],[107.59938,-6.8315,0],[107.599379,-6.831492,0],[107.59933,-6.83121,0],[107.5992,-6.83093,0],[107.59918,-6.83081,0],[107.599198,-6.830581,0],[107.5992,-6.83056,0],[107.59931,-6.83025,0],[107.59935,-6.83012,0],[107.59946,-6.82994,0],[107.59946,-6.82978,0],[107.599451,-6.829633,0],[107.59942,-6.82915,0],[107.59935,-6.82902,0],[107.59924,-6.82892,0],[107.599208,-6.828803,0],[107.59918,-6.8287,0],[107.59897,-6.82851,0],[107.59878,-6.82829,0],[107.598742,-6.828197,0],[107.59867,-6.82802,0],[107.59872,-6.82789,0],[107.59885,-6.82764,0],[107.59893,-6.82746,0],[107.59887,-6.82737,0],[107.59879,-6.82719,0],[107.59882,-6.82712,0],[107.59899,-6.82685,0],[107.59898,-6.82672,0],[107.598939,-6.826645,0],[107.59892,-6.82661,0],[107.59832,-6.8261,0],[107.5984,-6.82582,0],[107.59832,-6.82569,0],[107.59817,-6.82538,0],[107.59819,-6.825,0],[107.59832,-6.82437,0],[107.59834,-6.82422,0],[107.598297,-6.824004,0],[107.59829,-6.82397,0],[107.59835,-6.82377,0],[107.59848,-6.8235,0],[107.59885,-6.82286,0],[107.59895,-6.8227,0],[107.59902,-6.82254,0],[107.59902,-6.82248,0],[107.59907,-6.82157,0],[107.59915,-6.82141,0],[107.59924,-6.82131,0],[107.59921,-6.82116,0],[107.59918,-6.82098,0],[107.59924,-6.82085,0],[107.599214,-6.820786,0],[107.599055,-6.820625,0],[107.598948,-6.820501,0],[107.598905,-6.820351,0],[107.598867,-6.820221,0],[107.598736,-6.820173,0],[107.598446,-6.820165,0],[107.598316,-6.820162,0],[107.59837,-6.81873,0],[107.598059,-6.818715,0],[107.597777,-6.818701,0],[107.597815,-6.816297,0],[107.597858,-6.814774,0],[107.597898,-6.813637,0],[107.597883,-6.813244,0],[107.597878,-6.813093,0],[107.597705,-6.813112,0],[107.596982,-6.813176,0],[107.596963,-6.812973,0],[107.596926,-6.8128,0],[107.596883,-6.812627,0],[107.59675,-6.812394,0],[107.596557,-6.812064,0],[107.596776,-6.8119,0],[107.597396,-6.811533,0],[107.597433,-6.811418,0],[107.597432,-6.811157,0],[107.59729,-6.81111,0],[107.59716,-6.81102,0],[107.59712,-6.81095,0],[107.59713,-6.81066,0],[107.59713,-6.81053,0],[107.59706,-6.81044,0],[107.59694,-6.81041,0],[107.59669,-6.81038,0],[107.5965,-6.81028,0],[107.596263,-6.810084,0],[107.59604,-6.8099,0],[107.59554,-6.80961,0],[107.59546,-6.80957,0],[107.59502,-6.80911,0],[107.594662,-6.808895,0],[107.59457,-6.80884,0],[107.59438,-6.80856,0],[107.593807,-6.808231,0],[107.593717,-6.80818,0],[107.5937,-6.80817,0],[107.59344,-6.80801,0],[107.59343,-6.80789,0],[107.59346,-6.80776,0],[107.59349,-6.80679,0],[107.59345,-6.806632,0],[107.59345,-6.80663,0],[107.59338,-6.80652,0],[107.59318,-6.80646,0],[107.59308,-6.80644,0],[107.592945,-6.80635,0],[107.59284,-6.80628,0],[107.5925,-6.80612,0],[107.59215,-6.806,0],[107.59158,-6.80571,0],[107.59123,-6.80553,0],[107.59092,-6.80541,0],[107.59074,-6.80536,0],[107.59067,-6.80536,0],[107.59028,-6.80541,0],[107.590157,-6.805404,0],[107.59008,-6.8054,0],[107.59002,-6.80534,0],[107.5898,-6.80521,0],[107.58967,-6.80512,0],[107.58963,-6.80501,0],[107.58964,-6.80489,0],[107.58985,-6.80445,0],[107.59001,-6.80405,0],[107.590084,-6.803802,0],[107.59018,-6.80348,0],[107.59023,-6.80323,0],[107.59049,-6.80286,0],[107.59061,-6.80267,0],[107.59084,-6.80237,0],[107.59111,-6.80211,0],[107.59125,-6.80196,0],[107.59134,-6.80173,0],[107.591343,-6.801706,0],[107.59141,-6.80124,0],[107.59148,-6.80111,0],[107.59159,-6.801,0],[107.59177,-6.80089,0],[107.59186,-6.80081,0],[107.59195,-6.80066,0],[107.59196,-6.80054,0],[107.59206,-6.80022,0],[107.592096,-6.800071,0],[107.5922,-6.79964,0],[107.59224,-6.7995,0],[107.5923,-6.79917,0],[107.59242,-6.79876,0],[107.59246,-6.79862,0],[107.5925,-6.79807,0],[107.592519,-6.797947,0],[107.59252,-6.79794,0],[107.59256,-6.79767,0],[107.59263,-6.79738,0],[107.59271,-6.79694,0],[107.592784,-6.796496,0],[107.59282,-6.79628,0],[107.59285,-6.7958,0],[107.59292,-6.7957,0],[107.59305,-6.79538,0],[107.59327,-6.79488,0],[107.59348,-6.79456,0],[107.5934,-6.79416,0],[107.59344,-6.7939,0],[107.59352,-6.79369,0],[107.59365,-6.79339,0],[107.59373,-6.7931,0],[107.59385,-6.79268,0],[107.59391,-6.79248,0],[107.59401,-6.79239,0],[107.59412,-6.79222,0],[107.59417,-6.79205,0],[107.59429,-6.79176,0],[107.59432,-6.79149,0],[107.59434,-6.79137,0],[107.59444,-6.79118,0],[107.59471,-6.79092,0],[107.59473,-6.79083,0],[107.59467,-6.79069,0],[107.5945,-6.79044,0],[107.59441,-6.79032,0],[107.59439,-6.79024,0],[107.59442,-6.79002,0],[107.594473,-6.78978,0],[107.5945,-6.78966,0],[107.59459,-6.78917,0],[107.59467,-6.78893,0],[107.59467,-6.78868,0],[107.59467,-6.78851,0],[107.59469,-6.78842,0],[107.59473,-6.78824,0],[107.594754,-6.788146,0],[107.5948,-6.78797,0],[107.59488,-6.78781,0],[107.59496,-6.78757,0],[107.59502,-6.78737,0],[107.59502,-6.78727,0],[107.59504,-6.7871,0],[107.59509,-6.78699,0],[107.59526,-6.78678,0],[107.59525,-6.78666,0],[107.59518,-6.78656,0],[107.59516,-6.78643,0],[107.59518,-6.78624,0],[107.59523,-6.78595,0],[107.59532,-6.7858,0],[107.59548,-6.78564,0],[107.59556,-6.78559,0],[107.59596,-6.78527,0],[107.59607,-6.78525,0],[107.59622,-6.78523,0],[107.59657,-6.78506,0],[107.59661,-6.785,0],[107.59669,-6.78486,0],[107.59676,-6.78477,0],[107.5971,-6.7843,0],[107.59724,-6.78431,0],[107.59765,-6.78425,0],[107.5982,-6.78418,0],[107.59841,-6.78413,0],[107.59841,-6.78405,0],[107.59843,-6.78391,0],[107.59856,-6.78332,0],[107.59873,-6.78292,0],[107.59901,-6.78262,0],[107.59908,-6.78243,0],[107.59911,-6.78203,0],[107.59905,-6.78187,0],[107.59892,-6.78166,0],[107.59884,-6.78144,0],[107.59887,-6.78126,0],[107.59907,-6.78083,0],[107.5992,-6.78073,0],[107.5993,-6.7805,0],[107.59952,-6.78035,0],[107.59946,-6.78023,0],[107.5994,-6.78022,0],[107.59908,-6.78018,0],[107.59897,-6.78017,0],[107.59887,-6.78023,0],[107.5987,-6.78047,0],[107.59855,-6.78068,0],[107.59846,-6.78072,0],[107.59833,-6.78066,0],[107.59825,-6.78056,0],[107.59824,-6.78044,0],[107.59836,-6.78015,0],[107.59839,-6.78005,0],[107.59842,-6.7798,0],[107.59838,-6.77965,0],[107.59833,-6.77958,0],[107.59822,-6.77957,0],[107.59813,-6.7796,0],[107.59805,-6.77965,0],[107.59756,-6.77952,0],[107.59741,-6.77943,0],[107.59726,-6.77932,0],[107.59683,-6.77918,0],[107.59684,-6.77904,0],[107.59693,-6.77871,0],[107.59694,-6.77856,0],[107.59697,-6.77841,0],[107.59716,-6.7778,0],[107.59722,-6.77772,0],[107.59754,-6.77736,0],[107.59773,-6.77692,0],[107.59775,-6.7768,0],[107.59771,-6.77672,0],[107.59761,-6.77667,0],[107.59753,-6.7766,0],[107.59747,-6.77652,0],[107.59732,-6.77593,0],[107.59732,-6.77586,0],[107.59741,-6.77584,0],[107.59748,-6.77584,0],[107.59755,-6.7759,0],[107.59758,-6.77599,0],[107.59778,-6.77622,0],[107.59787,-6.77625,0],[107.59794,-6.7762,0],[107.59795,-6.77609,0],[107.59791,-6.77592,0],[107.59777,-6.77564,0],[107.59753,-6.77536,0],[107.59734,-6.77513,0],[107.59749,-6.77487,0],[107.59744,-6.77479,0],[107.59694,-6.77477,0],[107.59684,-6.77466,0],[107.59684,-6.77448,0],[107.59688,-6.7744,0],[107.59692,-6.7743,0],[107.59688,-6.77421,0],[107.59682,-6.77418,0],[107.59656,-6.77417,0],[107.59644,-6.7741,0],[107.59621,-6.77388,0],[107.59622,-6.77379,0],[107.59631,-6.77348,0],[107.59632,-6.77336,0],[107.59665,-6.77299,0],[107.59715,-6.77274,0],[107.59761,-6.77244,0],[107.59767,-6.77229,0],[107.59764,-6.77223,0],[107.59758,-6.77219,0],[107.59732,-6.77216,0],[107.59701,-6.77212,0],[107.59683,-6.77212,0],[107.59677,-6.77202,0],[107.59679,-6.77195,0],[107.59695,-6.77182,0],[107.59734,-6.77142,0],[107.59765,-6.77099,0],[107.59764,-6.7709,0],[107.59758,-6.77085,0],[107.59751,-6.77084,0],[107.59733,-6.77086,0],[107.59698,-6.7709,0],[107.59679,-6.77044,0],[107.59664,-6.76995,0],[107.59657,-6.76955,0],[107.59664,-6.76894,0],[107.59677,-6.7685,0],[107.59713,-6.76764,0],[107.59797,-6.7662,0],[107.598463,-6.765192,0],[107.59866,-6.76479,0],[107.59893,-6.7642,0],[107.59996,-6.7628,0],[107.60036,-6.76203,0],[107.60048,-6.76166,0],[107.60053,-6.76144,0],[107.600559,-6.761299,0],[107.600598,-6.761111,0],[107.600597,-6.761104,0],[107.600596,-6.761097,0],[107.600576,-6.760934,0],[107.60056,-6.760803,0],[107.600547,-6.760692,0],[107.600543,-6.760662,0],[107.600414,-6.760319,0],[107.600351,-6.760137,0],[107.600347,-6.760126,0],[107.600343,-6.760115,0],[107.600315,-6.760035,0],[107.600243,-6.759803,0],[107.600201,-6.759623,0],[107.600176,-6.759515,0],[107.600138,-6.759333,0],[107.600112,-6.759173,0],[107.600089,-6.75903,0],[107.600066,-6.758887,0],[107.599977,-6.758348,0],[107.599877,-6.758168,0],[107.599854,-6.758106,0],[107.599798,-6.757951,0],[107.599987,-6.75692,0],[107.600004,-6.756838,0],[107.600005,-6.756835,0],[107.600005,-6.756832,0],[107.600016,-6.756791,0],[107.600079,-6.756536,0],[107.600123,-6.756355,0],[107.600138,-6.756296,0],[107.600219,-6.756087,0],[107.60033,-6.755868,0],[107.600425,-6.755682,0],[107.600537,-6.755462,0],[107.600564,-6.7554,0],[107.600577,-6.755371,0],[107.600583,-6.755339,0],[107.600621,-6.755153,0],[107.600658,-6.754973,0],[107.600697,-6.754783,0],[107.600803,-6.754458,0],[107.600964,-6.753978,0],[107.60104,-6.75386,0],[107.601041,-6.75386,0],[107.601042,-6.753859,0],[107.601164,-6.753783,0],[107.601172,-6.753778,0],[107.601172,-6.753778,0],[107.601388,-6.753722,0],[107.601487,-6.753644,0],[107.601495,-6.753638,0],[107.601503,-6.753632,0],[107.601504,-6.753631,0],[107.60152,-6.753608,0],[107.601685,-6.753377,0],[107.601816,-6.753223,0],[107.602016,-6.753095,0],[107.602096,-6.753083,0],[107.60245,-6.75303,0],[107.60281,-6.752883,0],[107.602988,-6.752765,0],[107.603149,-6.752547,0],[107.603259,-6.752348,0],[107.603322,-6.752304,0],[107.603453,-6.752211,0],[107.603507,-6.752175,0],[107.603612,-6.752093,0],[107.603692,-6.751695,0],[107.603705,-6.751625,0],[107.603724,-6.751523,0],[107.60375,-6.751279,0],[107.60375,-6.75127,0],[107.60375,-6.751262,0],[107.603751,-6.751089,0],[107.603706,-6.750954,0],[107.603552,-6.750792,0],[107.603445,-6.750684,0],[107.603439,-6.750675,0],[107.603432,-6.750666,0],[107.603392,-6.750549,0],[107.603393,-6.750542,0],[107.603394,-6.750534,0],[107.603397,-6.750504,0],[107.603443,-6.750458,0],[107.603444,-6.750456,0],[107.603445,-6.750454,0],[107.603449,-6.750449,0],[107.603485,-6.750432,0],[107.603485,-6.750432,0],[107.603488,-6.750431,0],[107.603497,-6.750431,0],[107.603556,-6.75043,0],[107.60361,-6.75043,0],[107.603652,-6.750425,0],[107.603693,-6.750421,0],[107.603695,-6.750421,0],[107.603697,-6.750421,0],[107.603767,-6.750384,0],[107.603811,-6.750312,0],[107.603839,-6.750248,0],[107.603857,-6.750214,0],[107.603877,-6.750176,0],[107.603894,-6.750148,0],[107.603916,-6.750112,0],[107.603941,-6.750049,0],[107.603942,-6.750049,0],[107.603943,-6.750049,0],[107.603943,-6.750049,0],[107.603954,-6.750004,0],[107.603963,-6.749958,0],[107.603967,-6.749866,0],[107.603971,-6.749777,0],[107.603973,-6.749706,0],[107.603977,-6.749606,0],[107.603985,-6.749578,0],[107.603986,-6.749574,0],[107.603987,-6.74957,0],[107.60413,-6.749352,0],[107.604177,-6.749243,0],[107.604166,-6.749168,0],[107.604165,-6.749162,0],[107.604165,-6.749162,0],[107.604095,-6.74909,0],[107.604095,-6.74909,0],[107.604094,-6.74909,0],[107.604093,-6.749089,0],[107.604015,-6.749036,0],[107.604015,-6.749035,0],[107.604015,-6.749035,0],[107.604005,-6.748901,0],[107.604013,-6.748806,0],[107.604026,-6.748648,0],[107.60403,-6.748539,0],[107.604036,-6.748385,0],[107.60403,-6.748105,0],[107.604027,-6.747943,0],[107.604028,-6.747937,0],[107.604029,-6.747931,0],[107.604032,-6.747907,0],[107.604033,-6.747904,0],[107.604034,-6.747902,0],[107.603867,-6.746697,0],[107.603745,-6.746143,0],[107.603615,-6.745554,0],[107.603325,-6.744912,0],[107.603226,-6.74396,0],[107.60315,-6.743102,0],[107.602959,-6.742317,0],[107.602638,-6.741341,0],[107.602089,-6.739979,0],[107.602028,-6.739893,0],[107.601944,-6.739738,0],[107.601807,-6.739447,0],[107.601784,-6.739205,0],[107.601791,-6.738925,0],[107.601814,-6.738678,0],[107.601822,-6.738621,0],[107.60199,-6.738273,0],[107.602005,-6.73824,0],[107.602135,-6.737896,0],[107.602142,-6.737863,0],[107.602173,-6.737583,0],[107.602173,-6.737552,0],[107.602203,-6.737374,0],[107.602242,-6.737123,0],[107.602364,-6.736642,0],[107.602387,-6.73638,0],[107.602379,-6.736352,0],[107.602356,-6.736108,0],[107.602272,-6.735844,0],[107.602173,-6.735591,0],[107.601845,-6.734888,0],[107.601532,-6.733912,0],[107.601382,-6.733583,0],[107.601143,-6.733057,0],[107.600731,-6.732368,0],[107.600372,-6.731797,0],[107.600039,-6.731373,0],[107.600037,-6.731371,0],[107.600036,-6.73137,0],[107.599902,-6.731292,0],[107.599434,-6.731016,0],[107.598412,-6.730474,0],[107.597237,-6.729884,0],[107.597006,-6.729796,0],[107.595871,-6.729367,0],[107.5951,-6.729046,0],[107.594627,-6.728849,0],[107.594542,-6.728818,0],[107.593773,-6.728544,0],[107.593254,-6.728511,0],[107.592966,-6.728482,0],[107.592793,-6.728456,0],[107.592657,-6.728439,0],[107.592531,-6.728427,0],[107.592264,-6.728415,0],[107.592148,-6.728408,0],[107.592026,-6.728403,0],[107.591865,-6.728394,0],[107.591691,-6.728363,0],[107.591529,-6.72831,0],[107.591279,-6.728227,0],[107.591118,-6.728175,0],[107.590958,-6.728113,0],[107.590799,-6.728047,0],[107.590604,-6.727956,0],[107.59048,-6.727894,0],[107.590303,-6.7278,0],[107.590223,-6.727709,0],[107.590113,-6.727661,0],[107.589999,-6.727618,0],[107.58989,-6.727614,0],[107.589742,-6.727633,0],[107.589561,-6.727666,0],[107.58939,-6.727685,0],[107.589162,-6.727728,0],[107.588924,-6.727766,0],[107.58869,-6.727766,0],[107.588462,-6.727737,0],[107.588262,-6.727704,0],[107.588067,-6.727652,0],[107.587858,-6.727594,0],[107.587677,-6.727556,0],[107.587444,-6.727528,0],[107.587153,-6.727523,0],[107.586749,-6.727514,0],[107.586359,-6.72749,0],[107.586159,-6.727452,0],[107.586083,-6.727409,0],[107.586016,-6.727328,0],[107.585929,-6.727208,0],[107.585798,-6.727115,0],[107.58561,-6.727015,0],[107.585372,-6.726901,0],[107.585046,-6.726785,0],[107.584844,-6.726708,0],[107.584839,-6.726706,0],[107.584813,-6.726698,0],[107.584736,-6.726673,0],[107.584644,-6.726654,0],[107.584553,-6.726649,0],[107.584449,-6.726658,0],[107.584346,-6.726666,0],[107.584189,-6.726692,0],[107.584051,-6.726718,0],[107.583863,-6.726763,0],[107.583754,-6.726804,0],[107.583675,-6.726858,0],[107.583578,-6.726956,0],[107.583452,-6.727068,0],[107.583349,-6.72718,0],[107.583204,-6.727306,0],[107.583121,-6.727379,0],[107.583018,-6.727463,0],[107.582932,-6.727515,0],[107.582823,-6.727539,0],[107.582647,-6.727555,0],[107.582562,-6.727555,0],[107.582436,-6.72757,0],[107.582283,-6.727598,0],[107.582169,-6.727622,0],[107.582048,-6.727653,0],[107.581895,-6.727713,0],[107.581781,-6.727758,0],[107.581684,-6.727796,0],[107.581612,-6.727836,0],[107.581541,-6.727886,0],[107.581467,-6.727948,0],[107.581386,-6.728012,0],[107.581303,-6.728065,0],[107.581055,-6.72816,0],[107.580884,-6.728212,0],[107.580737,-6.72826,0],[107.580627,-6.72831,0],[107.580499,-6.728386,0],[107.58038,-6.728479,0],[107.580166,-6.72864,0],[107.579805,-6.728854,0],[107.579728,-6.728889,0],[107.579559,-6.728952,0],[107.579235,-6.729079,0],[107.579003,-6.729186,0],[107.578789,-6.729275,0],[107.578554,-6.729359,0],[107.578369,-6.729409,0],[107.578078,-6.7295,0],[107.577855,-6.729585,0],[107.577727,-6.729659,0],[107.577551,-6.729793,0],[107.577456,-6.729891,0],[107.577352,-6.730031,0],[107.577217,-6.730223,0],[107.577197,-6.730251,0],[107.576912,-6.730712,0],[107.57676,-6.730879,0],[107.576641,-6.731012,0],[107.576478,-6.731149,0],[107.576299,-6.731247,0],[107.576133,-6.731343,0],[107.575942,-6.731479,0],[107.575808,-6.731587,0],[107.575716,-6.731691,0],[107.575666,-6.731789,0],[107.575621,-6.731911,0],[107.575562,-6.73211,0],[107.575478,-6.732425,0],[107.575399,-6.732696,0],[107.575398,-6.732699,0],[107.5753,-6.732919,0],[107.57519,-6.733127,0],[107.575011,-6.733416,0],[107.574729,-6.733779,0],[107.574524,-6.733978,0],[107.574411,-6.734159,0],[107.574321,-6.734278,0],[107.574211,-6.734388,0],[107.574113,-6.734481,0],[107.573961,-6.734597,0],[107.573667,-6.73476,0],[107.573486,-6.734834,0],[107.573319,-6.734885,0],[107.573185,-6.734909,0],[107.573004,-6.734962,0],[107.572795,-6.735046,0],[107.572599,-6.735123,0],[107.572453,-6.735206,0],[107.572174,-6.7354,0],[107.572029,-6.735503,0],[107.571936,-6.735569,0],[107.571713,-6.735718,0],[107.571543,-6.735837,0],[107.571433,-6.735929,0],[107.571341,-6.736024,0],[107.571267,-6.736069,0],[107.571139,-6.736107,0],[107.570994,-6.736139,0],[107.570969,-6.736148,0],[107.570955,-6.736188,0],[107.570936,-6.736262,0],[107.570903,-6.736517,0],[107.5709,-6.736541,0],[107.570885,-6.736707,0],[107.570883,-6.736779,0],[107.570879,-6.736901,0],[107.570876,-6.737124,0],[107.570848,-6.737536,0],[107.570852,-6.737638,0],[107.570834,-6.737704,0],[107.570808,-6.737772,0],[107.57076,-6.737846,0],[107.57073,-6.737924,0],[107.570709,-6.738025,0],[107.570695,-6.738162,0],[107.570689,-6.738349,0],[107.570696,-6.73854,0],[107.5707,-6.738623,0],[107.570686,-6.738801,0],[107.57065,-6.738965,0],[107.570525,-6.739316,0],[107.570424,-6.739473,0],[107.570106,-6.739916,0],[107.569951,-6.740104,0],[107.569856,-6.740226,0],[107.569835,-6.740303,0],[107.569829,-6.740354,0],[107.56985,-6.740499,0],[107.569856,-6.74069,0],[107.569808,-6.740958,0],[107.569799,-6.741074,0],[107.569775,-6.741195,0],[107.569737,-6.741311,0],[107.569656,-6.741457,0],[107.569517,-6.741654,0],[107.569241,-6.742,0],[107.569136,-6.74215,0],[107.568866,-6.742517,0],[107.568611,-6.742845,0],[107.568571,-6.742897,0],[107.568449,-6.743028,0],[107.568366,-6.743129,0],[107.568336,-6.743212,0],[107.568309,-6.743417,0],[107.568309,-6.74342,0],[107.568292,-6.743894,0],[107.568309,-6.744048,0],[107.568336,-6.744292,0],[107.568372,-6.744506,0],[107.568422,-6.744797,0],[107.56844,-6.744996,0],[107.568443,-6.745071,0],[107.568446,-6.745199,0],[107.568458,-6.745321,0],[107.568474,-6.745492,0],[107.568482,-6.745559,0],[107.568488,-6.745696,0],[107.568479,-6.745803,0],[107.56844,-6.745975,0],[107.568398,-6.7461,0],[107.568345,-6.746228,0],[107.568297,-6.746347,0],[107.56827,-6.746448,0],[107.568256,-6.746561,0],[107.568262,-6.746743,0],[107.568279,-6.746888,0],[107.568259,-6.747043,0],[107.568188,-6.747274,0],[107.568125,-6.74748,0],[107.568032,-6.747659,0],[107.567925,-6.747813,0],[107.567783,-6.748004,0],[107.567528,-6.748307,0],[107.567423,-6.748451,0],[107.567351,-6.748539,0],[107.567269,-6.748611,0],[107.567191,-6.748668,0],[107.567141,-6.748709,0],[107.567102,-6.748759,0],[107.567078,-6.748811,0],[107.567026,-6.749063,0],[107.566978,-6.749269,0],[107.566964,-6.749343,0],[107.566954,-6.74944,0],[107.566947,-6.749509,0],[107.566929,-6.749583,0],[107.566887,-6.749726,0],[107.566839,-6.749822,0],[107.56674,-6.749919,0],[107.566592,-6.750026,0],[107.566437,-6.7501,0],[107.566299,-6.750138,0],[107.566118,-6.750167,0],[107.565976,-6.750177,0],[107.565862,-6.750177,0],[107.565766,-6.750196,0],[107.565685,-6.750224,0],[107.565633,-6.750272,0],[107.565585,-6.750376,0],[107.565547,-6.750581,0],[107.565543,-6.750714,0],[107.565509,-6.750824,0],[107.565457,-6.750919,0],[107.565395,-6.750986,0],[107.565276,-6.751052,0],[107.565048,-6.751109,0],[107.564767,-6.751191,0],[107.5645,-6.751314,0],[107.56412,-6.751457,0],[107.563896,-6.751528,0],[107.563715,-6.751604,0],[107.563496,-6.751661,0],[107.563177,-6.751699,0],[107.563006,-6.751685,0],[107.562916,-6.751699,0],[107.562849,-6.751752,0],[107.562787,-6.751894,0],[107.562606,-6.752403,0],[107.562463,-6.752599,0],[107.562365,-6.752697,0],[107.562274,-6.752788,0],[107.562202,-6.752883,0],[107.56216,-6.75302,0],[107.562109,-6.75324,0],[107.562092,-6.75338,0],[107.562083,-6.753507,0],[107.562083,-6.753595,0],[107.56208,-6.753725,0],[107.562078,-6.753863,0],[107.562066,-6.754016,0],[107.56205,-6.754144,0],[107.561995,-6.75428,0],[107.561938,-6.754435,0],[107.5619,-6.754584,0],[107.561897,-6.754673,0],[107.561933,-6.754815,0],[107.561959,-6.754947,0],[107.561959,-6.755014,0],[107.561925,-6.755182,0],[107.561894,-6.75533,0],[107.561852,-6.755606,0],[107.561845,-6.755728,0],[107.561845,-6.755813,0],[107.561856,-6.755884,0],[107.561885,-6.755979,0],[107.561949,-6.756118,0],[107.562078,-6.75638,0],[107.562183,-6.756668,0],[107.562215,-6.756717,0],[107.562275,-6.756791,0],[107.562321,-6.756869,0],[107.562385,-6.757066,0],[107.562561,-6.757495,0],[107.562636,-6.757716,0],[107.562664,-6.757923,0],[107.562654,-6.758252,0],[107.56265,-6.758476,0],[107.562636,-6.758944,0],[107.5627,-6.759454,0],[107.562704,-6.759783,0],[107.562646,-6.75994,0],[107.562543,-6.760104,0],[107.562407,-6.760286,0],[107.562347,-6.760447,0],[107.562336,-6.760539,0],[107.56235,-6.760675,0],[107.562397,-6.760857,0],[107.562571,-6.761053,0],[107.562778,-6.761182,0],[107.563061,-6.761365,0],[107.563503,-6.761489,0],[107.563676,-6.761553,0],[107.563765,-6.761607,0],[107.563842,-6.761696,0],[107.563902,-6.761791,0],[107.563913,-6.761928,0],[107.563882,-6.762092,0],[107.563849,-6.762199,0],[107.563804,-6.762344,0],[107.563775,-6.762489,0],[107.563776,-6.763067,0],[107.563777,-6.763167,0],[107.563777,-6.763217,0],[107.563788,-6.763366,0],[107.563804,-6.763431,0],[107.563835,-6.763572,0],[107.563868,-6.763719,0],[107.5639,-6.763845,0],[107.563927,-6.763893,0],[107.563987,-6.764012,0],[107.564001,-6.764095,0],[107.563994,-6.764155,0],[107.563946,-6.764347,0],[107.563918,-6.764504,0],[107.563882,-6.764662,0],[107.563846,-6.764954,0],[107.563796,-6.765078,0],[107.563673,-6.765244,0],[107.563601,-6.765375,0],[107.56357,-6.765449,0],[107.563478,-6.765653,0],[107.563388,-6.765778,0],[107.563296,-6.765903,0],[107.563256,-6.765978,0],[107.563247,-6.766075,0],[107.563263,-6.766257,0],[107.563281,-6.766628,0],[107.563288,-6.766824,0],[107.563335,-6.767206,0],[107.563392,-6.767435,0],[107.563431,-6.767556,0],[107.563438,-6.767667,0],[107.56341,-6.767788,0],[107.563338,-6.767927,0],[107.563281,-6.768034,0],[107.563199,-6.768166,0],[107.563085,-6.768273,0],[107.56296,-6.768384,0],[107.562764,-6.768641,0],[107.562653,-6.768777,0],[107.562535,-6.768901,0],[107.562343,-6.769012,0],[107.562214,-6.769087,0],[107.562111,-6.769151,0],[107.562061,-6.769214,0],[107.562009,-6.76949,0],[107.561995,-6.769635,0],[107.562017,-6.76973,0],[107.562062,-6.769885,0],[107.562114,-6.770237,0],[107.562216,-6.770644,0],[107.562254,-6.770843,0],[107.562254,-6.770999,0],[107.562244,-6.771141,0],[107.562204,-6.771284,0],[107.562108,-6.771541,0],[107.562076,-6.771648,0],[107.562001,-6.771884,0],[107.561937,-6.771998,0],[107.561887,-6.772087,0],[107.561805,-6.772273,0],[107.561747,-6.772408,0],[107.561662,-6.772583,0],[107.562836,-6.773916,0],[107.563017,-6.773887,0],[107.563022,-6.773886,0],[107.563316,-6.773762,0],[107.563527,-6.773628,0],[107.563606,-6.773578,0],[107.563774,-6.773425,0],[107.563907,-6.773298,0],[107.564034,-6.773177,0],[107.564247,-6.772993,0],[107.564568,-6.772804,0],[107.565132,-6.772515,0],[107.565788,-6.772248,0],[107.566278,-6.772066,0],[107.56662,-6.771939,0],[107.567818,-6.771421,0],[107.568345,-6.771197,0],[107.568367,-6.771187,0],[107.568405,-6.771174,0],[107.568787,-6.77104,0],[107.569275,-6.770943,0],[107.569733,-6.770885,0],[107.570192,-6.770878,0],[107.570488,-6.770873,0],[107.570602,-6.770887,0],[107.570976,-6.770934,0],[107.571213,-6.771034,0],[107.571388,-6.771131,0],[107.571587,-6.771295,0],[107.571854,-6.771549,0],[107.572098,-6.77179,0],[107.57222,-6.771971,0],[107.572296,-6.77212,0],[107.572418,-6.7724,0],[107.572495,-6.772595,0],[107.57254,-6.772744,0],[107.572594,-6.772903,0],[107.572655,-6.773089,0],[107.572746,-6.773238,0],[107.572891,-6.773438,0],[107.572991,-6.773703,0],[107.573013,-6.773899,0],[107.573044,-6.77409,0],[107.573082,-6.774235,0],[107.57338,-6.774499,0],[107.573471,-6.774695,0],[107.573532,-6.774811,0],[107.573563,-6.775007,0],[107.573708,-6.775188,0],[107.574082,-6.775807,0],[107.574265,-6.776067,0],[107.574364,-6.776321,0],[107.574494,-6.776458,0],[107.574564,-6.776499,0],[107.574668,-6.776559,0],[107.574677,-6.776564,0],[107.57473,-6.776592,0],[107.574814,-6.776666,0],[107.574921,-6.776759,0],[107.575249,-6.776813,0],[107.575592,-6.776839,0],[107.575844,-6.776848,0],[107.576119,-6.776837,0],[107.576309,-6.776794,0],[107.576767,-6.776637,0],[107.5774,-6.776363,0],[107.578011,-6.776103,0],[107.578308,-6.775934,0],[107.578387,-6.775806,0],[107.578428,-6.775791,0],[107.578486,-6.775771,0],[107.579119,-6.776367,0],[107.57926,-6.77641,0],[107.57926,-6.77647,0],[107.57932,-6.77651,0],[107.5794,-6.77653,0],[107.57954,-6.7767,0],[107.57965,-6.77682,0],[107.5798,-6.77707,0],[107.58001,-6.77726,0],[107.58012,-6.77745,0],[107.58013,-6.77787,0],[107.580124,-6.778036,0],[107.580321,-6.77896,0],[107.581705,-6.779311,0],[107.581866,-6.77947,0],[107.58195,-6.77948,0],[107.58211,-6.77951,0],[107.58223,-6.77956,0],[107.58231,-6.77968,0],[107.58248,-6.78024,0],[107.58251,-6.78044,0],[107.58247,-6.78074,0],[107.58241,-6.78098,0],[107.58233,-6.78112,0],[107.58232,-6.78129,0],[107.58229,-6.78153,0],[107.58222,-6.78159,0],[107.58211,-6.78165,0],[107.58201,-6.78167,0],[107.58187,-6.78178,0],[107.58181,-6.7819,0],[107.58174,-6.78209,0],[107.58164,-6.78229,0],[107.5815,-6.78249,0],[107.58148,-6.78268,0],[107.58148,-6.78283,0],[107.58164,-6.78306,0],[107.58176,-6.78327,0],[107.581795,-6.783452,0],[107.58182,-6.78358,0],[107.58184,-6.78369,0],[107.581842,-6.783705,0],[107.581931,-6.783918,0],[107.582169,-6.784488,0],[107.58248,-6.78496,0],[107.58281,-6.78544,0],[107.58283,-6.78557,0],[107.58278,-6.78575,0],[107.58267,-6.78588,0],[107.58254,-6.78604,0],[107.58251,-6.78615,0],[107.58256,-6.78629,0],[107.58261,-6.78641,0],[107.58262,-6.78655,0],[107.58253,-6.78673,0],[107.5825,-6.78682,0],[107.58256,-6.7869,0],[107.58251,-6.78705,0],[107.58241,-6.7873,0],[107.58229,-6.7875,0],[107.58221,-6.78767,0],[107.58209,-6.78801,0],[107.582089,-6.788019,0],[107.58207,-6.788321,0],[107.58212,-6.78845,0],[107.58216,-6.7886,0],[107.58223,-6.78885,0],[107.58225,-6.78912,0],[107.58226,-6.78923,0],[107.58224,-6.78947,0],[107.58208,-6.78976,0],[107.58205,-6.78984,0],[107.58195,-6.78992,0],[107.58174,-6.78999,0],[107.581684,-6.790018,0],[107.581667,-6.790059,0],[107.58169,-6.79015,0],[107.58172,-6.79029,0],[107.58175,-6.79047,0],[107.58171,-6.79068,0],[107.5816,-6.79092,0],[107.5815,-6.79104,0],[107.58111,-6.79135,0],[107.58088,-6.79153,0],[107.58067,-6.79168,0],[107.58052,-6.79183,0],[107.58038,-6.7921,0],[107.58033,-6.79217,0],[107.58023,-6.79222,0],[107.58009,-6.79219,0],[107.57986,-6.7923,0],[107.5797,-6.79236,0],[107.57951,-6.79259,0],[107.57934,-6.79272,0],[107.57909,-6.79279,0],[107.57883,-6.79275,0],[107.578617,-6.792656,0],[107.57827,-6.792763,0],[107.578165,-6.793082,0],[107.57816,-6.79313,0],[107.578138,-6.793164,0],[107.578119,-6.793225,0],[107.578005,-6.793389,0],[107.57787,-6.79375,0],[107.57758,-6.794007,0],[107.577306,-6.794406,0],[107.577308,-6.794914,0],[107.577309,-6.795071,0],[107.577287,-6.795161,0],[107.5773,-6.7953,0],[107.5773,-6.79555,0],[107.57736,-6.79561,0],[107.5776,-6.79568,0],[107.57765,-6.79574,0],[107.57753,-6.79599,0],[107.57734,-6.79609,0],[107.57715,-6.79619,0],[107.57708,-6.79626,0],[107.57711,-6.79634,0],[107.57734,-6.79655,0],[107.577415,-6.796765,0],[107.577678,-6.797065,0],[107.578449,-6.797573,0],[107.578397,-6.797841,0],[107.5784,-6.79791,0],[107.578356,-6.798051,0],[107.57825,-6.798598,0],[107.578173,-6.798657,0],[107.57814,-6.79877,0],[107.57799,-6.79915,0],[107.57793,-6.79925,0],[107.57779,-6.79929,0],[107.57759,-6.79932,0],[107.5772,-6.7995,0],[107.577068,-6.799507,0],[107.575375,-6.800449,0],[107.57529,-6.80062,0],[107.57511,-6.80085,0],[107.57485,-6.80097,0],[107.574632,-6.801138,0],[107.574465,-6.801332,0],[107.574439,-6.801362,0],[107.57435,-6.8016,0],[107.574133,-6.801718,0],[107.574105,-6.80175,0],[107.574072,-6.801881,0],[107.574073,-6.8019,0],[107.57412,-6.80206,0],[107.57412,-6.80239,0],[107.574194,-6.802595,0],[107.57425,-6.80275,0],[107.57437,-6.80309,0],[107.57441,-6.80324,0],[107.57439,-6.80336,0],[107.57426,-6.80369,0],[107.574259,-6.803701,0],[107.574494,-6.80481,0],[107.574376,-6.805017,0],[107.573936,-6.805785,0],[107.574248,-6.806756,0],[107.57365,-6.807663,0],[107.573334,-6.808143,0],[107.573063,-6.808417,0],[107.57257,-6.808915,0],[107.573445,-6.80978,0],[107.572989,-6.810601,0],[107.572797,-6.813008,0],[107.572341,-6.813982,0],[107.572756,-6.814953,0],[107.572553,-6.815312,0],[107.570646,-6.815175,0],[107.57056,-6.81521,0],[107.57047,-6.81524,0],[107.57006,-6.81519,0],[107.56977,-6.81514,0],[107.569651,-6.815112,0],[107.56943,-6.81506,0],[107.56928,-6.81501,0],[107.56922,-6.81501,0],[107.56917,-6.81507,0],[107.56915,-6.81534,0],[107.56921,-6.81583,0],[107.56922,-6.8162,0],[107.56921,-6.81634,0],[107.56925,-6.8167,0],[107.56924,-6.81683,0],[107.569225,-6.81688,0],[107.56919,-6.817,0],[107.56908,-6.81718,0],[107.5689,-6.81733,0],[107.56864,-6.81741,0],[107.5685,-6.81752,0],[107.56844,-6.81764,0],[107.56843,-6.81784,0],[107.56867,-6.81803,0],[107.56878,-6.81813,0],[107.56885,-6.81826,0],[107.56888,-6.81858,0],[107.56887,-6.81887,0],[107.56877,-6.81915,0],[107.56875,-6.81922,0],[107.56875,-6.81941,0],[107.56881,-6.81949,0],[107.56892,-6.81966,0],[107.568989,-6.819799,0],[107.56899,-6.8198,0],[107.56908,-6.81988,0],[107.56908,-6.81999,0],[107.56902,-6.82019,0],[107.56892,-6.82046,0],[107.56886,-6.82069,0],[107.56869,-6.82122,0],[107.56861,-6.82178,0],[107.56862,-6.82189,0],[107.56861,-6.822,0],[107.56857,-6.82221,0],[107.56855,-6.82233,0],[107.56862,-6.82249,0],[107.56872,-6.82268,0],[107.56876,-6.822769,0],[107.56877,-6.82279,0],[107.56881,-6.82293,0],[107.56876,-6.82338,0],[107.56877,-6.82356,0],[107.56881,-6.82379,0],[107.56895,-6.824,0],[107.56907,-6.82404,0],[107.56917,-6.82414,0],[107.56921,-6.82426,0],[107.569184,-6.824334,0],[107.56916,-6.8244,0],[107.56906,-6.82475,0],[107.56909,-6.82507,0],[107.56911,-6.82526,0],[107.56914,-6.82541,0],[107.56908,-6.8256,0],[107.56888,-6.82596,0],[107.56879,-6.82618,0],[107.568785,-6.826193,0],[107.56861,-6.82663,0],[107.56852,-6.82683,0],[107.56846,-6.82703,0],[107.56818,-6.82742,0],[107.56809,-6.82759,0],[107.567943,-6.827815,0],[107.56792,-6.82785,0],[107.56789,-6.82805,0],[107.56792,-6.82833,0],[107.56777,-6.82842,0],[107.5676,-6.82861,0],[107.56755,-6.82872,0],[107.5675,-6.82895,0],[107.56739,-6.82918,0],[107.567334,-6.829291,0],[107.56731,-6.82934,0],[107.56715,-6.8295,0],[107.5671,-6.82962,0],[107.5671,-6.82972,0],[107.56715,-6.82986,0],[107.567169,-6.829916,0],[107.567165,-6.829921,0],[107.567019,-6.830256,0],[107.566941,-6.830589,0],[107.567062,-6.831209,0],[107.56706,-6.83167,0],[107.56696,-6.83193,0],[107.56682,-6.83204,0],[107.56667,-6.83212,0],[107.56649,-6.8322,0],[107.56635,-6.83224,0],[107.56618,-6.83236,0],[107.5661,-6.83251,0],[107.56611,-6.83271,0],[107.56607,-6.83296,0],[107.56591,-6.83324,0],[107.56589,-6.83331,0],[107.565862,-6.833589,0],[107.565862,-6.833882,0],[107.565884,-6.83408,0],[107.565911,-6.834211,0],[107.565899,-6.834468,0],[107.56585,-6.834684,0],[107.565782,-6.834943,0],[107.565592,-6.835119,0],[107.565518,-6.835243,0],[107.565606,-6.835353,0],[107.565613,-6.835357,0],[107.56574,-6.83543,0],[107.56584,-6.83546,0],[107.565854,-6.835671,0],[107.565871,-6.835913,0],[107.565886,-6.836139,0],[107.566052,-6.836899,0],[107.566072,-6.837814,0],[107.566122,-6.838186,0],[107.566233,-6.8388,0],[107.566257,-6.838911,0],[107.566309,-6.839159,0],[107.56635,-6.83935,0],[107.566414,-6.839655,0],[107.566394,-6.839966,0],[107.566387,-6.840065,0],[107.566374,-6.840268,0],[107.566334,-6.84055,0],[107.566505,-6.840831,0],[107.566666,-6.841284,0],[107.566686,-6.841636,0],[107.566515,-6.841968,0],[107.566475,-6.842032,0],[107.566434,-6.842099,0],[107.566565,-6.84237,0],[107.566686,-6.842702,0],[107.566632,-6.842827,0],[107.566565,-6.842984,0],[107.566575,-6.843185,0],[107.566726,-6.843336,0],[107.566857,-6.843889,0],[107.566858,-6.843905,0],[107.566887,-6.844362,0],[107.566877,-6.844489,0],[107.566867,-6.844623,0],[107.566877,-6.844885,0],[107.566886,-6.844935,0],[107.566957,-6.845327,0],[107.566816,-6.8458,0],[107.566562,-6.845923,0],[107.56636,-6.84602,0],[107.56634,-6.84623,0],[107.56624,-6.84641,0],[107.566226,-6.846419,0],[107.56609,-6.84651,0],[107.56585,-6.84681,0],[107.56569,-6.84691,0],[107.565615,-6.846979,0],[107.56556,-6.84703,0],[107.56546,-6.84719,0],[107.56533,-6.84723,0],[107.56509,-6.84745,0],[107.56484,-6.84768,0],[107.56464,-6.84781,0],[107.56444,-6.84812,0],[107.56429,-6.8483,0],[107.56419,-6.84849,0],[107.56418,-6.84879,0],[107.564118,-6.848879,0],[107.56411,-6.84889,0],[107.564066,-6.848943,0],[107.56402,-6.849,0],[107.56393,-6.8493,0],[107.56382,-6.84965,0],[107.56354,-6.85005,0],[107.56346,-6.85024,0],[107.56291,-6.85051,0],[107.56269,-6.85061,0],[107.56262,-6.85064,0],[107.56258,-6.85069,0],[107.56257,-6.85083,0],[107.56275,-6.85111,0],[107.56276,-6.85141,0],[107.562756,-6.851452,0],[107.56274,-6.85162,0],[107.56271,-6.85176,0],[107.56244,-6.85201,0],[107.56233,-6.85218,0],[107.56213,-6.85263,0],[107.562021,-6.852827,0],[107.56198,-6.8529,0],[107.56177,-6.85326,0],[107.56178,-6.8534,0],[107.56188,-6.85359,0],[107.561887,-6.853603,0],[107.56197,-6.853752,0],[107.561967,-6.853776,0],[107.562031,-6.853911,0],[107.562048,-6.854045,0],[107.562057,-6.854188,0],[107.562129,-6.854322,0],[107.562208,-6.854409,0],[107.562265,-6.854551,0],[107.562305,-6.85462,0],[107.56233,-6.8547,0],[107.562474,-6.854909,0],[107.562474,-6.854909,0],[107.562475,-6.854909,0],[107.562665,-6.854897,0],[107.562671,-6.854909,0],[107.562842,-6.855251,0],[107.562783,-6.855406,0],[107.562679,-6.855581,0],[107.562604,-6.855631,0],[107.562591,-6.855677,0],[107.562564,-6.855774,0],[107.562569,-6.855775,0],[107.562651,-6.855775,0],[107.562717,-6.855767,0],[107.562904,-6.855744,0],[107.563003,-6.855749,0],[107.56306,-6.855822,0],[107.563062,-6.855827,0],[107.563086,-6.855912,0],[107.563156,-6.855969,0],[107.563238,-6.856085,0],[107.563254,-6.856195,0],[107.563128,-6.856432,0],[107.563102,-6.856665,0],[107.563154,-6.856873,0],[107.5633,-6.857054,0],[107.563372,-6.857147,0],[107.563384,-6.857533,0],[107.563364,-6.857653,0],[107.563339,-6.85788,0],[107.563327,-6.858024,0],[107.563278,-6.858201,0],[107.563226,-6.858294,0],[107.563164,-6.858329,0],[107.56302,-6.858404,0],[107.562944,-6.858484,0],[107.562908,-6.858596,0],[107.563002,-6.858696,0],[107.56308,-6.85872,0],[107.563096,-6.858725,0],[107.563159,-6.858745,0],[107.563183,-6.858763,0],[107.563244,-6.85881,0],[107.563272,-6.858879,0],[107.563115,-6.859006,0],[107.56297,-6.859122,0],[107.562918,-6.859145,0],[107.562798,-6.859197,0],[107.562746,-6.859225,0],[107.562668,-6.85927,0],[107.562554,-6.859354,0],[107.562528,-6.859374,0],[107.562457,-6.859492,0],[107.562458,-6.859543,0],[107.562459,-6.85963,0],[107.56246,-6.859708,0],[107.56247,-6.859736,0],[107.562554,-6.859988,0],[107.562591,-6.860104,0],[107.562587,-6.860134,0],[107.562581,-6.860173,0],[107.562444,-6.860215,0],[107.562083,-6.860325,0],[107.562019,-6.860326,0],[107.56198,-6.860326,0],[107.561886,-6.860298,0],[107.561861,-6.86031,0],[107.561812,-6.860332,0],[107.561762,-6.860446,0],[107.561753,-6.860467,0],[107.561753,-6.860596,0],[107.561753,-6.860669,0],[107.56173,-6.860789,0],[107.561713,-6.860884,0],[107.561703,-6.860941,0],[107.561715,-6.860963,0],[107.561761,-6.86105,0],[107.561772,-6.861074,0],[107.561895,-6.861336,0],[107.561903,-6.861353,0],[107.561925,-6.861412,0],[107.561929,-6.861423,0],[107.561961,-6.861509,0],[107.561969,-6.861532,0],[107.561965,-6.861555,0],[107.561962,-6.861573,0],[107.561954,-6.861621,0],[107.561897,-6.86167,0],[107.561753,-6.861657,0],[107.561754,-6.861658,0],[107.561801,-6.861757,0],[107.561859,-6.861819,0],[107.561974,-6.861894,0],[107.562323,-6.862175,0],[107.562546,-6.862341,0],[107.562775,-6.86249,0],[107.56301,-6.862636,0],[107.563598,-6.863005,0],[107.56347,-6.863201,0],[107.563299,-6.863462,0],[107.563005,-6.863912,0],[107.562881,-6.864102,0],[107.562779,-6.864264,0],[107.56266,-6.864475,0],[107.562493,-6.864706,0],[107.562532,-6.864728,0],[107.562571,-6.864752,0],[107.562673,-6.864807,0],[107.562698,-6.864864,0],[107.562729,-6.864889,0],[107.562777,-6.864914,0],[107.562832,-6.864963,0],[107.562843,-6.864951,0],[107.562881,-6.864982,0],[107.562868,-6.865003,0],[107.563052,-6.865163,0],[107.563107,-6.865205,0],[107.563184,-6.865265,0],[107.563193,-6.865256,0],[107.563285,-6.86533,0],[107.563295,-6.865347,0],[107.563318,-6.865317,0],[107.563474,-6.865448,0],[107.563563,-6.86552,0],[107.563819,-6.865702,0],[107.563868,-6.865701,0],[107.563913,-6.865756,0],[107.563929,-6.865805,0],[107.563939,-6.865841,0],[107.563957,-6.865913,0],[107.563995,-6.86596,0],[107.564034,-6.865996,0],[107.564206,-6.865738,0],[107.564306,-6.865803,0],[107.564306,-6.865803,0],[107.564499,-6.865535,0],[107.564664,-6.865327,0],[107.564772,-6.865168,0],[107.564932,-6.864928,0],[107.564921,-6.864903,0],[107.565062,-6.864702,0],[107.565216,-6.864792,0],[107.565253,-6.864811,0],[107.565322,-6.864868,0],[107.565555,-6.865,0],[107.565741,-6.865105,0],[107.565806,-6.865141,0],[107.565773,-6.865256,0],[107.565801,-6.865491,0],[107.565812,-6.865578,0],[107.565824,-6.865672,0],[107.565819,-6.865753,0],[107.565818,-6.865771,0],[107.565816,-6.865794,0],[107.565745,-6.86593,0],[107.565646,-6.866004,0],[107.565571,-6.866059,0],[107.565244,-6.866444,0],[107.565228,-6.866463,0],[107.565043,-6.866649,0],[107.564995,-6.866692,0],[107.564985,-6.866702,0],[107.564891,-6.866786,0],[107.564689,-6.866935,0],[107.56456,-6.867032,0],[107.564508,-6.86711,0],[107.56447,-6.867166,0],[107.564439,-6.867214,0],[107.564438,-6.867215,0],[107.564263,-6.867318,0],[107.564196,-6.867339,0],[107.56416,-6.86735,0],[107.564142,-6.86741,0],[107.564115,-6.867497,0],[107.564107,-6.867516,0],[107.564058,-6.867623,0],[107.563908,-6.867777,0],[107.563766,-6.867867,0],[107.56363,-6.867888,0],[107.563485,-6.86789,0],[107.563465,-6.867898,0],[107.563379,-6.867935,0],[107.563294,-6.868064,0],[107.563228,-6.868323,0],[107.563169,-6.868537,0],[107.563147,-6.868572,0],[107.563101,-6.868647,0],[107.563022,-6.868685,0],[107.562971,-6.868698,0],[107.562938,-6.868707,0],[107.562879,-6.868771,0],[107.562858,-6.868793,0],[107.562855,-6.868802,0],[107.562815,-6.868911,0],[107.562824,-6.868952,0],[107.562855,-6.869091,0],[107.562908,-6.869201,0],[107.562961,-6.869328,0],[107.562999,-6.869358,0],[107.562999,-6.869447,0],[107.562934,-6.869537,0],[107.562836,-6.869675,0],[107.562717,-6.869849,0],[107.562578,-6.870041,0],[107.562466,-6.870191,0],[107.562414,-6.870308,0],[107.562362,-6.870466,0],[107.562337,-6.870564,0],[107.562332,-6.870605,0],[107.562319,-6.870688,0],[107.562271,-6.870775,0],[107.562018,-6.870856,0],[107.562,-6.870915,0],[107.561981,-6.870977,0],[107.562005,-6.871106,0],[107.562105,-6.871632,0],[107.562106,-6.871666,0],[107.562108,-6.87175,0],[107.562082,-6.871946,0],[107.562074,-6.87202,0],[107.56205,-6.872034,0],[107.562049,-6.872034,0],[107.562044,-6.872037,0],[107.562026,-6.872047,0],[107.561891,-6.872014,0],[107.5617,-6.871967,0],[107.561664,-6.872133,0],[107.561663,-6.872139,0],[107.561663,-6.872158,0],[107.561667,-6.872311,0],[107.561747,-6.872564,0],[107.561787,-6.872792,0],[107.561791,-6.872811,0],[107.561811,-6.872923,0],[107.561812,-6.872929,0],[107.561815,-6.872948,0],[107.56182,-6.872972,0],[107.561864,-6.87297,0],[107.562029,-6.872976,0],[107.562245,-6.872987,0],[107.562407,-6.872981,0],[107.562417,-6.873017,0],[107.562473,-6.873093,0],[107.562535,-6.873138,0],[107.562576,-6.873162,0],[107.562717,-6.873221,0],[107.562867,-6.873295,0],[107.563185,-6.873416,0],[107.563277,-6.873451,0],[107.563322,-6.873474,0],[107.563323,-6.873476,0],[107.563418,-6.873584,0],[107.563519,-6.873635,0],[107.563548,-6.87365,0],[107.563475,-6.873822,0],[107.56344,-6.873903,0],[107.563606,-6.873966,0],[107.563842,-6.874055,0],[107.56398,-6.874107,0],[107.563975,-6.874121,0],[107.563924,-6.874261,0],[107.56384,-6.87446,0],[107.563942,-6.874496,0],[107.56411,-6.874561,0],[107.564278,-6.874631,0],[107.564295,-6.874641,0],[107.564416,-6.874708,0],[107.56462,-6.874821,0],[107.564766,-6.874928,0],[107.564757,-6.874959,0],[107.564685,-6.875195,0],[107.564597,-6.875571,0],[107.564952,-6.875742,0],[107.564988,-6.875782,0],[107.56503,-6.875851,0],[107.565039,-6.875854,0],[107.565147,-6.87588,0],[107.565452,-6.875937,0],[107.565524,-6.875946,0],[107.565558,-6.875951,0],[107.565618,-6.875959,0],[107.565922,-6.876068,0],[107.56602,-6.876104,0],[107.566487,-6.876304,0],[107.566606,-6.876344,0],[107.566689,-6.876351,0],[107.566725,-6.876354,0],[107.566777,-6.876365,0],[107.56684,-6.876391,0],[107.566848,-6.876394,0],[107.566894,-6.876413,0],[107.567005,-6.876473,0],[107.567098,-6.876501,0],[107.567153,-6.876556,0],[107.567229,-6.876646,0],[107.567339,-6.876699,0],[107.567337,-6.876771,0],[107.567336,-6.876818,0],[107.567357,-6.876821,0],[107.567424,-6.876832,0],[107.567615,-6.876877,0],[107.56771,-6.876906,0],[107.567824,-6.876927,0],[107.568295,-6.87706,0],[107.568959,-6.877172,0],[107.569075,-6.87724,0],[107.569118,-6.877265,0],[107.569337,-6.877346,0],[107.569328,-6.877429,0],[107.569501,-6.877446,0],[107.569561,-6.877441,0],[107.569899,-6.877474,0],[107.569994,-6.877484,0],[107.570213,-6.877505,0],[107.57018,-6.877786,0],[107.570479,-6.877815,0],[107.570432,-6.878262,0],[107.570418,-6.878388,0],[107.570403,-6.878466,0],[107.570387,-6.878516,0],[107.57033,-6.8786,0],[107.57027,-6.878671,0],[107.570184,-6.878759,0],[107.57012,-6.878821,0],[107.570034,-6.8789,0],[107.569975,-6.878942,0],[107.56992,-6.878973,0],[107.569844,-6.879011,0],[107.569682,-6.879068,0],[107.56958,-6.879109,0],[107.569478,-6.879149,0],[107.569525,-6.879256,0],[107.569532,-6.879269,0],[107.569554,-6.879309,0],[107.569636,-6.879398,0],[107.56966,-6.879424,0],[107.569604,-6.879501,0],[107.569487,-6.879629,0],[107.569486,-6.87963,0],[107.569474,-6.879637,0],[107.569504,-6.879641,0],[107.569523,-6.879644,0],[107.569686,-6.879754,0],[107.569723,-6.879799,0],[107.569807,-6.879897,0],[107.569882,-6.880038,0],[107.56997,-6.880202,0],[107.569978,-6.880217,0],[107.569998,-6.880254,0],[107.570184,-6.880409,0],[107.570184,-6.880433,0],[107.570156,-6.880547,0],[107.56999,-6.880978,0],[107.569899,-6.881213,0],[107.569895,-6.881226,0],[107.569761,-6.881522,0],[107.569762,-6.881556,0],[107.569765,-6.881617,0],[107.569855,-6.881718,0],[107.569896,-6.881762,0],[107.569905,-6.881772,0],[107.569957,-6.881859,0],[107.570022,-6.881966,0],[107.570086,-6.882062,0],[107.570165,-6.882182,0],[107.57037,-6.882489,0],[107.570405,-6.882547,0],[107.570437,-6.8826,0],[107.570444,-6.882616,0],[107.570471,-6.882676,0],[107.570516,-6.882776,0],[107.570524,-6.882755,0],[107.570546,-6.882699,0],[107.570665,-6.882393,0],[107.570708,-6.8824,0],[107.570793,-6.882414,0],[107.571037,-6.882328,0],[107.5715,-6.882164,0],[107.571573,-6.882138,0],[107.571567,-6.88208,0],[107.571546,-6.881863,0],[107.571546,-6.881863,0],[107.571563,-6.881582,0],[107.571613,-6.881412,0],[107.571714,-6.88122,0],[107.571718,-6.880993,0],[107.571725,-6.880867,0],[107.57173,-6.880788,0],[107.571748,-6.880731,0],[107.571796,-6.880575,0],[107.571897,-6.880432,0],[107.571982,-6.880331,0],[107.571991,-6.88019,0],[107.571996,-6.880108,0],[107.572011,-6.879993,0],[107.572026,-6.879875,0],[107.572053,-6.879763,0],[107.572054,-6.87976,0],[107.57207,-6.879661,0],[107.57209,-6.879549,0],[107.572193,-6.878988,0],[107.572212,-6.878888,0],[107.572263,-6.878806,0],[107.572326,-6.878707,0],[107.572632,-6.878374,0],[107.572777,-6.878326,0],[107.572935,-6.878252,0],[107.572935,-6.878251,0],[107.572939,-6.878162,0],[107.572896,-6.877754,0],[107.572887,-6.877675,0],[107.572883,-6.877631,0],[107.57288,-6.877606,0],[107.572879,-6.877593,0],[107.572905,-6.877528,0],[107.572948,-6.877425,0],[107.573098,-6.877262,0],[107.573212,-6.877235,0],[107.573346,-6.877269,0],[107.573701,-6.877368,0],[107.573817,-6.877331,0],[107.573844,-6.877308,0],[107.573865,-6.87729,0],[107.573929,-6.877236,0],[107.573987,-6.877119,0],[107.574003,-6.87703,0],[107.574026,-6.876906,0],[107.574026,-6.876905,0],[107.573998,-6.876689,0],[107.573994,-6.876656,0],[107.573967,-6.876602,0],[107.573839,-6.876344,0],[107.573777,-6.87624,0],[107.573772,-6.876232,0],[107.573749,-6.876116,0],[107.573757,-6.876083,0],[107.57377,-6.876063,0],[107.573776,-6.876054,0],[107.573818,-6.875991,0],[107.573833,-6.875917,0],[107.573843,-6.875866,0],[107.573844,-6.87586,0],[107.573845,-6.875858,0],[107.57382,-6.875817,0],[107.573792,-6.875773,0],[107.573746,-6.875699,0],[107.573728,-6.87567,0],[107.573728,-6.87567,0],[107.57375,-6.875628,0],[107.573778,-6.875575,0],[107.573815,-6.875514,0],[107.573879,-6.875405,0],[107.57392,-6.875239,0],[107.573936,-6.875174,0],[107.573991,-6.875,0],[107.574025,-6.87489,0],[107.574033,-6.874865,0],[107.574042,-6.874858,0],[107.574119,-6.874794,0],[107.574201,-6.874723,0],[107.574214,-6.874676,0],[107.57423,-6.874616,0],[107.574256,-6.874395,0],[107.574256,-6.874394,0],[107.574339,-6.874306,0],[107.57434,-6.874304,0],[107.57435,-6.8743,0],[107.574468,-6.874254,0],[107.574547,-6.874203,0],[107.574553,-6.874188,0],[107.574579,-6.874123,0],[107.574591,-6.874095,0],[107.574636,-6.873991,0],[107.574656,-6.873945,0],[107.574752,-6.873837,0],[107.574852,-6.873708,0],[107.575006,-6.873509,0],[107.575059,-6.873323,0],[107.575059,-6.873322,0],[107.575158,-6.873042,0],[107.575255,-6.872777,0],[107.575255,-6.872777,0],[107.575258,-6.872559,0],[107.575244,-6.87234,0],[107.5753,-6.872169,0],[107.575347,-6.872103,0],[107.575382,-6.872055,0],[107.57539,-6.872044,0],[107.575398,-6.872033,0],[107.5754,-6.872026,0],[107.575403,-6.872018,0],[107.575403,-6.872016,0],[107.575399,-6.871992,0],[107.575346,-6.871885,0],[107.575341,-6.871878,0],[107.575231,-6.871732,0],[107.575041,-6.871602,0],[107.574977,-6.871547,0],[107.574926,-6.871505,0],[107.574925,-6.8715,0],[107.57491,-6.87143,0],[107.57491,-6.871428,0],[107.574955,-6.871285,0],[107.575033,-6.871202,0],[107.575176,-6.871128,0],[107.575323,-6.871031,0],[107.575358,-6.870949,0],[107.575357,-6.870947,0],[107.575328,-6.870884,0],[107.575268,-6.870775,0],[107.575268,-6.870775,0],[107.575293,-6.870747,0],[107.575302,-6.870737,0],[107.575394,-6.870724,0],[107.575506,-6.870751,0],[107.575791,-6.870831,0],[107.575867,-6.87077,0],[107.57591,-6.870669,0],[107.576022,-6.870382,0],[107.576023,-6.870381,0],[107.576092,-6.870281,0],[107.576092,-6.870281,0],[107.576096,-6.87023,0],[107.576102,-6.870157,0],[107.576065,-6.870067,0],[107.575959,-6.869957,0],[107.575959,-6.869957,0],[107.575763,-6.869848,0],[107.575611,-6.869687,0],[107.57561,-6.869686,0],[107.575637,-6.869651,0],[107.575658,-6.869626,0],[107.575869,-6.869498,0],[107.575963,-6.869441,0],[107.576073,-6.869367,0],[107.576186,-6.86923,0],[107.576302,-6.869091,0],[107.576378,-6.869042,0],[107.576393,-6.869033,0],[107.576524,-6.868948,0],[107.576539,-6.868938,0],[107.576571,-6.868902,0],[107.576655,-6.868806,0],[107.57671,-6.868697,0],[107.57677,-6.868577,0],[107.576775,-6.868389,0],[107.576775,-6.868387,0],[107.576739,-6.868299,0],[107.576714,-6.868238,0],[107.576628,-6.868158,0],[107.576604,-6.868136,0],[107.576461,-6.86801,0],[107.576323,-6.867901,0],[107.576193,-6.867863,0],[107.576154,-6.867851,0],[107.575721,-6.867774,0],[107.575705,-6.867757,0],[107.575697,-6.867735,0],[107.57569,-6.867714,0],[107.57569,-6.867713,0],[107.575718,-6.867535,0],[107.575743,-6.867501,0],[107.575796,-6.867431,0],[107.57589,-6.867374,0],[107.575919,-6.867366,0],[107.576086,-6.867323,0],[107.576314,-6.867348,0],[107.576452,-6.867361,0],[107.576568,-6.867372,0],[107.576717,-6.867335,0],[107.576847,-6.86725,0],[107.576862,-6.867241,0],[107.576863,-6.86724,0],[107.576896,-6.867133,0],[107.576896,-6.867132,0],[107.576845,-6.866848,0],[107.576841,-6.866803,0],[107.57684,-6.866797,0],[107.576779,-6.866635,0],[107.576758,-6.866578,0],[107.576756,-6.866576,0],[107.576689,-6.866504,0],[107.576608,-6.866415,0],[107.576595,-6.866401,0],[107.576585,-6.86639,0],[107.576469,-6.866257,0],[107.576429,-6.866152,0],[107.576425,-6.86614,0],[107.576437,-6.866112,0],[107.576463,-6.866054,0],[107.576609,-6.865799,0],[107.576707,-6.865564,0],[107.576843,-6.865454,0],[107.577022,-6.865406,0],[107.577506,-6.865352,0],[107.577744,-6.865322,0],[107.577782,-6.865242,0],[107.577806,-6.865087,0],[107.577808,-6.865076,0],[107.577809,-6.86507,0],[107.57782,-6.864999,0],[107.577853,-6.864811,0],[107.577865,-6.86474,0],[107.577899,-6.864691,0],[107.577945,-6.864625,0],[107.577991,-6.864602,0],[107.578065,-6.864567,0],[107.578184,-6.864494,0],[107.578284,-6.864434,0],[107.578379,-6.864391,0],[107.578412,-6.864376,0],[107.578605,-6.864338,0],[107.578827,-6.864294,0],[107.579003,-6.864259,0],[107.579043,-6.864251,0],[107.57925,-6.86415,0],[107.579367,-6.864048,0],[107.579367,-6.864047,0],[107.579396,-6.863979,0],[107.579417,-6.863929,0],[107.579423,-6.863906,0],[107.579464,-6.863755,0],[107.579478,-6.8637,0],[107.579629,-6.863493,0],[107.579659,-6.863482,0],[107.579723,-6.863459,0],[107.579748,-6.863457,0],[107.579756,-6.863456,0],[107.579948,-6.863437,0],[107.579995,-6.863419,0],[107.580085,-6.863385,0],[107.580249,-6.863287,0],[107.580289,-6.863263,0],[107.580619,-6.862952,0],[107.580646,-6.862903,0],[107.58067,-6.86286,0],[107.580714,-6.862739,0],[107.580762,-6.862608,0],[107.580805,-6.862383,0],[107.580832,-6.862174,0],[107.580896,-6.862098,0],[107.580905,-6.862087,0],[107.581027,-6.862023,0],[107.581057,-6.862011,0],[107.581301,-6.861917,0],[107.581333,-6.861852,0],[107.581355,-6.861807,0],[107.581459,-6.861551,0],[107.581466,-6.861535,0],[107.581467,-6.861531,0],[107.581488,-6.86151,0],[107.581562,-6.861435,0],[107.5817,-6.861315,0],[107.581754,-6.861267,0],[107.581844,-6.861186,0],[107.581844,-6.861186,0],[107.581844,-6.861186,0],[107.582019,-6.861028,0],[107.582112,-6.860986,0],[107.582147,-6.86097,0],[107.582204,-6.860957,0],[107.582344,-6.860927,0],[107.582605,-6.860821,0],[107.58261,-6.860814,0],[107.582745,-6.860634,0],[107.582822,-6.860559,0],[107.582844,-6.860538,0],[107.58295,-6.860499,0],[107.583045,-6.860464,0],[107.583124,-6.860443,0],[107.583266,-6.860399,0],[107.583282,-6.860393,0],[107.583303,-6.86038,0],[107.583468,-6.860274,0],[107.583644,-6.860113,0],[107.58366,-6.860085,0],[107.583734,-6.859948,0],[107.583818,-6.85978,0],[107.583856,-6.859702,0],[107.58394,-6.859621,0],[107.58394,-6.859621,0],[107.583947,-6.859615,0],[107.58396,-6.859607,0],[107.584046,-6.859585,0],[107.584069,-6.859586,0],[107.584142,-6.85959,0],[107.584207,-6.859607,0],[107.584252,-6.859619,0],[107.584255,-6.859619,0],[107.584365,-6.859648,0],[107.584389,-6.859655,0],[107.584438,-6.859669,0],[107.584564,-6.859706,0],[107.584669,-6.859737,0],[107.584769,-6.859752,0],[107.584909,-6.859774,0],[107.58504,-6.859766,0],[107.585118,-6.859761,0],[107.585337,-6.859734,0],[107.585423,-6.859724,0],[107.585461,-6.859716,0],[107.585497,-6.859709,0],[107.585566,-6.859675,0],[107.585664,-6.859625,0],[107.585691,-6.859611,0],[107.585703,-6.859605,0],[107.585792,-6.859568,0],[107.585919,-6.859557,0],[107.585995,-6.859594,0],[107.586028,-6.85961,0],[107.586029,-6.85961,0],[107.586034,-6.859612,0],[107.586082,-6.859627,0],[107.586109,-6.859635,0],[107.586158,-6.85965,0],[107.586307,-6.859685,0],[107.586347,-6.85968,0],[107.586387,-6.859675,0],[107.586444,-6.859607,0],[107.586471,-6.859575,0],[107.586472,-6.859574,0],[107.586573,-6.859486,0],[107.586591,-6.85947,0],[107.586623,-6.859443,0],[107.586769,-6.859325,0],[107.586919,-6.859263,0],[107.587098,-6.859189,0],[107.587135,-6.859161,0],[107.587211,-6.859103,0],[107.587465,-6.858612,0],[107.587472,-6.8586,0],[107.587557,-6.858473,0],[107.587639,-6.858417,0],[107.587816,-6.858298,0],[107.587948,-6.858242,0],[107.58798,-6.858242,0],[107.587995,-6.858242,0],[107.588073,-6.85823,0],[107.588136,-6.858211,0],[107.588212,-6.858169,0],[107.588307,-6.858085,0],[107.588335,-6.858039,0],[107.588358,-6.858,0],[107.588405,-6.857776,0],[107.588431,-6.857646,0],[107.588437,-6.857617,0],[107.588476,-6.857523,0],[107.588567,-6.857436,0],[107.588611,-6.857405,0],[107.588618,-6.8574,0],[107.588828,-6.857329,0],[107.588976,-6.857327,0],[107.589021,-6.857311,0],[107.589096,-6.857286,0],[107.589133,-6.857255,0],[107.589157,-6.857236,0],[107.589166,-6.857223,0],[107.58918,-6.857204,0],[107.589249,-6.857031,0],[107.589268,-6.856922,0],[107.58927,-6.856907,0],[107.589273,-6.856801,0],[107.589278,-6.856635,0],[107.589278,-6.856633,0],[107.589237,-6.856399,0],[107.589217,-6.856329,0],[107.589198,-6.856262,0],[107.589199,-6.85626,0],[107.589244,-6.856095,0],[107.589263,-6.856062,0],[107.58947,-6.85586,0],[107.589577,-6.855761,0],[107.589613,-6.855705,0],[107.589643,-6.855635,0],[107.589655,-6.855537,0],[107.589655,-6.855533,0],[107.589647,-6.855434,0],[107.589605,-6.855272,0],[107.589587,-6.855199,0],[107.589582,-6.855189,0],[107.58953,-6.855063,0],[107.589437,-6.854975,0],[107.589423,-6.854964,0],[107.589408,-6.854953,0],[107.589288,-6.854911,0],[107.589287,-6.854911,0],[107.589287,-6.854911,0],[107.589281,-6.854911,0],[107.588978,-6.854906,0],[107.588878,-6.854895,0],[107.588873,-6.854895,0],[107.588814,-6.854849,0],[107.588808,-6.854832,0],[107.588797,-6.854807,0],[107.588792,-6.854775,0],[107.588786,-6.854741,0],[107.588785,-6.854739,0],[107.588832,-6.854638,0],[107.588921,-6.854531,0],[107.588928,-6.854523,0],[107.58901,-6.854402,0],[107.589036,-6.854306,0],[107.589036,-6.854306,0],[107.589022,-6.854261,0],[107.588976,-6.85419,0],[107.588918,-6.854101,0],[107.588819,-6.853933,0],[107.588778,-6.853851,0],[107.588753,-6.85371,0],[107.588748,-6.853685,0],[107.588774,-6.853578,0],[107.588781,-6.853568,0],[107.588789,-6.853554,0],[107.588811,-6.853547,0],[107.588971,-6.853493,0],[107.589104,-6.853464,0],[107.58918,-6.853462,0],[107.589283,-6.853458,0],[107.589413,-6.853455,0],[107.589485,-6.853454,0],[107.589581,-6.853463,0],[107.589607,-6.853465,0],[107.589813,-6.853484,0],[107.589873,-6.85348,0],[107.589919,-6.853477,0],[107.590022,-6.853458,0],[107.590051,-6.853453,0],[107.59008,-6.853438,0],[107.590144,-6.853404,0],[107.590304,-6.853294,0],[107.590327,-6.853272,0],[107.590375,-6.853228,0],[107.59039,-6.853208,0],[107.590391,-6.853177,0],[107.590392,-6.853161,0],[107.590392,-6.853053,0],[107.590383,-6.852975,0],[107.590372,-6.852908,0],[107.590375,-6.852862,0],[107.590378,-6.852812,0],[107.590383,-6.85271,0],[107.590383,-6.85271,0],[107.590383,-6.852699,0],[107.590381,-6.852643,0],[107.590379,-6.852573,0],[107.590373,-6.852554,0],[107.590355,-6.852505,0],[107.590345,-6.852474,0],[107.590339,-6.852453,0],[107.590325,-6.852421,0],[107.590229,-6.852192,0],[107.590218,-6.852166,0],[107.59021,-6.852158,0],[107.590196,-6.852145,0],[107.590146,-6.852079,0],[107.590119,-6.852026,0],[107.590004,-6.851946,0],[107.589992,-6.851917,0],[107.589991,-6.851916,0],[107.589991,-6.851915,0],[107.58996,-6.851727,0],[107.589956,-6.851682,0],[107.589954,-6.851661,0],[107.589935,-6.851545,0],[107.589904,-6.851461,0],[107.589865,-6.851389,0],[107.589793,-6.851253,0],[107.58977,-6.851204,0],[107.589745,-6.851129,0],[107.589716,-6.851046,0],[107.589716,-6.851045,0],[107.589715,-6.851043,0],[107.589707,-6.850981,0],[107.589704,-6.850961,0],[107.589685,-6.850916,0],[107.58967,-6.850885,0],[107.58965,-6.850843,0],[107.589652,-6.850789,0],[107.589652,-6.850779,0]]]]},"properties":{"kd_propinsi":"32","kd_dati2":"17","kd_kecamatan":"002","nm_kecamatan":"Parongpong"}},{"type":"Feature","geometry":{"type":"MultiPolygon","coordinates":[[[[107.56943,-6.81506,0],[107.569651,-6.815112,0],[107.56977,-6.81514,0],[107.57006,-6.81519,0],[107.57047,-6.81524,0],[107.57056,-6.81521,0],[107.570646,-6.815175,0],[107.572553,-6.815312,0],[107.572756,-6.814953,0],[107.572341,-6.813982,0],[107.572797,-6.813008,0],[107.572989,-6.810601,0],[107.573445,-6.80978,0],[107.57257,-6.808915,0],[107.573063,-6.808417,0],[107.573334,-6.808143,0],[107.57365,-6.807663,0],[107.574248,-6.806756,0],[107.573936,-6.805785,0],[107.574376,-6.805017,0],[107.574494,-6.80481,0],[107.574259,-6.803701,0],[107.57426,-6.80369,0],[107.57439,-6.80336,0],[107.57441,-6.80324,0],[107.57437,-6.80309,0],[107.57425,-6.80275,0],[107.574194,-6.802595,0],[107.57412,-6.80239,0],[107.57412,-6.80206,0],[107.574073,-6.8019,0],[107.574072,-6.801881,0],[107.574105,-6.80175,0],[107.574133,-6.801718,0],[107.57435,-6.8016,0],[107.574439,-6.801362,0],[107.574465,-6.801332,0],[107.574632,-6.801138,0],[107.57485,-6.80097,0],[107.57511,-6.80085,0],[107.57529,-6.80062,0],[107.575375,-6.800449,0],[107.577068,-6.799507,0],[107.5772,-6.7995,0],[107.57759,-6.79932,0],[107.57779,-6.79929,0],[107.57793,-6.79925,0],[107.57799,-6.79915,0],[107.57814,-6.79877,0],[107.578173,-6.798657,0],[107.57825,-6.798598,0],[107.578356,-6.798051,0],[107.5784,-6.79791,0],[107.578397,-6.797841,0],[107.578449,-6.797573,0],[107.577678,-6.797065,0],[107.577415,-6.796765,0],[107.57734,-6.79655,0],[107.57711,-6.79634,0],[107.57708,-6.79626,0],[107.57715,-6.79619,0],[107.57734,-6.79609,0],[107.57753,-6.79599,0],[107.57765,-6.79574,0],[107.5776,-6.79568,0],[107.57736,-6.79561,0],[107.5773,-6.79555,0],[107.5773,-6.7953,0],[107.577287,-6.795161,0],[107.577309,-6.795071,0],[107.577308,-6.794914,0],[107.577306,-6.794406,0],[107.57758,-6.794007,0],[107.57787,-6.79375,0],[107.578005,-6.793389,0],[107.578119,-6.793225,0],[107.578138,-6.793164,0],[107.57816,-6.79313,0],[107.578165,-6.793082,0],[107.57827,-6.792763,0],[107.578617,-6.792656,0],[107.57883,-6.79275,0],[107.57909,-6.79279,0],[107.57934,-6.79272,0],[107.57951,-6.79259,0],[107.5797,-6.79236,0],[107.57986,-6.7923,0],[107.58009,-6.79219,0],[107.58023,-6.79222,0],[107.58033,-6.79217,0],[107.58038,-6.7921,0],[107.58052,-6.79183,0],[107.58067,-6.79168,0],[107.58088,-6.79153,0],[107.58111,-6.79135,0],[107.5815,-6.79104,0],[107.5816,-6.79092,0],[107.58171,-6.79068,0],[107.58175,-6.79047,0],[107.58172,-6.79029,0],[107.58169,-6.79015,0],[107.581667,-6.790059,0],[107.581684,-6.790018,0],[107.58174,-6.78999,0],[107.58195,-6.78992,0],[107.58205,-6.78984,0],[107.58208,-6.78976,0],[107.58224,-6.78947,0],[107.58226,-6.78923,0],[107.58225,-6.78912,0],[107.58223,-6.78885,0],[107.58216,-6.7886,0],[107.58212,-6.78845,0],[107.58207,-6.788321,0],[107.582089,-6.788019,0],[107.58209,-6.78801,0],[107.58221,-6.78767,0],[107.58229,-6.7875,0],[107.58241,-6.7873,0],[107.58251,-6.78705,0],[107.58256,-6.7869,0],[107.5825,-6.78682,0],[107.58253,-6.78673,0],[107.58262,-6.78655,0],[107.58261,-6.78641,0],[107.58256,-6.78629,0],[107.58251,-6.78615,0],[107.58254,-6.78604,0],[107.58267,-6.78588,0],[107.58278,-6.78575,0],[107.58283,-6.78557,0],[107.58281,-6.78544,0],[107.58248,-6.78496,0],[107.582169,-6.784488,0],[107.581931,-6.783918,0],[107.581842,-6.783705,0],[107.58184,-6.78369,0],[107.58182,-6.78358,0],[107.581795,-6.783452,0],[107.58176,-6.78327,0],[107.58164,-6.78306,0],[107.58148,-6.78283,0],[107.58148,-6.78268,0],[107.5815,-6.78249,0],[107.58164,-6.78229,0],[107.58174,-6.78209,0],[107.58181,-6.7819,0],[107.58187,-6.78178,0],[107.58201,-6.78167,0],[107.58211,-6.78165,0],[107.58222,-6.78159,0],[107.58229,-6.78153,0],[107.58232,-6.78129,0],[107.58233,-6.78112,0],[107.58241,-6.78098,0],[107.58247,-6.78074,0],[107.58251,-6.78044,0],[107.58248,-6.78024,0],[107.58231,-6.77968,0],[107.58223,-6.77956,0],[107.58211,-6.77951,0],[107.58195,-6.77948,0],[107.581866,-6.77947,0],[107.581705,-6.779311,0],[107.580321,-6.77896,0],[107.580124,-6.778036,0],[107.58013,-6.77787,0],[107.58012,-6.77745,0],[107.58001,-6.77726,0],[107.5798,-6.77707,0],[107.57965,-6.77682,0],[107.57954,-6.7767,0],[107.5794,-6.77653,0],[107.57932,-6.77651,0],[107.57926,-6.77647,0],[107.57926,-6.77641,0],[107.579119,-6.776367,0],[107.578486,-6.775771,0],[107.578428,-6.775791,0],[107.578387,-6.775806,0],[107.578308,-6.775934,0],[107.578011,-6.776103,0],[107.5774,-6.776363,0],[107.576767,-6.776637,0],[107.576309,-6.776794,0],[107.576119,-6.776837,0],[107.575844,-6.776848,0],[107.575592,-6.776839,0],[107.575249,-6.776813,0],[107.574921,-6.776759,0],[107.574814,-6.776666,0],[107.57473,-6.776592,0],[107.574677,-6.776564,0],[107.574668,-6.776559,0],[107.574564,-6.776499,0],[107.574494,-6.776458,0],[107.574364,-6.776321,0],[107.574265,-6.776067,0],[107.574082,-6.775807,0],[107.573708,-6.775188,0],[107.573563,-6.775007,0],[107.573532,-6.774811,0],[107.573471,-6.774695,0],[107.57338,-6.774499,0],[107.573082,-6.774235,0],[107.573044,-6.77409,0],[107.573013,-6.773899,0],[107.572991,-6.773703,0],[107.572891,-6.773438,0],[107.572746,-6.773238,0],[107.572655,-6.773089,0],[107.572594,-6.772903,0],[107.57254,-6.772744,0],[107.572495,-6.772595,0],[107.572418,-6.7724,0],[107.572296,-6.77212,0],[107.57222,-6.771971,0],[107.572098,-6.77179,0],[107.571854,-6.771549,0],[107.571587,-6.771295,0],[107.571388,-6.771131,0],[107.571213,-6.771034,0],[107.570976,-6.770934,0],[107.570602,-6.770887,0],[107.570488,-6.770873,0],[107.570192,-6.770878,0],[107.569733,-6.770885,0],[107.569275,-6.770943,0],[107.568787,-6.77104,0],[107.568405,-6.771174,0],[107.568367,-6.771187,0],[107.568345,-6.771197,0],[107.567818,-6.771421,0],[107.56662,-6.771939,0],[107.566278,-6.772066,0],[107.565788,-6.772248,0],[107.565132,-6.772515,0],[107.564568,-6.772804,0],[107.564247,-6.772993,0],[107.564034,-6.773177,0],[107.563907,-6.773298,0],[107.563774,-6.773425,0],[107.563606,-6.773578,0],[107.563527,-6.773628,0],[107.563316,-6.773762,0],[107.563022,-6.773886,0],[107.563017,-6.773887,0],[107.562836,-6.773916,0],[107.561662,-6.772583,0],[107.561545,-6.772754,0],[107.561487,-6.772872,0],[107.561419,-6.773065,0],[107.561362,-6.773154,0],[107.561298,-6.773176,0],[107.561216,-6.773176,0],[107.561059,-6.773151,0],[107.560963,-6.77313,0],[107.560812,-6.773097,0],[107.560608,-6.773023,0],[107.560487,-6.772947,0],[107.560391,-6.77289,0],[107.56027,-6.772858,0],[107.560095,-6.77284,0],[107.559888,-6.772819,0],[107.559685,-6.772784,0],[107.55961,-6.772766,0],[107.55947,-6.772716,0],[107.559369,-6.772694,0],[107.559234,-6.772644,0],[107.559159,-6.772602,0],[107.559091,-6.772538,0],[107.559022,-6.772473,0],[107.558973,-6.772435,0],[107.558838,-6.772393,0],[107.558678,-6.772385,0],[107.558503,-6.772446,0],[107.558331,-6.772564,0],[107.558094,-6.772763,0],[107.557932,-6.772891,0],[107.557876,-6.772935,0],[107.557666,-6.773045,0],[107.557455,-6.773138,0],[107.55743,-6.773149,0],[107.557202,-6.773227,0],[107.556989,-6.77327,0],[107.556756,-6.773313,0],[107.556582,-6.773335,0],[107.556441,-6.773359,0],[107.556342,-6.773382,0],[107.556225,-6.773447,0],[107.556062,-6.773593,0],[107.555997,-6.773681,0],[107.555775,-6.773982,0],[107.555646,-6.774139,0],[107.555602,-6.774181,0],[107.555554,-6.774212,0],[107.555501,-6.774237,0],[107.555354,-6.774275,0],[107.555292,-6.774291,0],[107.555173,-6.774346,0],[107.555091,-6.774422,0],[107.555006,-6.774501,0],[107.554905,-6.774554,0],[107.554819,-6.774563,0],[107.554467,-6.774487,0],[107.554243,-6.774435,0],[107.554105,-6.774411,0],[107.554015,-6.774405,0],[107.553901,-6.774397,0],[107.553715,-6.774387,0],[107.553577,-6.774349,0],[107.553421,-6.774298,0],[107.55322,-6.774286,0],[107.55297,-6.774246,0],[107.552774,-6.77419,0],[107.552669,-6.774138,0],[107.552531,-6.774019,0],[107.552341,-6.773938,0],[107.552165,-6.773914,0],[107.552037,-6.773914,0],[107.55186,-6.773914,0],[107.551608,-6.773866,0],[107.551284,-6.773743,0],[107.55114,-6.773689,0],[107.551039,-6.773645,0],[107.550888,-6.773546,0],[107.550797,-6.773483,0],[107.550642,-6.773412,0],[107.550541,-6.773367,0],[107.55052,-6.773359,0],[107.550517,-6.773358,0],[107.550496,-6.773349,0],[107.550448,-6.773331,0],[107.55038,-6.773304,0],[107.550337,-6.773287,0],[107.550083,-6.773234,0],[107.55004,-6.773216,0],[107.550024,-6.7732,0],[107.549679,-6.772968,0],[107.549596,-6.772921,0],[107.549595,-6.77292,0],[107.549371,-6.772961,0],[107.549266,-6.772979,0],[107.54898,-6.77308,0],[107.548897,-6.773151,0],[107.54885,-6.77319,0],[107.548763,-6.7733,0],[107.54874,-6.77333,0],[107.54862,-6.77346,0],[107.54835,-6.77356,0],[107.54793,-6.77362,0],[107.54702,-6.77368,0],[107.54609,-6.77362,0],[107.54516,-6.77354,0],[107.54498,-6.77347,0],[107.54475,-6.77335,0],[107.54459,-6.77324,0],[107.54441,-6.77318,0],[107.54418,-6.77316,0],[107.54395,-6.77312,0],[107.54383,-6.77309,0],[107.54359,-6.77315,0],[107.54327,-6.77317,0],[107.54313,-6.77319,0],[107.54294,-6.77322,0],[107.54254,-6.77321,0],[107.54228,-6.77307,0],[107.542,-6.77278,0],[107.54184,-6.77269,0],[107.54164,-6.77256,0],[107.54158,-6.77245,0],[107.54147,-6.77238,0],[107.54131,-6.77239,0],[107.54113,-6.7724,0],[107.54103,-6.77225,0],[107.54087,-6.77205,0],[107.54072,-6.77199,0],[107.54063,-6.77199,0],[107.54046,-6.77207,0],[107.54032,-6.77204,0],[107.54015,-6.77198,0],[107.54,-6.77198,0],[107.53982,-6.77209,0],[107.53966,-6.77233,0],[107.53956,-6.77233,0],[107.53923,-6.77233,0],[107.53911,-6.77237,0],[107.53881,-6.7725,0],[107.53841,-6.77261,0],[107.53808,-6.77265,0],[107.53775,-6.77261,0],[107.53743,-6.77252,0],[107.53712,-6.77248,0],[107.53692,-6.77244,0],[107.53679,-6.7724,0],[107.53658,-6.77241,0],[107.53633,-6.77257,0],[107.53616,-6.77278,0],[107.53602,-6.77287,0],[107.53579,-6.77294,0],[107.53553,-6.77317,0],[107.53529,-6.77348,0],[107.53503,-6.77379,0],[107.53497,-6.77395,0],[107.53474,-6.77413,0],[107.53444,-6.77429,0],[107.53405,-6.77444,0],[107.534032,-6.774457,0],[107.53392,-6.77456,0],[107.533417,-6.77479,0],[107.533392,-6.774669,0],[107.5333,-6.774564,0],[107.533145,-6.774527,0],[107.533099,-6.774518,0],[107.532991,-6.774518,0],[107.532856,-6.774631,0],[107.532576,-6.774769,0],[107.532162,-6.775108,0],[107.531973,-6.775226,0],[107.53187,-6.775234,0],[107.531826,-6.775276,0],[107.530872,-6.775759,0],[107.530947,-6.775548,0],[107.53092,-6.77556,0],[107.53082,-6.77565,0],[107.530441,-6.776071,0],[107.530341,-6.776197,0],[107.530077,-6.776176,0],[107.529751,-6.776289,0],[107.52942,-6.776339,0],[107.529282,-6.776348,0],[107.529161,-6.776347,0],[107.528926,-6.77641,0],[107.528729,-6.776393,0],[107.528591,-6.776251,0],[107.528457,-6.776247,0],[107.528194,-6.776264,0],[107.528043,-6.776264,0],[107.527846,-6.776159,0],[107.527654,-6.776033,0],[107.527394,-6.775807,0],[107.52726,-6.775778,0],[107.52703,-6.775648,0],[107.526879,-6.775648,0],[107.526758,-6.775745,0],[107.526603,-6.775853,0],[107.52649,-6.775711,0],[107.526406,-6.775715,0],[107.526235,-6.775853,0],[107.526088,-6.77587,0],[107.525917,-6.775858,0],[107.525636,-6.77569,0],[107.525364,-6.775477,0],[107.525293,-6.775439,0],[107.525147,-6.77536,0],[107.524954,-6.775209,0],[107.524707,-6.775196,0],[107.524523,-6.775138,0],[107.524192,-6.775133,0],[107.523673,-6.775133,0],[107.52346,-6.775192,0],[107.523263,-6.775313,0],[107.522978,-6.775447,0],[107.522727,-6.775473,0],[107.522451,-6.77546,0],[107.522342,-6.775548,0],[107.522279,-6.775544,0],[107.522175,-6.77541,0],[107.52202,-6.775322,0],[107.521765,-6.775125,0],[107.521744,-6.774857,0],[107.52165,-6.774785,0],[107.521522,-6.774686,0],[107.521384,-6.774673,0],[107.521208,-6.774681,0],[107.521116,-6.774644,0],[107.52107,-6.774531,0],[107.521049,-6.774375,0],[107.521087,-6.774246,0],[107.520982,-6.774112,0],[107.52084,-6.77415,0],[107.520781,-6.774133,0],[107.520731,-6.774087,0],[107.520551,-6.774171,0],[107.520358,-6.774355,0],[107.520174,-6.774518,0],[107.519848,-6.774414,0],[107.519743,-6.774439,0],[107.519655,-6.774359,0],[107.519508,-6.77441,0],[107.519262,-6.77428,0],[107.519174,-6.774309,0],[107.518864,-6.774451,0],[107.51863,-6.774485,0],[107.518391,-6.774573,0],[107.518253,-6.774657,0],[107.518111,-6.774677,0],[107.518031,-6.774748,0],[107.517901,-6.77479,0],[107.517822,-6.774924,0],[107.51768,-6.774949,0],[107.517394,-6.774934,0],[107.51737,-6.774933,0],[107.517283,-6.774896,0],[107.517125,-6.774831,0],[107.516968,-6.774736,0],[107.516888,-6.774669,0],[107.516813,-6.774648,0],[107.516729,-6.774707,0],[107.5166,-6.774782,0],[107.516566,-6.774907,0],[107.516616,-6.77515,0],[107.516566,-6.775171,0],[107.516495,-6.775297,0],[107.516411,-6.775343,0],[107.516269,-6.775326,0],[107.516114,-6.775133,0],[107.516014,-6.775075,0],[107.515917,-6.775133,0],[107.515809,-6.775184,0],[107.515763,-6.775242,0],[107.515696,-6.775284,0],[107.515583,-6.775217,0],[107.51531,-6.775213,0],[107.51516,-6.775198,0],[107.515101,-6.775159,0],[107.514984,-6.775188,0],[107.514946,-6.775284,0],[107.51475,-6.77548,0],[107.51465,-6.77566,0],[107.514574,-6.775581,0],[107.514494,-6.775489,0],[107.514406,-6.775473,0],[107.514323,-6.77546,0],[107.514231,-6.77551,0],[107.514118,-6.775593,0],[107.514101,-6.775606,0],[107.513992,-6.775594,0],[107.513833,-6.775682,0],[107.5138,-6.77585,0],[107.51383,-6.77594,0],[107.51383,-6.77606,0],[107.51379,-6.77618,0],[107.51368,-6.77629,0],[107.51355,-6.77636,0],[107.51338,-6.77641,0],[107.51317,-6.77637,0],[107.513111,-6.77637,0],[107.51298,-6.77637,0],[107.51282,-6.77642,0],[107.51273,-6.77652,0],[107.51269,-6.77663,0],[107.51265,-6.77673,0],[107.512565,-6.776774,0],[107.512468,-6.776816,0],[107.51228,-6.776766,0],[107.51217,-6.7767,0],[107.51207,-6.7766,0],[107.511945,-6.776548,0],[107.51182,-6.776594,0],[107.51173,-6.77666,0],[107.51159,-6.77665,0],[107.511481,-6.776594,0],[107.511384,-6.776649,0],[107.51135,-6.77676,0],[107.511368,-6.776904,0],[107.51141,-6.777076,0],[107.51136,-6.77714,0],[107.511271,-6.777134,0],[107.511133,-6.777122,0],[107.510995,-6.777034,0],[107.510886,-6.776845,0],[107.51075,-6.77674,0],[107.51064,-6.77674,0],[107.51048,-6.776711,0],[107.510363,-6.776758,0],[107.510292,-6.776896,0],[107.5102,-6.77701,0],[107.51009,-6.77707,0],[107.51002,-6.77708,0],[107.50993,-6.77702,0],[107.50988,-6.77679,0],[107.50979,-6.77666,0],[107.509741,-6.776607,0],[107.50945,-6.77629,0],[107.50927,-6.7762,0],[107.50915,-6.77616,0],[107.50894,-6.77619,0],[107.508832,-6.77623,0],[107.508639,-6.776301,0],[107.508538,-6.776305,0],[107.508488,-6.776257,0],[107.508421,-6.776192,0],[107.508371,-6.776075,0],[107.508379,-6.77582,0],[107.508316,-6.77569,0],[107.508251,-6.775666,0],[107.507688,-6.775987,0],[107.507283,-6.776007,0],[107.507057,-6.775929,0],[107.506981,-6.775958,0],[107.506821,-6.775957,0],[107.506689,-6.775869,0],[107.506233,-6.775847,0],[107.506204,-6.775828,0],[107.506019,-6.775845,0],[107.50587,-6.77568,0],[107.50579,-6.77557,0],[107.505778,-6.775489,0],[107.505574,-6.77518,0],[107.50537,-6.77506,0],[107.50509,-6.77483,0],[107.504944,-6.774764,0],[107.504774,-6.774806,0],[107.504635,-6.77473,0],[107.504621,-6.774732,0],[107.504453,-6.77474,0],[107.50429,-6.77469,0],[107.504139,-6.774574,0],[107.503968,-6.774443,0],[107.503949,-6.774388,0],[107.503925,-6.774405,0],[107.503799,-6.775031,0],[107.503712,-6.775054,0],[107.50365,-6.77517,0],[107.5036,-6.77522,0],[107.50342,-6.77522,0],[107.503231,-6.775142,0],[107.50318,-6.77507,0],[107.50314,-6.77494,0],[107.50314,-6.77472,0],[107.503126,-6.774585,0],[107.502965,-6.774451,0],[107.502904,-6.774426,0],[107.502733,-6.77438,0],[107.502595,-6.774313,0],[107.502545,-6.774268,0],[107.50225,-6.774487,0],[107.50205,-6.774912,0],[107.501922,-6.774896,0],[107.5019,-6.77494,0],[107.501816,-6.774924,0],[107.501706,-6.774877,0],[107.501512,-6.774878,0],[107.501486,-6.774891,0],[107.501368,-6.774928,0],[107.501353,-6.774936,0],[107.501223,-6.775155,0],[107.501336,-6.775596,0],[107.501208,-6.775781,0],[107.501023,-6.775863,0],[107.501017,-6.775879,0],[107.500979,-6.776,0],[107.500933,-6.776121,0],[107.500841,-6.776113,0],[107.500832,-6.776114,0],[107.500935,-6.776518,0],[107.500947,-6.776558,0],[107.500996,-6.776594,0],[107.501021,-6.776699,0],[107.50101,-6.776785,0],[107.501045,-6.776912,0],[107.500961,-6.77694,0],[107.500921,-6.777025,0],[107.50087,-6.77712,0],[107.50082,-6.777138,0],[107.500757,-6.777122,0],[107.500699,-6.777113,0],[107.500648,-6.777059,0],[107.500649,-6.777046,0],[107.500557,-6.777077,0],[107.50057,-6.777174,0],[107.500294,-6.777219,0],[107.500314,-6.777335,0],[107.500276,-6.777393,0],[107.500259,-6.777419,0],[107.500192,-6.77744,0],[107.500113,-6.777444,0],[107.500025,-6.777436,0],[107.499945,-6.777427,0],[107.499853,-6.777302,0],[107.499807,-6.777151,0],[107.499715,-6.777025,0],[107.499606,-6.776992,0],[107.499456,-6.777009,0],[107.499347,-6.777134,0],[107.4992,-6.777243,0],[107.498928,-6.777574,0],[107.498865,-6.777578,0],[107.498819,-6.777486,0],[107.498793,-6.777289,0],[107.498367,-6.77703,0],[107.498342,-6.777059,0],[107.498275,-6.777059,0],[107.498208,-6.777126,0],[107.498133,-6.77721,0],[107.497995,-6.777348,0],[107.497974,-6.777427,0],[107.497861,-6.777461,0],[107.497773,-6.777507,0],[107.497731,-6.777632,0],[107.497631,-6.777724,0],[107.497438,-6.777837,0],[107.497434,-6.777913,0],[107.49734,-6.77802,0],[107.49724,-6.77821,0],[107.497216,-6.778285,0],[107.497116,-6.778377,0],[107.49702,-6.778348,0],[107.49696,-6.778305,0],[107.496951,-6.778314,0],[107.496931,-6.778284,0],[107.496856,-6.778231,0],[107.496789,-6.778243,0],[107.496714,-6.778193,0],[107.496526,-6.778147,0],[107.496521,-6.77814,0],[107.496515,-6.778142,0],[107.495992,-6.777927,0],[107.495437,-6.778164,0],[107.495439,-6.778,0],[107.4954,-6.778009,0],[107.495241,-6.778105,0],[107.495057,-6.778239,0],[107.494973,-6.778289,0],[107.494843,-6.778419,0],[107.494698,-6.778508,0],[107.494577,-6.778513,0],[107.494478,-6.778529,0],[107.494398,-6.778537,0],[107.494233,-6.778445,0],[107.494117,-6.778397,0],[107.494059,-6.778455,0],[107.494093,-6.778644,0],[107.49403,-6.77871,0],[107.493996,-6.778784,0],[107.493899,-6.778867,0],[107.493821,-6.778818,0],[107.493737,-6.778671,0],[107.493729,-6.778658,0],[107.493579,-6.778596,0],[107.493444,-6.778615,0],[107.493366,-6.778688,0],[107.49328,-6.77884,0],[107.49318,-6.77896,0],[107.493022,-6.779133,0],[107.493042,-6.77922,0],[107.49324,-6.77923,0],[107.493308,-6.779274,0],[107.493274,-6.779351,0],[107.493289,-6.779414,0],[107.493347,-6.779472,0],[107.493342,-6.77968,0],[107.493332,-6.779782,0],[107.493376,-6.779845,0],[107.493395,-6.779981,0],[107.493429,-6.780116,0],[107.493318,-6.780208,0],[107.493168,-6.780242,0],[107.49293,-6.780242,0],[107.492872,-6.780363,0],[107.49276,-6.78052,0],[107.49245,-6.78087,0],[107.492166,-6.781227,0],[107.49206,-6.78136,0],[107.491889,-6.781899,0],[107.49177,-6.78197,0],[107.491623,-6.782087,0],[107.491429,-6.78217,0],[107.49139,-6.78225,0],[107.491313,-6.782359,0],[107.49122,-6.78236,0],[107.49115,-6.7824,0],[107.490959,-6.782359,0],[107.490891,-6.782247,0],[107.490809,-6.782204,0],[107.490751,-6.782112,0],[107.490814,-6.781957,0],[107.490819,-6.781865,0],[107.490707,-6.781826,0],[107.490591,-6.781753,0],[107.490436,-6.781744,0],[107.490341,-6.781749,0],[107.490271,-6.781753,0],[107.490223,-6.781831,0],[107.490126,-6.781937,0],[107.49,-6.78201,0],[107.489925,-6.781976,0],[107.489797,-6.781894,0],[107.489671,-6.781908,0],[107.489579,-6.781991,0],[107.48954,-6.782112,0],[107.489584,-6.782247,0],[107.489651,-6.782339,0],[107.489771,-6.782444,0],[107.489821,-6.78247,0],[107.489845,-6.782581,0],[107.489739,-6.782717,0],[107.489598,-6.782799,0],[107.48956,-6.78287,0],[107.489433,-6.783022,0],[107.489371,-6.783046,0],[107.489308,-6.782979,0],[107.489172,-6.782911,0],[107.489133,-6.782848,0],[107.489094,-6.782751,0],[107.489027,-6.782698,0],[107.488983,-6.78248,0],[107.488891,-6.782388,0],[107.488833,-6.782291,0],[107.488809,-6.782204,0],[107.488799,-6.782116,0],[107.488712,-6.782058,0],[107.488634,-6.782054,0],[107.488533,-6.782068,0],[107.488426,-6.782121,0],[107.4883,-6.78224,0],[107.488208,-6.782267,0],[107.488097,-6.782223,0],[107.487927,-6.782102,0],[107.487767,-6.781981,0],[107.487743,-6.781865,0],[107.4877,-6.781705,0],[107.487588,-6.781637,0],[107.487433,-6.78156,0],[107.487317,-6.78155,0],[107.487254,-6.781613,0],[107.48716,-6.78176,0],[107.487055,-6.781807,0],[107.486818,-6.781952,0],[107.4866,-6.78219,0],[107.486135,-6.782644,0],[107.486092,-6.782756,0],[107.486126,-6.782916,0],[107.486203,-6.783042,0],[107.486334,-6.783327,0],[107.486353,-6.783424,0],[107.48613,-6.7836,0],[107.485883,-6.783734,0],[107.485782,-6.783841,0],[107.485796,-6.783947,0],[107.485903,-6.784005,0],[107.486005,-6.784107,0],[107.486053,-6.78418,0],[107.486024,-6.784402,0],[107.485932,-6.784441,0],[107.485835,-6.784456,0],[107.485816,-6.784519,0],[107.485859,-6.784596,0],[107.48585,-6.784659,0],[107.485893,-6.784703,0],[107.485932,-6.784804,0],[107.485903,-6.784892,0],[107.485787,-6.784945,0],[107.485714,-6.785013,0],[107.48569,-6.785076,0],[107.485627,-6.785265,0],[107.485506,-6.785458,0],[107.485425,-6.785505,0],[107.485414,-6.785512,0],[107.485138,-6.785521,0],[107.484954,-6.785478,0],[107.484866,-6.7854,0],[107.484784,-6.785231,0],[107.48474,-6.785119,0],[107.484668,-6.784993,0],[107.484547,-6.784892,0],[107.484474,-6.784877,0],[107.4844,-6.78502,0],[107.484484,-6.785187,0],[107.48445,-6.785263,0],[107.484445,-6.785274,0],[107.484334,-6.7854,0],[107.484237,-6.785458,0],[107.484116,-6.785604,0],[107.484125,-6.785831,0],[107.484087,-6.786122,0],[107.483946,-6.786194,0],[107.483859,-6.786267,0],[107.483786,-6.786461,0],[107.483593,-6.786684,0],[107.483399,-6.786766,0],[107.483418,-6.786887,0],[107.483321,-6.787047,0],[107.483195,-6.787255,0],[107.483026,-6.7874,0],[107.482813,-6.787396,0],[107.482677,-6.787376,0],[107.482522,-6.787294,0],[107.482343,-6.787095,0],[107.482246,-6.786892,0],[107.482251,-6.786495,0],[107.482212,-6.786335,0],[107.482251,-6.786165,0],[107.482222,-6.786035,0],[107.482091,-6.785933,0],[107.481859,-6.785865,0],[107.481646,-6.785817,0],[107.481442,-6.785822,0],[107.481292,-6.785763,0],[107.481158,-6.785796,0],[107.481132,-6.785802,0],[107.48104,-6.78586,0],[107.48095,-6.78599,0],[107.480963,-6.786098,0],[107.480832,-6.786204,0],[107.480711,-6.786185,0],[107.480508,-6.786127,0],[107.480246,-6.786146,0],[107.480096,-6.786214,0],[107.479815,-6.78634,0],[107.47935,-6.786495,0],[107.479088,-6.786655,0],[107.47882,-6.78673,0],[107.478716,-6.786645,0],[107.478565,-6.786548,0],[107.478347,-6.78618,0],[107.478193,-6.785788,0],[107.47795,-6.785618,0],[107.477912,-6.785366,0],[107.477795,-6.785313,0],[107.477689,-6.785468,0],[107.477602,-6.785497,0],[107.477602,-6.78561,0],[107.477602,-6.785671,0],[107.477606,-6.785817,0],[107.477558,-6.785909,0],[107.477481,-6.786025,0],[107.4773,-6.786227,0],[107.477272,-6.786257,0],[107.477064,-6.786398,0],[107.476982,-6.786403,0],[107.476798,-6.786282,0],[107.476677,-6.786262,0],[107.47656,-6.78626,0],[107.47648,-6.78631,0],[107.47641,-6.78639,0],[107.47637,-6.78655,0],[107.4763,-6.78677,0],[107.476183,-6.786863,0],[107.475974,-6.786868,0],[107.475747,-6.786911,0],[107.475218,-6.786807,0],[107.475001,-6.786751,0],[107.474749,-6.786693,0],[107.474458,-6.786563,0],[107.474119,-6.786446,0],[107.473926,-6.786388,0],[107.473887,-6.786286,0],[107.473829,-6.786267,0],[107.473756,-6.786185,0],[107.473611,-6.786156,0],[107.473461,-6.785972,0],[107.473233,-6.785657,0],[107.47302,-6.785575,0],[107.47287,-6.785516,0],[107.472831,-6.785294,0],[107.472691,-6.785206,0],[107.47256,-6.785134,0],[107.472458,-6.785134,0],[107.472352,-6.78525,0],[107.47229,-6.7854,0],[107.472201,-6.785524,0],[107.472148,-6.785599,0],[107.471929,-6.785694,0],[107.471824,-6.785768,0],[107.471746,-6.785902,0],[107.47164,-6.785952,0],[107.471543,-6.785889,0],[107.471509,-6.785768,0],[107.471528,-6.785637,0],[107.471551,-6.78554,0],[107.471436,-6.785453,0],[107.471257,-6.785434,0],[107.471155,-6.785386,0],[107.471073,-6.785274,0],[107.470937,-6.785187,0],[107.470657,-6.7851,0],[107.470443,-6.784974,0],[107.47023,-6.784795,0],[107.470008,-6.784901,0],[107.469833,-6.784984,0],[107.469543,-6.784993,0],[107.469334,-6.785066,0],[107.469228,-6.785071,0],[107.46901,-6.784935,0],[107.468874,-6.784979,0],[107.468743,-6.785051,0],[107.468627,-6.785177,0],[107.46854,-6.785245,0],[107.46793,-6.784877,0],[107.467838,-6.784751,0],[107.467615,-6.784766,0],[107.467538,-6.784635,0],[107.4673,-6.784727,0],[107.466835,-6.784286,0],[107.46668,-6.784339,0],[107.466624,-6.784384,0],[107.466545,-6.784446,0],[107.466433,-6.784465,0],[107.46622,-6.784407,0],[107.46606,-6.784432,0],[107.465765,-6.78463,0],[107.465552,-6.784524,0],[107.465363,-6.784427,0],[107.465252,-6.784223,0],[107.465181,-6.784196,0],[107.465026,-6.784201,0],[107.464897,-6.784235,0],[107.46514,-6.78473,0],[107.46532,-6.78506,0],[107.46566,-6.78559,0],[107.46646,-6.7865,0],[107.466497,-6.78653,0],[107.46662,-6.78663,0],[107.46681,-6.78688,0],[107.46704,-6.78727,0],[107.46721,-6.78748,0],[107.4675,-6.78777,0],[107.46773,-6.78797,0],[107.46781,-6.78811,0],[107.46785,-6.78817,0],[107.46794,-6.78838,0],[107.46819,-6.78884,0],[107.46846,-6.7894,0],[107.46858,-6.78959,0],[107.4687,-6.78974,0],[107.46885,-6.78983,0],[107.46911,-6.78988,0],[107.47049,-6.78991,0],[107.470629,-6.789926,0],[107.471,-6.78997,0],[107.47137,-6.79074,0],[107.47166,-6.79137,0],[107.47173,-6.79153,0],[107.47175,-6.79161,0],[107.47195,-6.79205,0],[107.47183,-6.79215,0],[107.4718,-6.79221,0],[107.47184,-6.79247,0],[107.47171,-6.79261,0],[107.47166,-6.79278,0],[107.47156,-6.79303,0],[107.4714,-6.79326,0],[107.47135,-6.79335,0],[107.47125,-6.79345,0],[107.47118,-6.79352,0],[107.47128,-6.79372,0],[107.47137,-6.7941,0],[107.47143,-6.79454,0],[107.47139,-6.79478,0],[107.47132,-6.79497,0],[107.47122,-6.79524,0],[107.47083,-6.79551,0],[107.47058,-6.79576,0],[107.47043,-6.79601,0],[107.47031,-6.796422,0],[107.47015,-6.79697,0],[107.47004,-6.79732,0],[107.46961,-6.79806,0],[107.46943,-6.79844,0],[107.469362,-6.798594,0],[107.46931,-6.79871,0],[107.4699,-6.79874,0],[107.47061,-6.79876,0],[107.4716,-6.79873,0],[107.47262,-6.79863,0],[107.472931,-6.798593,0],[107.47371,-6.7985,0],[107.47427,-6.79846,0],[107.47487,-6.79842,0],[107.475546,-6.798159,0],[107.476408,-6.797475,0],[107.477083,-6.796544,0],[107.477637,-6.795985,0],[107.478315,-6.795487,0],[107.478931,-6.795051,0],[107.47967,-6.794553,0],[107.480164,-6.794303,0],[107.480841,-6.793743,0],[107.481581,-6.793245,0],[107.481783,-6.793075,0],[107.481996,-6.792803,0],[107.482682,-6.792154,0],[107.483057,-6.791754,0],[107.483157,-6.791705,0],[107.483182,-6.79168,0],[107.484024,-6.79108,0],[107.484693,-6.790928,0],[107.485362,-6.790626,0],[107.485492,-6.790598,0],[107.48571,-6.790504,0],[107.485925,-6.790503,0],[107.486751,-6.790322,0],[107.487517,-6.790139,0],[107.487934,-6.789998,0],[107.488223,-6.790106,0],[107.488563,-6.790138,0],[107.489148,-6.790451,0],[107.48973,-6.790669,0],[107.490439,-6.790783,0],[107.490503,-6.790774,0],[107.490542,-6.7908,0],[107.490844,-6.790849,0],[107.49116,-6.790994,0],[107.491472,-6.790992,0],[107.491654,-6.791221,0],[107.491774,-6.791276,0],[107.491902,-6.792018,0],[107.491861,-6.792888,0],[107.491982,-6.793496,0],[107.492033,-6.793602,0],[107.492317,-6.794003,0],[107.492581,-6.794089,0],[107.492804,-6.794088,0],[107.493103,-6.79431,0],[107.49313,-6.794682,0],[107.493554,-6.794953,0],[107.49363,-6.79525,0],[107.493557,-6.795722,0],[107.49355,-6.795736,0],[107.493566,-6.795758,0],[107.493505,-6.795812,0],[107.493164,-6.796394,0],[107.491779,-6.797444,0],[107.491232,-6.797819,0],[107.490586,-6.79839,0],[107.490918,-6.799116,0],[107.490948,-6.799052,0],[107.49145,-6.79927,0],[107.492,-6.79964,0],[107.49271,-6.80007,0],[107.49336,-6.80045,0],[107.49368,-6.8006,0],[107.49425,-6.80081,0],[107.49429,-6.800824,0],[107.49478,-6.80099,0],[107.49522,-6.80122,0],[107.49554,-6.80154,0],[107.49598,-6.80197,0],[107.49629,-6.80233,0],[107.496576,-6.802709,0],[107.49678,-6.80298,0],[107.49737,-6.80355,0],[107.497981,-6.804236,0],[107.498217,-6.804348,0],[107.498346,-6.80437,0],[107.498725,-6.804437,0],[107.498916,-6.804481,0],[107.499253,-6.804502,0],[107.499488,-6.804377,0],[107.499515,-6.804363,0],[107.499717,-6.804254,0],[107.499774,-6.804212,0],[107.499799,-6.804161,0],[107.499809,-6.804153,0],[107.49981,-6.804144,0],[107.499842,-6.804039,0],[107.49992,-6.803977,0],[107.499999,-6.803931,0],[107.50007,-6.803889,0],[107.500099,-6.803871,0],[107.500102,-6.803858,0],[107.50013,-6.803853,0],[107.500213,-6.803803,0],[107.500293,-6.803775,0],[107.5004,-6.803682,0],[107.500433,-6.803653,0],[107.500518,-6.803579,0],[107.500599,-6.803532,0],[107.500659,-6.803427,0],[107.500653,-6.803359,0],[107.500638,-6.803199,0],[107.500607,-6.802957,0],[107.500618,-6.802887,0],[107.500657,-6.802636,0],[107.500693,-6.802313,0],[107.50077,-6.802133,0],[107.500944,-6.801852,0],[107.50121,-6.801354,0],[107.501251,-6.801305,0],[107.501362,-6.801138,0],[107.501387,-6.8011,0],[107.501431,-6.801028,0],[107.501548,-6.800835,0],[107.50155,-6.800835,0],[107.5016,-6.800865,0],[107.501618,-6.800888,0],[107.501683,-6.800972,0],[107.50174,-6.80101,0],[107.501804,-6.800969,0],[107.501873,-6.800876,0],[107.501909,-6.800819,0],[107.501956,-6.800745,0],[107.502109,-6.800618,0],[107.502155,-6.80058,0],[107.502161,-6.800576,0],[107.502271,-6.800468,0],[107.502309,-6.800459,0],[107.502386,-6.800441,0],[107.502811,-6.800335,0],[107.502951,-6.800286,0],[107.503063,-6.800268,0],[107.503212,-6.80025,0],[107.50329,-6.800255,0],[107.503585,-6.800315,0],[107.503768,-6.800417,0],[107.503862,-6.800432,0],[107.504053,-6.800439,0],[107.504364,-6.800388,0],[107.504687,-6.800326,0],[107.505155,-6.800144,0],[107.505438,-6.800032,0],[107.50567,-6.799986,0],[107.505869,-6.799977,0],[107.506098,-6.799921,0],[107.506195,-6.799801,0],[107.506229,-6.799759,0],[107.506373,-6.799589,0],[107.506513,-6.799423,0],[107.506764,-6.799252,0],[107.506887,-6.799218,0],[107.50693,-6.799206,0],[107.50698,-6.799194,0],[107.50711,-6.79917,0],[107.507306,-6.799068,0],[107.507349,-6.799046,0],[107.507423,-6.798977,0],[107.507498,-6.798907,0],[107.507632,-6.798797,0],[107.50795,-6.798523,0],[107.507965,-6.798504,0],[107.50797,-6.7985,0],[107.50813,-6.79829,0],[107.508151,-6.798248,0],[107.508228,-6.798131,0],[107.508245,-6.798045,0],[107.508257,-6.797933,0],[107.508284,-6.797891,0],[107.508361,-6.797792,0],[107.508389,-6.797754,0],[107.50853,-6.79758,0],[107.50864,-6.79741,0],[107.50863,-6.79729,0],[107.50863,-6.79715,0],[107.50872,-6.79703,0],[107.50887,-6.7969,0],[107.50902,-6.79678,0],[107.50917,-6.79686,0],[107.5093,-6.79685,0],[107.50937,-6.79678,0],[107.50944,-6.79661,0],[107.509476,-6.796555,0],[107.509482,-6.796545,0],[107.509701,-6.796342,0],[107.509752,-6.796295,0],[107.509829,-6.796224,0],[107.509894,-6.796238,0],[107.509972,-6.796262,0],[107.510044,-6.796285,0],[107.51009,-6.796265,0],[107.51015,-6.79626,0],[107.510213,-6.79621,0],[107.510256,-6.79619,0],[107.510264,-6.796087,0],[107.510317,-6.795851,0],[107.510385,-6.795772,0],[107.510464,-6.795754,0],[107.510476,-6.795751,0],[107.510703,-6.795711,0],[107.510711,-6.795703,0],[107.51076,-6.795641,0],[107.510888,-6.795509,0],[107.510937,-6.795503,0],[107.510989,-6.795496,0],[107.511086,-6.795484,0],[107.511117,-6.795458,0],[107.511133,-6.795443,0],[107.511228,-6.795414,0],[107.511311,-6.795381,0],[107.511368,-6.795315,0],[107.511395,-6.79526,0],[107.511439,-6.795172,0],[107.511496,-6.794978,0],[107.511528,-6.794832,0],[107.511604,-6.794789,0],[107.511636,-6.794778,0],[107.511721,-6.794749,0],[107.511753,-6.794738,0],[107.511786,-6.794727,0],[107.511894,-6.794666,0],[107.512154,-6.79458,0],[107.512233,-6.794479,0],[107.512342,-6.794356,0],[107.512418,-6.794308,0],[107.51249,-6.79427,0],[107.51252,-6.794243,0],[107.512685,-6.794139,0],[107.512812,-6.79403,0],[107.512844,-6.793943,0],[107.512944,-6.793686,0],[107.512992,-6.793564,0],[107.513071,-6.793497,0],[107.513147,-6.79349,0],[107.513197,-6.793485,0],[107.513347,-6.793518,0],[107.513424,-6.793509,0],[107.513637,-6.793457,0],[107.513967,-6.793408,0],[107.514133,-6.79336,0],[107.514187,-6.793301,0],[107.514281,-6.7932,0],[107.514374,-6.79304,0],[107.514454,-6.79301,0],[107.514479,-6.793011,0],[107.51448,-6.79301,0],[107.514777,-6.792545,0],[107.514902,-6.792671,0],[107.51498,-6.792771,0],[107.515044,-6.793003,0],[107.515212,-6.793281,0],[107.515246,-6.793324,0],[107.515367,-6.793477,0],[107.515773,-6.793605,0],[107.515891,-6.793669,0],[107.515987,-6.79376,0],[107.516051,-6.793856,0],[107.51611,-6.793974,0],[107.516101,-6.794129,0],[107.51622,-6.79503,0],[107.51625,-6.79566,0],[107.5163,-6.79617,0],[107.5165,-6.79681,0],[107.516684,-6.797014,0],[107.517177,-6.797137,0],[107.517573,-6.79716,0],[107.518056,-6.797178,0],[107.518403,-6.797192,0],[107.518558,-6.79721,0],[107.518895,-6.797361,0],[107.519419,-6.797721,0],[107.51963,-6.797883,0],[107.520201,-6.798469,0],[107.520433,-6.798709,0],[107.520519,-6.798791,0],[107.520677,-6.798721,0],[107.520924,-6.799272,0],[107.520966,-6.799364,0],[107.52119,-6.79976,0],[107.52148,-6.80029,0],[107.52156,-6.80058,0],[107.521667,-6.801045,0],[107.5216,-6.80109,0],[107.521536,-6.801127,0],[107.521405,-6.801153,0],[107.521305,-6.801207,0],[107.521251,-6.801278,0],[107.521262,-6.801357,0],[107.521312,-6.801414,0],[107.521405,-6.801539,0],[107.52144,-6.801614,0],[107.52149,-6.801657,0],[107.521355,-6.801757,0],[107.521254,-6.801832,0],[107.521065,-6.80181,0],[107.520944,-6.801674,0],[107.520866,-6.801675,0],[107.520798,-6.801674,0],[107.520755,-6.801781,0],[107.520755,-6.801903,0],[107.520783,-6.801939,0],[107.520737,-6.802081,0],[107.520734,-6.802245,0],[107.52087,-6.802406,0],[107.520991,-6.802699,0],[107.520937,-6.802981,0],[107.520912,-6.803241,0],[107.520869,-6.803459,0],[107.520948,-6.803762,0],[107.520948,-6.803952,0],[107.52094,-6.804006,0],[107.520937,-6.80403,0],[107.520894,-6.804098,0],[107.520823,-6.804116,0],[107.520725,-6.804127,0],[107.520512,-6.80413,0],[107.520423,-6.804153,0],[107.520248,-6.804116,0],[107.520095,-6.804116,0],[107.520023,-6.804137,0],[107.519941,-6.804173,0],[107.519877,-6.804248,0],[107.519845,-6.804319,0],[107.519848,-6.804405,0],[107.51982,-6.804494,0],[107.519795,-6.804551,0],[107.519766,-6.804615,0],[107.519734,-6.804719,0],[107.519641,-6.804822,0],[107.519495,-6.804831,0],[107.519317,-6.804905,0],[107.519224,-6.805019,0],[107.519131,-6.805158,0],[107.519125,-6.805194,0],[107.519099,-6.805344,0],[107.519113,-6.805465,0],[107.51911,-6.805551,0],[107.519135,-6.805601,0],[107.519148,-6.805675,0],[107.519174,-6.805722,0],[107.51916,-6.805815,0],[107.519152,-6.806043,0],[107.519095,-6.806114,0],[107.518999,-6.806161,0],[107.518817,-6.806177,0],[107.518768,-6.806184,0],[107.518728,-6.806182,0],[107.51871,-6.806264,0],[107.518681,-6.806343,0],[107.518713,-6.806389,0],[107.518713,-6.806471,0],[107.518799,-6.806596,0],[107.518828,-6.8069,0],[107.518735,-6.806968,0],[107.518713,-6.807021,0],[107.518794,-6.807161,0],[107.5187,-6.80731,0],[107.51853,-6.80743,0],[107.51829,-6.80745,0],[107.51812,-6.80747,0],[107.518115,-6.807476,0],[107.51805,-6.80755,0],[107.51801,-6.80776,0],[107.51788,-6.80781,0],[107.51757,-6.8079,0],[107.51725,-6.80809,0],[107.51719,-6.80817,0],[107.51719,-6.80834,0],[107.51719,-6.80853,0],[107.51725,-6.80869,0],[107.51723,-6.80886,0],[107.51718,-6.80919,0],[107.51711,-6.8094,0],[107.517,-6.80957,0],[107.51687,-6.80986,0],[107.51678,-6.81002,0],[107.51667,-6.81011,0],[107.51652,-6.81022,0],[107.5164,-6.81029,0],[107.51635,-6.81041,0],[107.516337,-6.810488,0],[107.51631,-6.81065,0],[107.51629,-6.81092,0],[107.51624,-6.81111,0],[107.51615,-6.81142,0],[107.51612,-6.81157,0],[107.51616,-6.81201,0],[107.51622,-6.81242,0],[107.51602,-6.81265,0],[107.51591,-6.81276,0],[107.51553,-6.81313,0],[107.51526,-6.81338,0],[107.51512,-6.81355,0],[107.515,-6.81386,0],[107.51492,-6.81406,0],[107.514814,-6.814286,0],[107.51489,-6.81434,0],[107.514971,-6.814483,0],[107.51493,-6.81455,0],[107.514956,-6.814614,0],[107.515258,-6.814789,0],[107.515265,-6.814919,0],[107.515146,-6.815072,0],[107.515146,-6.81518,0],[107.51528,-6.815254,0],[107.51531,-6.81527,0],[107.51542,-6.81531,0],[107.51554,-6.81524,0],[107.51584,-6.81498,0],[107.51628,-6.81519,0],[107.51649,-6.81532,0],[107.51668,-6.81555,0],[107.51653,-6.81566,0],[107.51642,-6.81575,0],[107.51631,-6.81595,0],[107.51602,-6.81621,0],[107.51596,-6.81631,0],[107.51585,-6.81638,0],[107.51566,-6.81645,0],[107.51538,-6.81648,0],[107.51505,-6.81672,0],[107.51465,-6.81702,0],[107.514557,-6.817073,0],[107.514352,-6.81714,0],[107.514205,-6.817172,0],[107.513956,-6.817325,0],[107.513649,-6.817561,0],[107.51346,-6.81781,0],[107.51339,-6.81781,0],[107.51298,-6.8178,0],[107.51264,-6.81788,0],[107.51246,-6.81792,0],[107.51214,-6.81816,0],[107.51199,-6.81828,0],[107.51198,-6.81851,0],[107.51198,-6.8188,0],[107.51201,-6.81891,0],[107.51211,-6.81909,0],[107.51236,-6.81931,0],[107.51274,-6.81947,0],[107.51331,-6.81954,0],[107.51371,-6.81964,0],[107.51408,-6.81988,0],[107.5142,-6.82,0],[107.51438,-6.82031,0],[107.51445,-6.82056,0],[107.51452,-6.821,0],[107.514585,-6.821215,0],[107.51468,-6.82153,0],[107.51493,-6.82184,0],[107.5152,-6.82202,0],[107.51556,-6.82215,0],[107.51586,-6.82219,0],[107.5161,-6.82219,0],[107.51631,-6.82229,0],[107.51667,-6.82245,0],[107.516643,-6.822549,0],[107.516668,-6.822652,0],[107.516882,-6.822684,0],[107.517014,-6.822706,0],[107.517057,-6.822792,0],[107.517229,-6.823116,0],[107.517239,-6.823198,0],[107.517292,-6.823281,0],[107.517296,-6.823323,0],[107.517428,-6.823366,0],[107.517464,-6.823395,0],[107.517518,-6.823405,0],[107.517753,-6.823509,0],[107.517871,-6.823491,0],[107.517967,-6.823475,0],[107.518014,-6.823505,0],[107.518057,-6.823548,0],[107.518067,-6.823623,0],[107.51811,-6.823716,0],[107.518217,-6.823887,0],[107.518385,-6.82403,0],[107.518415,-6.824033,0],[107.518417,-6.824034,0],[107.51852,-6.82426,0],[107.51861,-6.82446,0],[107.51866,-6.82481,0],[107.51861,-6.82529,0],[107.51859,-6.82549,0],[107.518494,-6.825793,0],[107.51847,-6.82587,0],[107.51821,-6.8261,0],[107.51814,-6.8263,0],[107.51813,-6.82652,0],[107.51823,-6.82669,0],[107.51839,-6.82687,0],[107.51879,-6.82687,0],[107.51886,-6.82692,0],[107.51888,-6.82702,0],[107.51881,-6.8271,0],[107.51868,-6.82723,0],[107.51848,-6.82726,0],[107.51818,-6.82739,0],[107.51777,-6.82763,0],[107.51748,-6.82773,0],[107.51717,-6.82789,0],[107.51694,-6.82803,0],[107.516434,-6.827973,0],[107.516164,-6.827942,0],[107.516248,-6.827979,0],[107.516444,-6.828071,0],[107.516611,-6.828149,0],[107.516627,-6.828165,0],[107.516939,-6.828457,0],[107.516892,-6.829249,0],[107.516791,-6.829696,0],[107.516965,-6.830177,0],[107.517427,-6.830699,0],[107.517452,-6.830736,0],[107.517504,-6.830811,0],[107.517686,-6.830964,0],[107.517798,-6.831092,0],[107.517953,-6.831229,0],[107.518091,-6.831391,0],[107.518169,-6.831468,0],[107.518238,-6.831579,0],[107.518567,-6.831955,0],[107.518604,-6.831995,0],[107.518783,-6.832186,0],[107.518852,-6.832306,0],[107.518917,-6.832377,0],[107.51885,-6.832446,0],[107.51887,-6.83247,0],[107.51902,-6.83257,0],[107.51955,-6.83299,0],[107.52009,-6.83339,0],[107.52052,-6.83355,0],[107.52086,-6.8336,0],[107.52133,-6.83376,0],[107.52177,-6.83391,0],[107.52202,-6.83395,0],[107.52223,-6.83397,0],[107.52246,-6.83384,0],[107.52274,-6.83367,0],[107.52294,-6.83366,0],[107.52303,-6.83359,0],[107.52374,-6.83397,0],[107.52405,-6.83415,0],[107.52413,-6.83438,0],[107.52447,-6.83459,0],[107.52474,-6.83474,0],[107.52485,-6.83478,0],[107.52511,-6.8347,0],[107.52534,-6.83459,0],[107.52552,-6.83449,0],[107.52568,-6.83449,0],[107.52574,-6.83454,0],[107.52577,-6.83424,0],[107.52578,-6.83388,0],[107.52575,-6.83356,0],[107.52578,-6.83346,0],[107.52596,-6.83308,0],[107.52612,-6.83286,0],[107.52628,-6.83274,0],[107.52647,-6.83259,0],[107.52654,-6.83251,0],[107.52663,-6.83233,0],[107.52672,-6.83222,0],[107.52684,-6.83205,0],[107.52701,-6.83197,0],[107.52703,-6.83191,0],[107.52706,-6.83174,0],[107.52717,-6.83166,0],[107.52725,-6.83158,0],[107.52745,-6.83164,0],[107.52763,-6.8317,0],[107.52776,-6.83167,0],[107.52782,-6.8316,0],[107.52798,-6.83143,0],[107.52811,-6.83124,0],[107.52832,-6.83121,0],[107.52846,-6.83124,0],[107.52866,-6.83139,0],[107.52875,-6.83142,0],[107.52907,-6.83127,0],[107.52919,-6.83118,0],[107.52942,-6.83093,0],[107.52952,-6.83087,0],[107.5296,-6.83068,0],[107.52965,-6.83043,0],[107.52971,-6.83025,0],[107.5299,-6.83001,0],[107.53014,-6.82967,0],[107.53065,-6.82925,0],[107.53073,-6.82914,0],[107.53092,-6.8289,0],[107.53097,-6.828858,0],[107.53117,-6.82869,0],[107.53124,-6.82858,0],[107.53137,-6.82841,0],[107.53162,-6.82827,0],[107.53196,-6.82802,0],[107.532125,-6.828011,0],[107.5325,-6.82799,0],[107.5328,-6.82802,0],[107.53342,-6.82817,0],[107.53356,-6.82821,0],[107.53433,-6.82848,0],[107.53446,-6.8285,0],[107.53507,-6.82861,0],[107.53577,-6.82873,0],[107.53644,-6.82883,0],[107.53718,-6.82898,0],[107.53718,-6.82898,0],[107.53718,-6.82898,0],[107.53725,-6.82899,0],[107.53743,-6.82903,0],[107.53798,-6.82909,0],[107.538469,-6.829172,0],[107.538634,-6.828699,0],[107.538889,-6.827838,0],[107.539037,-6.827466,0],[107.539122,-6.827307,0],[107.539197,-6.827264,0],[107.53934,-6.827185,0],[107.539585,-6.827084,0],[107.54009,-6.826866,0],[107.540254,-6.826781,0],[107.54051,-6.82667,0],[107.540918,-6.826404,0],[107.541088,-6.826265,0],[107.541094,-6.826248,0],[107.541253,-6.825745,0],[107.54153,-6.824894,0],[107.541886,-6.82389,0],[107.541909,-6.823813,0],[107.542061,-6.82331,0],[107.54213,-6.823082,0],[107.5423,-6.8227,0],[107.542555,-6.82202,0],[107.542794,-6.821292,0],[107.543012,-6.820697,0],[107.543272,-6.820085,0],[107.543437,-6.819586,0],[107.5436,-6.8196,0],[107.543648,-6.819602,0],[107.5441,-6.81962,0],[107.54436,-6.81957,0],[107.54487,-6.81958,0],[107.545,-6.81951,0],[107.54521,-6.81945,0],[107.54589,-6.81931,0],[107.54602,-6.81931,0],[107.546158,-6.819275,0],[107.546182,-6.819281,0],[107.546498,-6.819251,0],[107.547016,-6.81922,0],[107.547308,-6.819139,0],[107.547264,-6.819282,0],[107.547144,-6.820252,0],[107.547515,-6.820508,0],[107.5478,-6.820736,0],[107.547838,-6.820841,0],[107.547933,-6.821079,0],[107.548162,-6.821117,0],[107.548215,-6.821319,0],[107.548527,-6.821293,0],[107.548936,-6.821682,0],[107.549128,-6.822619,0],[107.549053,-6.823167,0],[107.548835,-6.823325,0],[107.548633,-6.823597,0],[107.54854,-6.82369,0],[107.548484,-6.823869,0],[107.54837,-6.824141,0],[107.548342,-6.824798,0],[107.54847,-6.825336,0],[107.54838,-6.82536,0],[107.548318,-6.825484,0],[107.5483,-6.82552,0],[107.5482,-6.82571,0],[107.54789,-6.82593,0],[107.54744,-6.82634,0],[107.54713,-6.82656,0],[107.54691,-6.82679,0],[107.546873,-6.826873,0],[107.546776,-6.826963,0],[107.546761,-6.827281,0],[107.54693,-6.827422,0],[107.546913,-6.827389,0],[107.546907,-6.827377,0],[107.546939,-6.82737,0],[107.547028,-6.827352,0],[107.547077,-6.827352,0],[107.547109,-6.827365,0],[107.547169,-6.827403,0],[107.547197,-6.827433,0],[107.547259,-6.827503,0],[107.547281,-6.827552,0],[107.547327,-6.827642,0],[107.547353,-6.827737,0],[107.547371,-6.827791,0],[107.547406,-6.827857,0],[107.547429,-6.827924,0],[107.547459,-6.827964,0],[107.547485,-6.827993,0],[107.547534,-6.828021,0],[107.547587,-6.828044,0],[107.547622,-6.828099,0],[107.547621,-6.828124,0],[107.547637,-6.828165,0],[107.547663,-6.828202,0],[107.547706,-6.828238,0],[107.547767,-6.828274,0],[107.547814,-6.828299,0],[107.547881,-6.828321,0],[107.547936,-6.828357,0],[107.548002,-6.828381,0],[107.548014,-6.828337,0],[107.548024,-6.828304,0],[107.548055,-6.828312,0],[107.548462,-6.828417,0],[107.548843,-6.828531,0],[107.5491,-6.82861,0],[107.549386,-6.828707,0],[107.54966,-6.828766,0],[107.549725,-6.828783,0],[107.550193,-6.828888,0],[107.55083,-6.829059,0],[107.551125,-6.829159,0],[107.551235,-6.829183,0],[107.55133,-6.82923,0],[107.55143,-6.829307,0],[107.55175,-6.829351,0],[107.551732,-6.829484,0],[107.551714,-6.829587,0],[107.551616,-6.829846,0],[107.551507,-6.830466,0],[107.55151,-6.830704,0],[107.551445,-6.830924,0],[107.551426,-6.831059,0],[107.551456,-6.831127,0],[107.551509,-6.831191,0],[107.551501,-6.831238,0],[107.551476,-6.831381,0],[107.551358,-6.831653,0],[107.551291,-6.831748,0],[107.551253,-6.831803,0],[107.551143,-6.831908,0],[107.551014,-6.832166,0],[107.550975,-6.832256,0],[107.550695,-6.832687,0],[107.550569,-6.832881,0],[107.550558,-6.832896,0],[107.550289,-6.833442,0],[107.550248,-6.833526,0],[107.550115,-6.833799,0],[107.550109,-6.833812,0],[107.550081,-6.833963,0],[107.550144,-6.8341,0],[107.550183,-6.834181,0],[107.550219,-6.834255,0],[107.550224,-6.834264,0],[107.550231,-6.834416,0],[107.550202,-6.83452,0],[107.550139,-6.834625,0],[107.55011,-6.834673,0],[107.549905,-6.834952,0],[107.549871,-6.834998,0],[107.54982,-6.835076,0],[107.5496,-6.835413,0],[107.549543,-6.835552,0],[107.549538,-6.835565,0],[107.549532,-6.835578,0],[107.549474,-6.835799,0],[107.549473,-6.835804,0],[107.549451,-6.835887,0],[107.549446,-6.835906,0],[107.549387,-6.836153,0],[107.549391,-6.836166,0],[107.549477,-6.836498,0],[107.549554,-6.836626,0],[107.549579,-6.836669,0],[107.549599,-6.836752,0],[107.549607,-6.836782,0],[107.549585,-6.83692,0],[107.549509,-6.837081,0],[107.549486,-6.83713,0],[107.549444,-6.83722,0],[107.549406,-6.837356,0],[107.549395,-6.837469,0],[107.549351,-6.83789,0],[107.549357,-6.838059,0],[107.549358,-6.838077,0],[107.549369,-6.838377,0],[107.549357,-6.838545,0],[107.549593,-6.83861,0],[107.549731,-6.838644,0],[107.550083,-6.83871,0],[107.550293,-6.838782,0],[107.550378,-6.83881,0],[107.550754,-6.838882,0],[107.551235,-6.839005,0],[107.551749,-6.839178,0],[107.551717,-6.839345,0],[107.551893,-6.839389,0],[107.552546,-6.839664,0],[107.55275,-6.839737,0],[107.552812,-6.83976,0],[107.552836,-6.839764,0],[107.552836,-6.839776,0],[107.552833,-6.839825,0],[107.552851,-6.839882,0],[107.55293,-6.839904,0],[107.553046,-6.839928,0],[107.553125,-6.839958,0],[107.553123,-6.839984,0],[107.553103,-6.840034,0],[107.553055,-6.840145,0],[107.553016,-6.840225,0],[107.553014,-6.840267,0],[107.553064,-6.840291,0],[107.553287,-6.840408,0],[107.553369,-6.839845,0],[107.553375,-6.839808,0],[107.553424,-6.839816,0],[107.55356,-6.839837,0],[107.553647,-6.839848,0],[107.553744,-6.839857,0],[107.553851,-6.839856,0],[107.553928,-6.83986,0],[107.55406,-6.839867,0],[107.5542,-6.839891,0],[107.554355,-6.839911,0],[107.55451,-6.839933,0],[107.554665,-6.839955,0],[107.554909,-6.840005,0],[107.554946,-6.840014,0],[107.554989,-6.840026,0],[107.555079,-6.840049,0],[107.555175,-6.840084,0],[107.555264,-6.840109,0],[107.555355,-6.840127,0],[107.555411,-6.840147,0],[107.555446,-6.840152,0],[107.555488,-6.840164,0],[107.555519,-6.840176,0],[107.555544,-6.840202,0],[107.55556,-6.840247,0],[107.555569,-6.840305,0],[107.555574,-6.840336,0],[107.55556,-6.840408,0],[107.555531,-6.840483,0],[107.555498,-6.840568,0],[107.55547,-6.840624,0],[107.555461,-6.840668,0],[107.555457,-6.840699,0],[107.555453,-6.840746,0],[107.555442,-6.840746,0],[107.555369,-6.840737,0],[107.555313,-6.840737,0],[107.555248,-6.840743,0],[107.5552,-6.840757,0],[107.555151,-6.840772,0],[107.555113,-6.840795,0],[107.555092,-6.840822,0],[107.555071,-6.840853,0],[107.555046,-6.840893,0],[107.555012,-6.840928,0],[107.55497,-6.840971,0],[107.554934,-6.841007,0],[107.554932,-6.841009,0],[107.554929,-6.841014,0],[107.554922,-6.841029,0],[107.554868,-6.841142,0],[107.554798,-6.84141,0],[107.554724,-6.841695,0],[107.554692,-6.841922,0],[107.554682,-6.841995,0],[107.554591,-6.84255,0],[107.554555,-6.842762,0],[107.554468,-6.842867,0],[107.554393,-6.842957,0],[107.554141,-6.843203,0],[107.554036,-6.843344,0],[107.55403,-6.843353,0],[107.553969,-6.843435,0],[107.553857,-6.843577,0],[107.553608,-6.84371,0],[107.553483,-6.843811,0],[107.55333,-6.844029,0],[107.553314,-6.844051,0],[107.553299,-6.844096,0],[107.553279,-6.844153,0],[107.553274,-6.844168,0],[107.553272,-6.844175,0],[107.553236,-6.844329,0],[107.553177,-6.844509,0],[107.553136,-6.844632,0],[107.553046,-6.844788,0],[107.55304,-6.844799,0],[107.552724,-6.844942,0],[107.552705,-6.844951,0],[107.552678,-6.844963,0],[107.552492,-6.845078,0],[107.552321,-6.845155,0],[107.552273,-6.845177,0],[107.552121,-6.845245,0],[107.551929,-6.845401,0],[107.551929,-6.845401,0],[107.55187,-6.845517,0],[107.551866,-6.845543,0],[107.551834,-6.84574,0],[107.551824,-6.845804,0],[107.55179,-6.845906,0],[107.551774,-6.845957,0],[107.551762,-6.845963,0],[107.551639,-6.84603,0],[107.551612,-6.846048,0],[107.551536,-6.846102,0],[107.551535,-6.846103,0],[107.551528,-6.84614,0],[107.551428,-6.846687,0],[107.551429,-6.846787,0],[107.551429,-6.846788,0],[107.551429,-6.846842,0],[107.551429,-6.846881,0],[107.551489,-6.847042,0],[107.551579,-6.847174,0],[107.5515,-6.847252,0],[107.551572,-6.84731,0],[107.551643,-6.847335,0],[107.551743,-6.847345,0],[107.551807,-6.847356,0],[107.551854,-6.847374,0],[107.551882,-6.847402,0],[107.551884,-6.847427,0],[107.551886,-6.847442,0],[107.551886,-6.847481,0],[107.551995,-6.84755,0],[107.551927,-6.847766,0],[107.55205,-6.847813,0],[107.552303,-6.847898,0],[107.55261,-6.848034,0],[107.552607,-6.848052,0],[107.552885,-6.848166,0],[107.553038,-6.848227,0],[107.553031,-6.848255,0],[107.553413,-6.848388,0],[107.553449,-6.8484,0],[107.553399,-6.848573,0],[107.553756,-6.848705,0],[107.553909,-6.848773,0],[107.55377,-6.849066,0],[107.553727,-6.849116,0],[107.55367,-6.849183,0],[107.553645,-6.849251,0],[107.553631,-6.849308,0],[107.553631,-6.84938,0],[107.553642,-6.849451,0],[107.553677,-6.849501,0],[107.55372,-6.84954,0],[107.553774,-6.849555,0],[107.553938,-6.849572,0],[107.553913,-6.849672,0],[107.553909,-6.849729,0],[107.55392,-6.849779,0],[107.553959,-6.849829,0],[107.554027,-6.849879,0],[107.554124,-6.849954,0],[107.554223,-6.850033,0],[107.554316,-6.850104,0],[107.554459,-6.850154,0],[107.554473,-6.850097,0],[107.554498,-6.850076,0],[107.554538,-6.850054,0],[107.55458,-6.850054,0],[107.554623,-6.850083,0],[107.554641,-6.850126,0],[107.554645,-6.850172,0],[107.554637,-6.850236,0],[107.554666,-6.85029,0],[107.554659,-6.850365,0],[107.555076,-6.85049,0],[107.555162,-6.850522,0],[107.555194,-6.850461,0],[107.555366,-6.850579,0],[107.555513,-6.850638,0],[107.555464,-6.8507,0],[107.55543,-6.850809,0],[107.555445,-6.850944,0],[107.55549,-6.851067,0],[107.555511,-6.851125,0],[107.555445,-6.851369,0],[107.555426,-6.851487,0],[107.555418,-6.851577,0],[107.555325,-6.851966,0],[107.555288,-6.85212,0],[107.555281,-6.852228,0],[107.555281,-6.852229,0],[107.555284,-6.852364,0],[107.555286,-6.852436,0],[107.555273,-6.852671,0],[107.555186,-6.852842,0],[107.555163,-6.852889,0],[107.555079,-6.853032,0],[107.555031,-6.853115,0],[107.555052,-6.853317,0],[107.555056,-6.85335,0],[107.555057,-6.853441,0],[107.554979,-6.853549,0],[107.554925,-6.853574,0],[107.555223,-6.853816,0],[107.555255,-6.853798,0],[107.555301,-6.853813,0],[107.55533,-6.853841,0],[107.555358,-6.853879,0],[107.555362,-6.853884,0],[107.555373,-6.853938,0],[107.555725,-6.854132,0],[107.555742,-6.854153,0],[107.555752,-6.854165,0],[107.555756,-6.854169,0],[107.555726,-6.854272,0],[107.555685,-6.854405,0],[107.555644,-6.854531,0],[107.555698,-6.854576,0],[107.555933,-6.854723,0],[107.556179,-6.854883,0],[107.556394,-6.855008,0],[107.556465,-6.855012,0],[107.556583,-6.855048,0],[107.556626,-6.855069,0],[107.556665,-6.855055,0],[107.556754,-6.854962,0],[107.556808,-6.854976,0],[107.5569,-6.854933,0],[107.556961,-6.854905,0],[107.557029,-6.854862,0],[107.557086,-6.854791,0],[107.557214,-6.854844,0],[107.5574,-6.854944,0],[107.557575,-6.855033,0],[107.557639,-6.855094,0],[107.557746,-6.855172,0],[107.557814,-6.85523,0],[107.557859,-6.85518,0],[107.557975,-6.855247,0],[107.558185,-6.855394,0],[107.558285,-6.855487,0],[107.558464,-6.855644,0],[107.558683,-6.855792,0],[107.559027,-6.85599,0],[107.559142,-6.855736,0],[107.559213,-6.855569,0],[107.559231,-6.85549,0],[107.558955,-6.85534,0],[107.559113,-6.855001,0],[107.55921,-6.854783,0],[107.559249,-6.854716,0],[107.559249,-6.854662,0],[107.559259,-6.854631,0],[107.559274,-6.854584,0],[107.559288,-6.854564,0],[107.559327,-6.854509,0],[107.559352,-6.854423,0],[107.559527,-6.854509,0],[107.559688,-6.854587,0],[107.559873,-6.854683,0],[107.559906,-6.854698,0],[107.560312,-6.85488,0],[107.560301,-6.854909,0],[107.560261,-6.855006,0],[107.560527,-6.855083,0],[107.560698,-6.85514,0],[107.560837,-6.85519,0],[107.561012,-6.855255,0],[107.561087,-6.855272,0],[107.561255,-6.855312,0],[107.561444,-6.855358,0],[107.561813,-6.855435,0],[107.562155,-6.855583,0],[107.562322,-6.855754,0],[107.562484,-6.855775,0],[107.562541,-6.855775,0],[107.562569,-6.855775,0],[107.562564,-6.855774,0],[107.562591,-6.855677,0],[107.562604,-6.855631,0],[107.562679,-6.855581,0],[107.562783,-6.855406,0],[107.562842,-6.855251,0],[107.562671,-6.854909,0],[107.562665,-6.854897,0],[107.562475,-6.854909,0],[107.562474,-6.854909,0],[107.562474,-6.854909,0],[107.56233,-6.8547,0],[107.562305,-6.85462,0],[107.562265,-6.854551,0],[107.562208,-6.854409,0],[107.562129,-6.854322,0],[107.562057,-6.854188,0],[107.562048,-6.854045,0],[107.562031,-6.853911,0],[107.561967,-6.853776,0],[107.56197,-6.853752,0],[107.561887,-6.853603,0],[107.56188,-6.85359,0],[107.56178,-6.8534,0],[107.56177,-6.85326,0],[107.56198,-6.8529,0],[107.562021,-6.852827,0],[107.56213,-6.85263,0],[107.56233,-6.85218,0],[107.56244,-6.85201,0],[107.56271,-6.85176,0],[107.56274,-6.85162,0],[107.562756,-6.851452,0],[107.56276,-6.85141,0],[107.56275,-6.85111,0],[107.56257,-6.85083,0],[107.56258,-6.85069,0],[107.56262,-6.85064,0],[107.56269,-6.85061,0],[107.56291,-6.85051,0],[107.56346,-6.85024,0],[107.56354,-6.85005,0],[107.56382,-6.84965,0],[107.56393,-6.8493,0],[107.56402,-6.849,0],[107.564066,-6.848943,0],[107.56411,-6.84889,0],[107.564118,-6.848879,0],[107.56418,-6.84879,0],[107.56419,-6.84849,0],[107.56429,-6.8483,0],[107.56444,-6.84812,0],[107.56464,-6.84781,0],[107.56484,-6.84768,0],[107.56509,-6.84745,0],[107.56533,-6.84723,0],[107.56546,-6.84719,0],[107.56556,-6.84703,0],[107.565615,-6.846979,0],[107.56569,-6.84691,0],[107.56585,-6.84681,0],[107.56609,-6.84651,0],[107.566226,-6.846419,0],[107.56624,-6.84641,0],[107.56634,-6.84623,0],[107.56636,-6.84602,0],[107.566562,-6.845923,0],[107.566816,-6.8458,0],[107.566957,-6.845327,0],[107.566886,-6.844935,0],[107.566877,-6.844885,0],[107.566867,-6.844623,0],[107.566877,-6.844489,0],[107.566887,-6.844362,0],[107.566858,-6.843905,0],[107.566857,-6.843889,0],[107.566726,-6.843336,0],[107.566575,-6.843185,0],[107.566565,-6.842984,0],[107.566632,-6.842827,0],[107.566686,-6.842702,0],[107.566565,-6.84237,0],[107.566434,-6.842099,0],[107.566475,-6.842032,0],[107.566515,-6.841968,0],[107.566686,-6.841636,0],[107.566666,-6.841284,0],[107.566505,-6.840831,0],[107.566334,-6.84055,0],[107.566374,-6.840268,0],[107.566387,-6.840065,0],[107.566394,-6.839966,0],[107.566414,-6.839655,0],[107.56635,-6.83935,0],[107.566309,-6.839159,0],[107.566257,-6.838911,0],[107.566233,-6.8388,0],[107.566122,-6.838186,0],[107.566072,-6.837814,0],[107.566052,-6.836899,0],[107.565886,-6.836139,0],[107.565871,-6.835913,0],[107.565854,-6.835671,0],[107.56584,-6.83546,0],[107.56574,-6.83543,0],[107.565613,-6.835357,0],[107.565606,-6.835353,0],[107.565518,-6.835243,0],[107.565592,-6.835119,0],[107.565782,-6.834943,0],[107.56585,-6.834684,0],[107.565899,-6.834468,0],[107.565911,-6.834211,0],[107.565884,-6.83408,0],[107.565862,-6.833882,0],[107.565862,-6.833589,0],[107.56589,-6.83331,0],[107.56591,-6.83324,0],[107.56607,-6.83296,0],[107.56611,-6.83271,0],[107.5661,-6.83251,0],[107.56618,-6.83236,0],[107.56635,-6.83224,0],[107.56649,-6.8322,0],[107.56667,-6.83212,0],[107.56682,-6.83204,0],[107.56696,-6.83193,0],[107.56706,-6.83167,0],[107.567062,-6.831209,0],[107.566941,-6.830589,0],[107.567019,-6.830256,0],[107.567165,-6.829921,0],[107.567169,-6.829916,0],[107.56715,-6.82986,0],[107.5671,-6.82972,0],[107.5671,-6.82962,0],[107.56715,-6.8295,0],[107.56731,-6.82934,0],[107.567334,-6.829291,0],[107.56739,-6.82918,0],[107.5675,-6.82895,0],[107.56755,-6.82872,0],[107.5676,-6.82861,0],[107.56777,-6.82842,0],[107.56792,-6.82833,0],[107.56789,-6.82805,0],[107.56792,-6.82785,0],[107.567943,-6.827815,0],[107.56809,-6.82759,0],[107.56818,-6.82742,0],[107.56846,-6.82703,0],[107.56852,-6.82683,0],[107.56861,-6.82663,0],[107.568785,-6.826193,0],[107.56879,-6.82618,0],[107.56888,-6.82596,0],[107.56908,-6.8256,0],[107.56914,-6.82541,0],[107.56911,-6.82526,0],[107.56909,-6.82507,0],[107.56906,-6.82475,0],[107.56916,-6.8244,0],[107.569184,-6.824334,0],[107.56921,-6.82426,0],[107.56917,-6.82414,0],[107.56907,-6.82404,0],[107.56895,-6.824,0],[107.56881,-6.82379,0],[107.56877,-6.82356,0],[107.56876,-6.82338,0],[107.56881,-6.82293,0],[107.56877,-6.82279,0],[107.56876,-6.822769,0],[107.56872,-6.82268,0],[107.56862,-6.82249,0],[107.56855,-6.82233,0],[107.56857,-6.82221,0],[107.56861,-6.822,0],[107.56862,-6.82189,0],[107.56861,-6.82178,0],[107.56869,-6.82122,0],[107.56886,-6.82069,0],[107.56892,-6.82046,0],[107.56902,-6.82019,0],[107.56908,-6.81999,0],[107.56908,-6.81988,0],[107.56899,-6.8198,0],[107.568989,-6.819799,0],[107.56892,-6.81966,0],[107.56881,-6.81949,0],[107.56875,-6.81941,0],[107.56875,-6.81922,0],[107.56877,-6.81915,0],[107.56887,-6.81887,0],[107.56888,-6.81858,0],[107.56885,-6.81826,0],[107.56878,-6.81813,0],[107.56867,-6.81803,0],[107.56843,-6.81784,0],[107.56844,-6.81764,0],[107.5685,-6.81752,0],[107.56864,-6.81741,0],[107.5689,-6.81733,0],[107.56908,-6.81718,0],[107.56919,-6.817,0],[107.569225,-6.81688,0],[107.56924,-6.81683,0],[107.56925,-6.8167,0],[107.56921,-6.81634,0],[107.56922,-6.8162,0],[107.56921,-6.81583,0],[107.56915,-6.81534,0],[107.56917,-6.81507,0],[107.56922,-6.81501,0],[107.56928,-6.81501,0],[107.56943,-6.81506,0]]]]},"properties":{"kd_propinsi":"32","kd_dati2":"17","kd_kecamatan":"003","nm_kecamatan":"Cisarua"}},{"type":"Feature","geometry":{"type":"MultiPolygon","coordinates":[[[[107.447705,-6.779474,0],[107.447732,-6.779452,0],[107.448431,-6.77946,0],[107.449314,-6.779732,0],[107.450189,-6.781029,0],[107.450704,-6.78146,0],[107.451181,-6.782115,0],[107.451213,-6.783299,0],[107.451869,-6.784275,0],[107.451933,-6.784351,0],[107.45201,-6.78449,0],[107.45209,-6.78483,0],[107.45212,-6.78512,0],[107.45212,-6.78525,0],[107.45202,-6.78562,0],[107.45145,-6.78634,0],[107.45087,-6.78678,0],[107.4507,-6.78693,0],[107.45059,-6.78709,0],[107.45048,-6.78744,0],[107.45043,-6.78779,0],[107.45039,-6.7881,0],[107.45024,-6.78857,0],[107.45006,-6.78913,0],[107.45003,-6.78925,0],[107.45,-6.78986,0],[107.44989,-6.79012,0],[107.44974,-6.79024,0],[107.44935,-6.79031,0],[107.44898,-6.79035,0],[107.44868,-6.79041,0],[107.44854,-6.79047,0],[107.44838,-6.790647,0],[107.4482,-6.79087,0],[107.4481,-6.79106,0],[107.44794,-6.79133,0],[107.44775,-6.7917,0],[107.44759,-6.79212,0],[107.44746,-6.79273,0],[107.44737,-6.79365,0],[107.44741,-6.79375,0],[107.44758,-6.7939,0],[107.44782,-6.79416,0],[107.44798,-6.79438,0],[107.4482,-6.79476,0],[107.44839,-6.79517,0],[107.44856,-6.79561,0],[107.44866,-6.79587,0],[107.44877,-6.79618,0],[107.44872,-6.79651,0],[107.448614,-6.796647,0],[107.44808,-6.79709,0],[107.448229,-6.79758,0],[107.448072,-6.797908,0],[107.448243,-6.797752,0],[107.448557,-6.797818,0],[107.448881,-6.79778,0],[107.449157,-6.79778,0],[107.449356,-6.797904,0],[107.449594,-6.79799,0],[107.449775,-6.798066,0],[107.45007,-6.797942,0],[107.450384,-6.797723,0],[107.450613,-6.797561,0],[107.450917,-6.797428,0],[107.451136,-6.797333,0],[107.451289,-6.797124,0],[107.451412,-6.796905,0],[107.45145,-6.796695,0],[107.45145,-6.796457,0],[107.451698,-6.796324,0],[107.451945,-6.796305,0],[107.452278,-6.796267,0],[107.452326,-6.796058,0],[107.45245,-6.795772,0],[107.452612,-6.795715,0],[107.452783,-6.795544,0],[107.452849,-6.795372,0],[107.452802,-6.795039,0],[107.452973,-6.794811,0],[107.453135,-6.794678,0],[107.453344,-6.794554,0],[107.453468,-6.794449,0],[107.453497,-6.794202,0],[107.453373,-6.79403,0],[107.453106,-6.793992,0],[107.452907,-6.793973,0],[107.452726,-6.793888,0],[107.45265,-6.793821,0],[107.45264,-6.793554,0],[107.452821,-6.793164,0],[107.453002,-6.792841,0],[107.453297,-6.792745,0],[107.453487,-6.792907,0],[107.453811,-6.792964,0],[107.453982,-6.79286,0],[107.454115,-6.792546,0],[107.454296,-6.792279,0],[107.45441,-6.792231,0],[107.454601,-6.792279,0],[107.454896,-6.792222,0],[107.455058,-6.792117,0],[107.455229,-6.791775,0],[107.455443,-6.791656,0],[107.455848,-6.791513,0],[107.456133,-6.791418,0],[107.456276,-6.790989,0],[107.45698,-6.79022,0],[107.457129,-6.790113,0],[107.457301,-6.790074,0],[107.457647,-6.789748,0],[107.458754,-6.789175,0],[107.459002,-6.788994,0],[107.459178,-6.788867,0],[107.459164,-6.788636,0],[107.459142,-6.78844,0],[107.45921,-6.788327,0],[107.459351,-6.788277,0],[107.459514,-6.788181,0],[107.459579,-6.787832,0],[107.459696,-6.787591,0],[107.459723,-6.787327,0],[107.4598,-6.787241,0],[107.459887,-6.787064,0],[107.459964,-6.786936,0],[107.460178,-6.78685,0],[107.460273,-6.786841,0],[107.460328,-6.786836,0],[107.460446,-6.786736,0],[107.460523,-6.786582,0],[107.460718,-6.786482,0],[107.461141,-6.786368,0],[107.461309,-6.786259,0],[107.461423,-6.7861,0],[107.461477,-6.7858,0],[107.461627,-6.785746,0],[107.46173,-6.78562,0],[107.461784,-6.785546,0],[107.461827,-6.785487,0],[107.461918,-6.785305,0],[107.461941,-6.785196,0],[107.461986,-6.785023,0],[107.462072,-6.784937,0],[107.462163,-6.78491,0],[107.462268,-6.784954,0],[107.462472,-6.784992,0],[107.46269,-6.785023,0],[107.462995,-6.785005,0],[107.463086,-6.784928,0],[107.46317,-6.7849,0],[107.463254,-6.784814,0],[107.463372,-6.784742,0],[107.463454,-6.784751,0],[107.463558,-6.784819,0],[107.463699,-6.785078,0],[107.463854,-6.785146,0],[107.464113,-6.785087,0],[107.46428,-6.785,0],[107.464472,-6.784864,0],[107.464685,-6.784664,0],[107.464685,-6.784496,0],[107.464703,-6.78441,0],[107.464813,-6.78426,0],[107.464897,-6.784235,0],[107.465026,-6.784201,0],[107.465181,-6.784196,0],[107.465252,-6.784223,0],[107.465363,-6.784427,0],[107.465552,-6.784524,0],[107.465765,-6.78463,0],[107.46606,-6.784432,0],[107.46622,-6.784407,0],[107.466433,-6.784465,0],[107.466545,-6.784446,0],[107.466624,-6.784384,0],[107.46668,-6.784339,0],[107.466835,-6.784286,0],[107.4673,-6.784727,0],[107.467538,-6.784635,0],[107.467615,-6.784766,0],[107.467838,-6.784751,0],[107.46793,-6.784877,0],[107.46854,-6.785245,0],[107.468627,-6.785177,0],[107.468743,-6.785051,0],[107.468874,-6.784979,0],[107.46901,-6.784935,0],[107.469228,-6.785071,0],[107.469334,-6.785066,0],[107.469543,-6.784993,0],[107.469833,-6.784984,0],[107.470008,-6.784901,0],[107.47023,-6.784795,0],[107.470443,-6.784974,0],[107.470657,-6.7851,0],[107.470937,-6.785187,0],[107.471073,-6.785274,0],[107.471155,-6.785386,0],[107.471257,-6.785434,0],[107.471436,-6.785453,0],[107.471551,-6.78554,0],[107.471528,-6.785637,0],[107.471509,-6.785768,0],[107.471543,-6.785889,0],[107.47164,-6.785952,0],[107.471746,-6.785902,0],[107.471824,-6.785768,0],[107.471929,-6.785694,0],[107.472148,-6.785599,0],[107.472201,-6.785524,0],[107.47229,-6.7854,0],[107.472352,-6.78525,0],[107.472458,-6.785134,0],[107.47256,-6.785134,0],[107.472691,-6.785206,0],[107.472831,-6.785294,0],[107.47287,-6.785516,0],[107.47302,-6.785575,0],[107.473233,-6.785657,0],[107.473461,-6.785972,0],[107.473611,-6.786156,0],[107.473756,-6.786185,0],[107.473829,-6.786267,0],[107.473887,-6.786286,0],[107.473926,-6.786388,0],[107.474119,-6.786446,0],[107.474458,-6.786563,0],[107.474749,-6.786693,0],[107.475001,-6.786751,0],[107.475218,-6.786807,0],[107.475747,-6.786911,0],[107.475974,-6.786868,0],[107.476183,-6.786863,0],[107.4763,-6.78677,0],[107.47637,-6.78655,0],[107.47641,-6.78639,0],[107.47648,-6.78631,0],[107.47656,-6.78626,0],[107.476677,-6.786262,0],[107.476798,-6.786282,0],[107.476982,-6.786403,0],[107.477064,-6.786398,0],[107.477272,-6.786257,0],[107.4773,-6.786227,0],[107.477481,-6.786025,0],[107.477558,-6.785909,0],[107.477606,-6.785817,0],[107.477602,-6.785671,0],[107.477602,-6.78561,0],[107.477602,-6.785497,0],[107.477689,-6.785468,0],[107.477795,-6.785313,0],[107.477912,-6.785366,0],[107.47795,-6.785618,0],[107.478193,-6.785788,0],[107.478347,-6.78618,0],[107.478565,-6.786548,0],[107.478716,-6.786645,0],[107.47882,-6.78673,0],[107.479088,-6.786655,0],[107.47935,-6.786495,0],[107.479815,-6.78634,0],[107.480096,-6.786214,0],[107.480246,-6.786146,0],[107.480508,-6.786127,0],[107.480711,-6.786185,0],[107.480832,-6.786204,0],[107.480963,-6.786098,0],[107.48095,-6.78599,0],[107.48104,-6.78586,0],[107.481132,-6.785802,0],[107.481158,-6.785796,0],[107.481292,-6.785763,0],[107.481442,-6.785822,0],[107.481646,-6.785817,0],[107.481859,-6.785865,0],[107.482091,-6.785933,0],[107.482222,-6.786035,0],[107.482251,-6.786165,0],[107.482212,-6.786335,0],[107.482251,-6.786495,0],[107.482246,-6.786892,0],[107.482343,-6.787095,0],[107.482522,-6.787294,0],[107.482677,-6.787376,0],[107.482813,-6.787396,0],[107.483026,-6.7874,0],[107.483195,-6.787255,0],[107.483321,-6.787047,0],[107.483418,-6.786887,0],[107.483399,-6.786766,0],[107.483593,-6.786684,0],[107.483786,-6.786461,0],[107.483859,-6.786267,0],[107.483946,-6.786194,0],[107.484087,-6.786122,0],[107.484125,-6.785831,0],[107.484116,-6.785604,0],[107.484237,-6.785458,0],[107.484334,-6.7854,0],[107.484445,-6.785274,0],[107.48445,-6.785263,0],[107.484484,-6.785187,0],[107.4844,-6.78502,0],[107.484474,-6.784877,0],[107.484547,-6.784892,0],[107.484668,-6.784993,0],[107.48474,-6.785119,0],[107.484784,-6.785231,0],[107.484866,-6.7854,0],[107.484954,-6.785478,0],[107.485138,-6.785521,0],[107.485414,-6.785512,0],[107.485425,-6.785505,0],[107.485506,-6.785458,0],[107.485627,-6.785265,0],[107.48569,-6.785076,0],[107.485714,-6.785013,0],[107.485787,-6.784945,0],[107.485903,-6.784892,0],[107.485932,-6.784804,0],[107.485893,-6.784703,0],[107.48585,-6.784659,0],[107.485859,-6.784596,0],[107.485816,-6.784519,0],[107.485835,-6.784456,0],[107.485932,-6.784441,0],[107.486024,-6.784402,0],[107.486053,-6.78418,0],[107.486005,-6.784107,0],[107.485903,-6.784005,0],[107.485796,-6.783947,0],[107.485782,-6.783841,0],[107.485883,-6.783734,0],[107.48613,-6.7836,0],[107.486353,-6.783424,0],[107.486334,-6.783327,0],[107.486203,-6.783042,0],[107.486126,-6.782916,0],[107.486092,-6.782756,0],[107.486135,-6.782644,0],[107.4866,-6.78219,0],[107.486818,-6.781952,0],[107.487055,-6.781807,0],[107.48716,-6.78176,0],[107.487254,-6.781613,0],[107.487317,-6.78155,0],[107.487433,-6.78156,0],[107.487588,-6.781637,0],[107.4877,-6.781705,0],[107.487743,-6.781865,0],[107.487767,-6.781981,0],[107.487927,-6.782102,0],[107.488097,-6.782223,0],[107.488208,-6.782267,0],[107.4883,-6.78224,0],[107.488426,-6.782121,0],[107.488533,-6.782068,0],[107.488634,-6.782054,0],[107.488712,-6.782058,0],[107.488799,-6.782116,0],[107.488809,-6.782204,0],[107.488833,-6.782291,0],[107.488891,-6.782388,0],[107.488983,-6.78248,0],[107.489027,-6.782698,0],[107.489094,-6.782751,0],[107.489133,-6.782848,0],[107.489172,-6.782911,0],[107.489308,-6.782979,0],[107.489371,-6.783046,0],[107.489433,-6.783022,0],[107.48956,-6.78287,0],[107.489598,-6.782799,0],[107.489739,-6.782717,0],[107.489845,-6.782581,0],[107.489821,-6.78247,0],[107.489771,-6.782444,0],[107.489651,-6.782339,0],[107.489584,-6.782247,0],[107.48954,-6.782112,0],[107.489579,-6.781991,0],[107.489671,-6.781908,0],[107.489797,-6.781894,0],[107.489925,-6.781976,0],[107.49,-6.78201,0],[107.490126,-6.781937,0],[107.490223,-6.781831,0],[107.490271,-6.781753,0],[107.490341,-6.781749,0],[107.490436,-6.781744,0],[107.490591,-6.781753,0],[107.490707,-6.781826,0],[107.490819,-6.781865,0],[107.490814,-6.781957,0],[107.490751,-6.782112,0],[107.490809,-6.782204,0],[107.490891,-6.782247,0],[107.490959,-6.782359,0],[107.49115,-6.7824,0],[107.49122,-6.78236,0],[107.491313,-6.782359,0],[107.49139,-6.78225,0],[107.491429,-6.78217,0],[107.491623,-6.782087,0],[107.49177,-6.78197,0],[107.491889,-6.781899,0],[107.49206,-6.78136,0],[107.492166,-6.781227,0],[107.49245,-6.78087,0],[107.49276,-6.78052,0],[107.492872,-6.780363,0],[107.49293,-6.780242,0],[107.493168,-6.780242,0],[107.493318,-6.780208,0],[107.493429,-6.780116,0],[107.493395,-6.779981,0],[107.493376,-6.779845,0],[107.493332,-6.779782,0],[107.493342,-6.77968,0],[107.493347,-6.779472,0],[107.493289,-6.779414,0],[107.493274,-6.779351,0],[107.493308,-6.779274,0],[107.49324,-6.77923,0],[107.493042,-6.77922,0],[107.493022,-6.779133,0],[107.49318,-6.77896,0],[107.49328,-6.77884,0],[107.493366,-6.778688,0],[107.493444,-6.778615,0],[107.493579,-6.778596,0],[107.493729,-6.778658,0],[107.493737,-6.778671,0],[107.493821,-6.778818,0],[107.493899,-6.778867,0],[107.493996,-6.778784,0],[107.49403,-6.77871,0],[107.494093,-6.778644,0],[107.494059,-6.778455,0],[107.494117,-6.778397,0],[107.494233,-6.778445,0],[107.494398,-6.778537,0],[107.494478,-6.778529,0],[107.494577,-6.778513,0],[107.494698,-6.778508,0],[107.494843,-6.778419,0],[107.494973,-6.778289,0],[107.495057,-6.778239,0],[107.495241,-6.778105,0],[107.4954,-6.778009,0],[107.495439,-6.778,0],[107.495437,-6.778164,0],[107.495992,-6.777927,0],[107.496515,-6.778142,0],[107.496521,-6.77814,0],[107.496526,-6.778147,0],[107.496714,-6.778193,0],[107.496789,-6.778243,0],[107.496856,-6.778231,0],[107.496931,-6.778284,0],[107.496951,-6.778314,0],[107.49696,-6.778305,0],[107.49702,-6.778348,0],[107.497116,-6.778377,0],[107.497216,-6.778285,0],[107.49724,-6.77821,0],[107.49734,-6.77802,0],[107.497434,-6.777913,0],[107.497438,-6.777837,0],[107.497631,-6.777724,0],[107.497731,-6.777632,0],[107.497773,-6.777507,0],[107.497861,-6.777461,0],[107.497974,-6.777427,0],[107.497995,-6.777348,0],[107.498133,-6.77721,0],[107.498208,-6.777126,0],[107.498275,-6.777059,0],[107.498342,-6.777059,0],[107.498367,-6.77703,0],[107.498793,-6.777289,0],[107.498819,-6.777486,0],[107.498865,-6.777578,0],[107.498928,-6.777574,0],[107.4992,-6.777243,0],[107.499347,-6.777134,0],[107.499456,-6.777009,0],[107.499606,-6.776992,0],[107.499715,-6.777025,0],[107.499807,-6.777151,0],[107.499853,-6.777302,0],[107.499945,-6.777427,0],[107.500025,-6.777436,0],[107.500113,-6.777444,0],[107.500192,-6.77744,0],[107.500259,-6.777419,0],[107.500276,-6.777393,0],[107.500314,-6.777335,0],[107.500294,-6.777219,0],[107.50057,-6.777174,0],[107.500557,-6.777077,0],[107.500649,-6.777046,0],[107.500648,-6.777059,0],[107.500699,-6.777113,0],[107.500757,-6.777122,0],[107.50082,-6.777138,0],[107.50087,-6.77712,0],[107.500921,-6.777025,0],[107.500961,-6.77694,0],[107.501045,-6.776912,0],[107.50101,-6.776785,0],[107.501021,-6.776699,0],[107.500996,-6.776594,0],[107.500947,-6.776558,0],[107.500935,-6.776518,0],[107.500832,-6.776114,0],[107.500841,-6.776113,0],[107.500933,-6.776121,0],[107.500979,-6.776,0],[107.501017,-6.775879,0],[107.501023,-6.775863,0],[107.501208,-6.775781,0],[107.501336,-6.775596,0],[107.501223,-6.775155,0],[107.501353,-6.774936,0],[107.501368,-6.774928,0],[107.501486,-6.774891,0],[107.501512,-6.774878,0],[107.501706,-6.774877,0],[107.501816,-6.774924,0],[107.5019,-6.77494,0],[107.501922,-6.774896,0],[107.50205,-6.774912,0],[107.50225,-6.774487,0],[107.502545,-6.774268,0],[107.502595,-6.774313,0],[107.502733,-6.77438,0],[107.502904,-6.774426,0],[107.502965,-6.774451,0],[107.503126,-6.774585,0],[107.50314,-6.77472,0],[107.50314,-6.77494,0],[107.50318,-6.77507,0],[107.503231,-6.775142,0],[107.50342,-6.77522,0],[107.5036,-6.77522,0],[107.50365,-6.77517,0],[107.503712,-6.775054,0],[107.503799,-6.775031,0],[107.503925,-6.774405,0],[107.503949,-6.774388,0],[107.503968,-6.774443,0],[107.504139,-6.774574,0],[107.50429,-6.77469,0],[107.504453,-6.77474,0],[107.504621,-6.774732,0],[107.504635,-6.77473,0],[107.504774,-6.774806,0],[107.504944,-6.774764,0],[107.50509,-6.77483,0],[107.50537,-6.77506,0],[107.505574,-6.77518,0],[107.505778,-6.775489,0],[107.50579,-6.77557,0],[107.50587,-6.77568,0],[107.506019,-6.775845,0],[107.506204,-6.775828,0],[107.506233,-6.775847,0],[107.506689,-6.775869,0],[107.506821,-6.775957,0],[107.506981,-6.775958,0],[107.507057,-6.775929,0],[107.507283,-6.776007,0],[107.507688,-6.775987,0],[107.508251,-6.775666,0],[107.508316,-6.77569,0],[107.508379,-6.77582,0],[107.508371,-6.776075,0],[107.508421,-6.776192,0],[107.508488,-6.776257,0],[107.508538,-6.776305,0],[107.508639,-6.776301,0],[107.508832,-6.77623,0],[107.50894,-6.77619,0],[107.50915,-6.77616,0],[107.50927,-6.7762,0],[107.50945,-6.77629,0],[107.509741,-6.776607,0],[107.50979,-6.77666,0],[107.50988,-6.77679,0],[107.50993,-6.77702,0],[107.51002,-6.77708,0],[107.51009,-6.77707,0],[107.5102,-6.77701,0],[107.510292,-6.776896,0],[107.510363,-6.776758,0],[107.51048,-6.776711,0],[107.51064,-6.77674,0],[107.51075,-6.77674,0],[107.510886,-6.776845,0],[107.510995,-6.777034,0],[107.511133,-6.777122,0],[107.511271,-6.777134,0],[107.51136,-6.77714,0],[107.51141,-6.777076,0],[107.511368,-6.776904,0],[107.51135,-6.77676,0],[107.511384,-6.776649,0],[107.511481,-6.776594,0],[107.51159,-6.77665,0],[107.51173,-6.77666,0],[107.51182,-6.776594,0],[107.511945,-6.776548,0],[107.51207,-6.7766,0],[107.51217,-6.7767,0],[107.51228,-6.776766,0],[107.512468,-6.776816,0],[107.512565,-6.776774,0],[107.51265,-6.77673,0],[107.51269,-6.77663,0],[107.51273,-6.77652,0],[107.51282,-6.77642,0],[107.51298,-6.77637,0],[107.513111,-6.77637,0],[107.51317,-6.77637,0],[107.51338,-6.77641,0],[107.51355,-6.77636,0],[107.51368,-6.77629,0],[107.51379,-6.77618,0],[107.51383,-6.77606,0],[107.51383,-6.77594,0],[107.5138,-6.77585,0],[107.513833,-6.775682,0],[107.513992,-6.775594,0],[107.514101,-6.775606,0],[107.514118,-6.775593,0],[107.514231,-6.77551,0],[107.514323,-6.77546,0],[107.514406,-6.775473,0],[107.514494,-6.775489,0],[107.514574,-6.775581,0],[107.51465,-6.77566,0],[107.51475,-6.77548,0],[107.514946,-6.775284,0],[107.514984,-6.775188,0],[107.515101,-6.775159,0],[107.51516,-6.775198,0],[107.51531,-6.775213,0],[107.515583,-6.775217,0],[107.515696,-6.775284,0],[107.515763,-6.775242,0],[107.515809,-6.775184,0],[107.515917,-6.775133,0],[107.516014,-6.775075,0],[107.516114,-6.775133,0],[107.516269,-6.775326,0],[107.516411,-6.775343,0],[107.516495,-6.775297,0],[107.516566,-6.775171,0],[107.516616,-6.77515,0],[107.516566,-6.774907,0],[107.5166,-6.774782,0],[107.516729,-6.774707,0],[107.516813,-6.774648,0],[107.516888,-6.774669,0],[107.516968,-6.774736,0],[107.517125,-6.774831,0],[107.517283,-6.774896,0],[107.51737,-6.774933,0],[107.517394,-6.774934,0],[107.51768,-6.774949,0],[107.517822,-6.774924,0],[107.517901,-6.77479,0],[107.518031,-6.774748,0],[107.518111,-6.774677,0],[107.518253,-6.774657,0],[107.518391,-6.774573,0],[107.51863,-6.774485,0],[107.518864,-6.774451,0],[107.519174,-6.774309,0],[107.519262,-6.77428,0],[107.519508,-6.77441,0],[107.519655,-6.774359,0],[107.519743,-6.774439,0],[107.519848,-6.774414,0],[107.520174,-6.774518,0],[107.520358,-6.774355,0],[107.520551,-6.774171,0],[107.520731,-6.774087,0],[107.520781,-6.774133,0],[107.52084,-6.77415,0],[107.520982,-6.774112,0],[107.521087,-6.774246,0],[107.521049,-6.774375,0],[107.52107,-6.774531,0],[107.521116,-6.774644,0],[107.521208,-6.774681,0],[107.521384,-6.774673,0],[107.521522,-6.774686,0],[107.52165,-6.774785,0],[107.521744,-6.774857,0],[107.521765,-6.775125,0],[107.52202,-6.775322,0],[107.522175,-6.77541,0],[107.522279,-6.775544,0],[107.522342,-6.775548,0],[107.522451,-6.77546,0],[107.522727,-6.775473,0],[107.522978,-6.775447,0],[107.523263,-6.775313,0],[107.52346,-6.775192,0],[107.523673,-6.775133,0],[107.524192,-6.775133,0],[107.524523,-6.775138,0],[107.524707,-6.775196,0],[107.524954,-6.775209,0],[107.525147,-6.77536,0],[107.525293,-6.775439,0],[107.525364,-6.775477,0],[107.525636,-6.77569,0],[107.525917,-6.775858,0],[107.526088,-6.77587,0],[107.526235,-6.775853,0],[107.526406,-6.775715,0],[107.52649,-6.775711,0],[107.526603,-6.775853,0],[107.526758,-6.775745,0],[107.526879,-6.775648,0],[107.52703,-6.775648,0],[107.52726,-6.775778,0],[107.527394,-6.775807,0],[107.527654,-6.776033,0],[107.527846,-6.776159,0],[107.528043,-6.776264,0],[107.528194,-6.776264,0],[107.528457,-6.776247,0],[107.528591,-6.776251,0],[107.528729,-6.776393,0],[107.528926,-6.77641,0],[107.529161,-6.776347,0],[107.529282,-6.776348,0],[107.52942,-6.776339,0],[107.529751,-6.776289,0],[107.530077,-6.776176,0],[107.530341,-6.776197,0],[107.530441,-6.776071,0],[107.53082,-6.77565,0],[107.53092,-6.77556,0],[107.530947,-6.775548,0],[107.530872,-6.775759,0],[107.531826,-6.775276,0],[107.53187,-6.775234,0],[107.531973,-6.775226,0],[107.532162,-6.775108,0],[107.532576,-6.774769,0],[107.532856,-6.774631,0],[107.532991,-6.774518,0],[107.533099,-6.774518,0],[107.533145,-6.774527,0],[107.5333,-6.774564,0],[107.533392,-6.774669,0],[107.533417,-6.77479,0],[107.53392,-6.77456,0],[107.534032,-6.774457,0],[107.53405,-6.77444,0],[107.53444,-6.77429,0],[107.53474,-6.77413,0],[107.53497,-6.77395,0],[107.53503,-6.77379,0],[107.53529,-6.77348,0],[107.53553,-6.77317,0],[107.53579,-6.77294,0],[107.53602,-6.77287,0],[107.53616,-6.77278,0],[107.53633,-6.77257,0],[107.53658,-6.77241,0],[107.53679,-6.7724,0],[107.53692,-6.77244,0],[107.53712,-6.77248,0],[107.53743,-6.77252,0],[107.53775,-6.77261,0],[107.53808,-6.77265,0],[107.53841,-6.77261,0],[107.53881,-6.7725,0],[107.53911,-6.77237,0],[107.53923,-6.77233,0],[107.53956,-6.77233,0],[107.53966,-6.77233,0],[107.53982,-6.77209,0],[107.54,-6.77198,0],[107.54015,-6.77198,0],[107.54032,-6.77204,0],[107.54046,-6.77207,0],[107.54063,-6.77199,0],[107.54072,-6.77199,0],[107.54087,-6.77205,0],[107.54103,-6.77225,0],[107.54113,-6.7724,0],[107.54131,-6.77239,0],[107.54147,-6.77238,0],[107.54158,-6.77245,0],[107.54164,-6.77256,0],[107.54184,-6.77269,0],[107.542,-6.77278,0],[107.54228,-6.77307,0],[107.54254,-6.77321,0],[107.54294,-6.77322,0],[107.54313,-6.77319,0],[107.54327,-6.77317,0],[107.54359,-6.77315,0],[107.54383,-6.77309,0],[107.54395,-6.77312,0],[107.54418,-6.77316,0],[107.54441,-6.77318,0],[107.54459,-6.77324,0],[107.54475,-6.77335,0],[107.54498,-6.77347,0],[107.54516,-6.77354,0],[107.54609,-6.77362,0],[107.54702,-6.77368,0],[107.54793,-6.77362,0],[107.54835,-6.77356,0],[107.54862,-6.77346,0],[107.54874,-6.77333,0],[107.548763,-6.7733,0],[107.54885,-6.77319,0],[107.548897,-6.773151,0],[107.54898,-6.77308,0],[107.549266,-6.772979,0],[107.549371,-6.772961,0],[107.549595,-6.77292,0],[107.549436,-6.772789,0],[107.549278,-6.77265,0],[107.549157,-6.772489,0],[107.548989,-6.772225,0],[107.548922,-6.772058,0],[107.548872,-6.771865,0],[107.548793,-6.771733,0],[107.548615,-6.771504,0],[107.548504,-6.771408,0],[107.548472,-6.771337,0],[107.548411,-6.771165,0],[107.548286,-6.770969,0],[107.54808,-6.770604,0],[107.547955,-6.770481,0],[107.547824,-6.770326,0],[107.547646,-6.770148,0],[107.54731,-6.769884,0],[107.547093,-6.769661,0],[107.546843,-6.769462,0],[107.546605,-6.769258,0],[107.546472,-6.769231,0],[107.546366,-6.769214,0],[107.546292,-6.769205,0],[107.546223,-6.769188,0],[107.546091,-6.769152,0],[107.545948,-6.769099,0],[107.545808,-6.769009,0],[107.545802,-6.769009,0],[107.54569,-6.768901,0],[107.545576,-6.768793,0],[107.545435,-6.76864,0],[107.545334,-6.768551,0],[107.545225,-6.76847,0],[107.545174,-6.768443,0],[107.544899,-6.768255,0],[107.544903,-6.768128,0],[107.544908,-6.768092,0],[107.544917,-6.768019,0],[107.544922,-6.76792,0],[107.544924,-6.767857,0],[107.544924,-6.767794,0],[107.544979,-6.767558,0],[107.545003,-6.767531,0],[107.544828,-6.767437,0],[107.544703,-6.76737,0],[107.544599,-6.76728,0],[107.544428,-6.767073,0],[107.544232,-6.766821,0],[107.544176,-6.766744,0],[107.544073,-6.766605,0],[107.543971,-6.766524,0],[107.54388,-6.76649,0],[107.543709,-6.766426,0],[107.543514,-6.76631,0],[107.543305,-6.766103,0],[107.543192,-6.765964,0],[107.543141,-6.765934,0],[107.543006,-6.765818,0],[107.542914,-6.765739,0],[107.542633,-6.765553,0],[107.542444,-6.765451,0],[107.542323,-6.765387,0],[107.542133,-6.765269,0],[107.54209,-6.76526,0],[107.54198,-6.765233,0],[107.541906,-6.765149,0],[107.541806,-6.765035,0],[107.541775,-6.76499,0],[107.541569,-6.764892,0],[107.541334,-6.764803,0],[107.541032,-6.764588,0],[107.540976,-6.764552,0],[107.540971,-6.76455,0],[107.540969,-6.764548,0],[107.54074,-6.764426,0],[107.540562,-6.764355,0],[107.540377,-6.764148,0],[107.54037,-6.764139,0],[107.54029,-6.763941,0],[107.540283,-6.763941,0],[107.540009,-6.764042,0],[107.539845,-6.764088,0],[107.539693,-6.76417,0],[107.539655,-6.764116,0],[107.539603,-6.76408,0],[107.539341,-6.764036,0],[107.539124,-6.764046,0],[107.539067,-6.764047,0],[107.538892,-6.76403,0],[107.538884,-6.764029,0],[107.538858,-6.764021,0],[107.53863,-6.763903,0],[107.538505,-6.763833,0],[107.538497,-6.763833,0],[107.53828,-6.763789,0],[107.537977,-6.763763,0],[107.537523,-6.763747,0],[107.537352,-6.76373,0],[107.537154,-6.763722,0],[107.537024,-6.763696,0],[107.536856,-6.763661,0],[107.536606,-6.763644,0],[107.536348,-6.763645,0],[107.536336,-6.763641,0],[107.536038,-6.763476,0],[107.535902,-6.763464,0],[107.535699,-6.763341,0],[107.535587,-6.763306,0],[107.535519,-6.763306,0],[107.535466,-6.763306,0],[107.535366,-6.76337,0],[107.53534,-6.763406,0],[107.535334,-6.763415,0],[107.535326,-6.763415,0],[107.53511,-6.763396,0],[107.534995,-6.763288,0],[107.534752,-6.762986,0],[107.534634,-6.762932,0],[107.53453,-6.762863,0],[107.534344,-6.762779,0],[107.53429,-6.762779,0],[107.534265,-6.762779,0],[107.534083,-6.762726,0],[107.533963,-6.762681,0],[107.533817,-6.762601,0],[107.533727,-6.76252,0],[107.533609,-6.762412,0],[107.533499,-6.762322,0],[107.53346,-6.762277,0],[107.533407,-6.762205,0],[107.533353,-6.762115,0],[107.533309,-6.762007,0],[107.533271,-6.761908,0],[107.53325,-6.761691,0],[107.533218,-6.761686,0],[107.53314,-6.761674,0],[107.532763,-6.761612,0],[107.532447,-6.761587,0],[107.53235,-6.761587,0],[107.532257,-6.761588,0],[107.532185,-6.761588,0],[107.532123,-6.761588,0],[107.532061,-6.761571,0],[107.532027,-6.761562,0],[107.531981,-6.761544,0],[107.53192,-6.761508,0],[107.531891,-6.76149,0],[107.53181,-6.761436,0],[107.531766,-6.761428,0],[107.531596,-6.761374,0],[107.531563,-6.761356,0],[107.531494,-6.761312,0],[107.531462,-6.761276,0],[107.531383,-6.761195,0],[107.531345,-6.761132,0],[107.531303,-6.761078,0],[107.53127,-6.761042,0],[107.531167,-6.760925,0],[107.531143,-6.76088,0],[107.531129,-6.760825,0],[107.531119,-6.760789,0],[107.531113,-6.760762,0],[107.531107,-6.760726,0],[107.531071,-6.760464,0],[107.531053,-6.760365,0],[107.53104,-6.76032,0],[107.53102,-6.760266,0],[107.530996,-6.760166,0],[107.530973,-6.760049,0],[107.530989,-6.759895,0],[107.530979,-6.759769,0],[107.530914,-6.759661,0],[107.530903,-6.759642,0],[107.530854,-6.759553,0],[107.530836,-6.759489,0],[107.530795,-6.759318,0],[107.530772,-6.759228,0],[107.53074,-6.759128,0],[107.530699,-6.759029,0],[107.530584,-6.758903,0],[107.530506,-6.75885,0],[107.530223,-6.758706,0],[107.530195,-6.758688,0],[107.530063,-6.758617,0],[107.529908,-6.758491,0],[107.529729,-6.758356,0],[107.529538,-6.758132,0],[107.529336,-6.757988,0],[107.529229,-6.757889,0],[107.529066,-6.757709,0],[107.528771,-6.757512,0],[107.528656,-6.757413,0],[107.528597,-6.757224,0],[107.528434,-6.757017,0],[107.528272,-6.756846,0],[107.528134,-6.75672,0],[107.527978,-6.756522,0],[107.52786,-6.756396,0],[107.527743,-6.756261,0],[107.52757,-6.756099,0],[107.527471,-6.756,0],[107.527082,-6.755966,0],[107.527033,-6.755967,0],[107.526704,-6.755977,0],[107.526484,-6.75606,0],[107.526394,-6.756105,0],[107.526038,-6.756134,0],[107.525803,-6.75619,0],[107.525779,-6.756199,0],[107.52548,-6.756381,0],[107.525453,-6.756399,0],[107.525124,-6.756718,0],[107.524946,-6.756863,0],[107.524798,-6.756918,0],[107.524443,-6.756983,0],[107.524205,-6.756993,0],[107.524009,-6.756949,0],[107.523923,-6.756923,0],[107.523793,-6.756878,0],[107.523713,-6.756824,0],[107.523591,-6.756771,0],[107.523173,-6.756737,0],[107.522952,-6.756756,0],[107.52287,-6.756774,0],[107.522708,-6.75682,0],[107.522526,-6.756912,0],[107.522473,-6.756939,0],[107.522158,-6.757013,0],[107.521918,-6.757023,0],[107.521472,-6.756989,0],[107.520871,-6.756984,0],[107.520645,-6.756985,0],[107.520408,-6.757013,0],[107.520386,-6.757013,0],[107.520042,-6.756997,0],[107.519522,-6.757,0],[107.519209,-6.757001,0],[107.518894,-6.757084,0],[107.518667,-6.757194,0],[107.518548,-6.757285,0],[107.518513,-6.757321,0],[107.518339,-6.757223,0],[107.51815,-6.757106,0],[107.517984,-6.757007,0],[107.517661,-6.75681,0],[107.517599,-6.756784,0],[107.517372,-6.756622,0],[107.517356,-6.756604,0],[107.516849,-6.756552,0],[107.516676,-6.756553,0],[107.516579,-6.756554,0],[107.516299,-6.756239,0],[107.516166,-6.756158,0],[107.515825,-6.75607,0],[107.515681,-6.756043,0],[107.5153,-6.755856,0],[107.51512,-6.75582,0],[107.515098,-6.755811,0],[107.514876,-6.755749,0],[107.514781,-6.755723,0],[107.514599,-6.755633,0],[107.514236,-6.755373,0],[107.51415,-6.755301,0],[107.514073,-6.755238,0],[107.513425,-6.754717,0],[107.513275,-6.754682,0],[107.5132,-6.754655,0],[107.513103,-6.75462,0],[107.512801,-6.754504,0],[107.512568,-6.754424,0],[107.512384,-6.754181,0],[107.512155,-6.753911,0],[107.512016,-6.753776,0],[107.512014,-6.753767,0],[107.511955,-6.753704,0],[107.5118,-6.753632,0],[107.511673,-6.753488,0],[107.511621,-6.753371,0],[107.511616,-6.753227,0],[107.511657,-6.753037,0],[107.511607,-6.752928,0],[107.511514,-6.752829,0],[107.511197,-6.752614,0],[107.511127,-6.75256,0],[107.511116,-6.752497,0],[107.511168,-6.752334,0],[107.511148,-6.752244,0],[107.511125,-6.752154,0],[107.510806,-6.751604,0],[107.510763,-6.75146,0],[107.510757,-6.751207,0],[107.510736,-6.75108,0],[107.510667,-6.75099,0],[107.510582,-6.750891,0],[107.510538,-6.750693,0],[107.510514,-6.750575,0],[107.510457,-6.750512,0],[107.510393,-6.750476,0],[107.510411,-6.75035,0],[107.510432,-6.750241,0],[107.510414,-6.750196,0],[107.510395,-6.750196,0],[107.510301,-6.750215,0],[107.510185,-6.750233,0],[107.509997,-6.75018,0],[107.509798,-6.750046,0],[107.509743,-6.750001,0],[107.509643,-6.74992,0],[107.509528,-6.749821,0],[107.509475,-6.749776,0],[107.50947,-6.749776,0],[107.509421,-6.749731,0],[107.509342,-6.749659,0],[107.509236,-6.749533,0],[107.509196,-6.749299,0],[107.509331,-6.749081,0],[107.509372,-6.748936,0],[107.509202,-6.748747,0],[107.509172,-6.748603,0],[107.509154,-6.748531,0],[107.509035,-6.748522,0],[107.508909,-6.748505,0],[107.508902,-6.748505,0],[107.508837,-6.748451,0],[107.508808,-6.748388,0],[107.508979,-6.748107,0],[107.509033,-6.748025,0],[107.508892,-6.747764,0],[107.508792,-6.747566,0],[107.508605,-6.747341,0],[107.508422,-6.747251,0],[107.50833,-6.747252,0],[107.508179,-6.747261,0],[107.508093,-6.747271,0],[107.508072,-6.747253,0],[107.507955,-6.747064,0],[107.507744,-6.746667,0],[107.507715,-6.746568,0],[107.507775,-6.74645,0],[107.507822,-6.746387,0],[107.507819,-6.746369,0],[107.507792,-6.746197,0],[107.507673,-6.746071,0],[107.507637,-6.745981,0],[107.507626,-6.745755,0],[107.507573,-6.745556,0],[107.507397,-6.745449,0],[107.507294,-6.745368,0],[107.507277,-6.745287,0],[107.50726,-6.745206,0],[107.507203,-6.745016,0],[107.507129,-6.744899,0],[107.5071,-6.744881,0],[107.507051,-6.744836,0],[107.506954,-6.744683,0],[107.506846,-6.744349,0],[107.506828,-6.744286,0],[107.506774,-6.744223,0],[107.506608,-6.744161,0],[107.506376,-6.744053,0],[107.506282,-6.74396,0],[107.506237,-6.743819,0],[107.506253,-6.743701,0],[107.506289,-6.743593,0],[107.506251,-6.743503,0],[107.506134,-6.743395,0],[107.506074,-6.743332,0],[107.506081,-6.74325,0],[107.506142,-6.743087,0],[107.506012,-6.742916,0],[107.50596,-6.742826,0],[107.505922,-6.742601,0],[107.505892,-6.742547,0],[107.50586,-6.742492,0],[107.505742,-6.742412,0],[107.505579,-6.742376,0],[107.505483,-6.742359,0],[107.505345,-6.742152,0],[107.505155,-6.741963,0],[107.505097,-6.741873,0],[107.505039,-6.741719,0],[107.505003,-6.741638,0],[107.505007,-6.741566,0],[107.505127,-6.741466,0],[107.505266,-6.741348,0],[107.505296,-6.741311,0],[107.505295,-6.741284,0],[107.505042,-6.741087,0],[107.504955,-6.741051,0],[107.504827,-6.741142,0],[107.50449,-6.741216,0],[107.504247,-6.741362,0],[107.50416,-6.741399,0],[107.50405,-6.741345,0],[107.503974,-6.741255,0],[107.503839,-6.741084,0],[107.503792,-6.740949,0],[107.50383,-6.74075,0],[107.50388,-6.740496,0],[107.503959,-6.740333,0],[107.504044,-6.740215,0],[107.504062,-6.740116,0],[107.504026,-6.739998,0],[107.503894,-6.739846,0],[107.503695,-6.739738,0],[107.503566,-6.739712,0],[107.503499,-6.739712,0],[107.503352,-6.739731,0],[107.503277,-6.739695,0],[107.503244,-6.739325,0],[107.503225,-6.739153,0],[107.503189,-6.739036,0],[107.503128,-6.738738,0],[107.503106,-6.738639,0],[107.502711,-6.738387,0],[107.502285,-6.738335,0],[107.502212,-6.738282,0],[107.502231,-6.738164,0],[107.502326,-6.737956,0],[107.502336,-6.737838,0],[107.502258,-6.737712,0],[107.502058,-6.737604,0],[107.501822,-6.737533,0],[107.501705,-6.737453,0],[107.501619,-6.737272,0],[107.501598,-6.736974,0],[107.501602,-6.736658,0],[107.501585,-6.736568,0],[107.50143,-6.736478,0],[107.50131,-6.736443,0],[107.501064,-6.736643,0],[107.500922,-6.736698,0],[107.500708,-6.736572,0],[107.500487,-6.736447,0],[107.500364,-6.736366,0],[107.500193,-6.736276,0],[107.500088,-6.736259,0],[107.499999,-6.736341,0],[107.499976,-6.736368,0],[107.499934,-6.736404,0],[107.49976,-6.736523,0],[107.4995,-6.736537,0],[107.499195,-6.736553,0],[107.498927,-6.73659,0],[107.498676,-6.736619,0],[107.497901,-6.736532,0],[107.497716,-6.736479,0],[107.497543,-6.736254,0],[107.49748,-6.736173,0],[107.497144,-6.736157,0],[107.497103,-6.736157,0],[107.497042,-6.736184,0],[107.496642,-6.736322,0],[107.496472,-6.736296,0],[107.496419,-6.736269,0],[107.496387,-6.736224,0],[107.49632,-6.736079,0],[107.496211,-6.735854,0],[107.496025,-6.735747,0],[107.495192,-6.735371,0],[107.494839,-6.735183,0],[107.494741,-6.735102,0],[107.494517,-6.734968,0],[107.494398,-6.734987,0],[107.49428,-6.735087,0],[107.493945,-6.735387,0],[107.493801,-6.73536,0],[107.493548,-6.735235,0],[107.49318,-6.735065,0],[107.493007,-6.735075,0],[107.492794,-6.735167,0],[107.492179,-6.735468,0],[107.491915,-6.735546,0],[107.491094,-6.73579,0],[107.491021,-6.735772,0],[107.490875,-6.735682,0],[107.490694,-6.735494,0],[107.490466,-6.735296,0],[107.490306,-6.735134,0],[107.490047,-6.734846,0],[107.489888,-6.734793,0],[107.489681,-6.734803,0],[107.489423,-6.734804,0],[107.489029,-6.734752,0],[107.489005,-6.734761,0],[107.488824,-6.734843,0],[107.48863,-6.734989,0],[107.488185,-6.735353,0],[107.488011,-6.735498,0],[107.487891,-6.735463,0],[107.487292,-6.735384,0],[107.487229,-6.735285,0],[107.487264,-6.735204,0],[107.487455,-6.734914,0],[107.487433,-6.734706,0],[107.487364,-6.734571,0],[107.487184,-6.734418,0],[107.487035,-6.734364,0],[107.486429,-6.734178,0],[107.486307,-6.734007,0],[107.486165,-6.733854,0],[107.485911,-6.733729,0],[107.485437,-6.733523,0],[107.485359,-6.733352,0],[107.485338,-6.733171,0],[107.485392,-6.733062,0],[107.485516,-6.732989,0],[107.485789,-6.732943,0],[107.485993,-6.732897,0],[107.48621,-6.73276,0],[107.486244,-6.732715,0],[107.486251,-6.732633,0],[107.486193,-6.732317,0],[107.48616,-6.732173,0],[107.486049,-6.732065,0],[107.48573,-6.731886,0],[107.485401,-6.73177,0],[107.485155,-6.731798,0],[107.484911,-6.731872,0],[107.484674,-6.731801,0],[107.484044,-6.731578,0],[107.483884,-6.731425,0],[107.483879,-6.731272,0],[107.483919,-6.73081,0],[107.484049,-6.730611,0],[107.484201,-6.73052,0],[107.484703,-6.730345,0],[107.484695,-6.730282,0],[107.484606,-6.730201,0],[107.484416,-6.730148,0],[107.484079,-6.73005,0],[107.483846,-6.729925,0],[107.483793,-6.729799,0],[107.483768,-6.729528,0],[107.483716,-6.729347,0],[107.483625,-6.729303,0],[107.483474,-6.729312,0],[107.483326,-6.729413,0],[107.482992,-6.729649,0],[107.482941,-6.729496,0],[107.482884,-6.729381,0],[107.482869,-6.729352,0],[107.482768,-6.729325,0],[107.482559,-6.72938,0],[107.482324,-6.729391,0],[107.482182,-6.729328,0],[107.481635,-6.729042,0],[107.481276,-6.728953,0],[107.481177,-6.728917,0],[107.481128,-6.728882,0],[107.481067,-6.728746,0],[107.480951,-6.728512,0],[107.48078,-6.728377,0],[107.480214,-6.728019,0],[107.479961,-6.727875,0],[107.479678,-6.727804,0],[107.479059,-6.727672,0],[107.478935,-6.727546,0],[107.478933,-6.727456,0],[107.479016,-6.727256,0],[107.479417,-6.726477,0],[107.479326,-6.726342,0],[107.479185,-6.72627,0],[107.478991,-6.726262,0],[107.478747,-6.726327,0],[107.478564,-6.726409,0],[107.478399,-6.726491,0],[107.478201,-6.726492,0],[107.478072,-6.72643,0],[107.477444,-6.725963,0],[107.477394,-6.725791,0],[107.477421,-6.72561,0],[107.477542,-6.725031,0],[107.477474,-6.72486,0],[107.477332,-6.724725,0],[107.477148,-6.724636,0],[107.476959,-6.724628,0],[107.476498,-6.724594,0],[107.476383,-6.724405,0],[107.475966,-6.723386,0],[107.475933,-6.723277,0],[107.475877,-6.723187,0],[107.475665,-6.722944,0],[107.475327,-6.722569,0],[107.475324,-6.722566,0],[107.475163,-6.722278,0],[107.474905,-6.721601,0],[107.474786,-6.720816,0],[107.474887,-6.719993,0],[107.474849,-6.719613,0],[107.474762,-6.719397,0],[107.474652,-6.719298,0],[107.47436,-6.719164,0],[107.474134,-6.719129,0],[107.473944,-6.719175,0],[107.473817,-6.719293,0],[107.473763,-6.719456,0],[107.473663,-6.719782,0],[107.473567,-6.719846,0],[107.473449,-6.71981,0],[107.473066,-6.719668,0],[107.472869,-6.719696,0],[107.47238,-6.719825,0],[107.472175,-6.719762,0],[107.471937,-6.719728,0],[107.471729,-6.719765,0],[107.471381,-6.719848,0],[107.471224,-6.719803,0],[107.471124,-6.719677,0],[107.471107,-6.719533,0],[107.471081,-6.719271,0],[107.470991,-6.719208,0],[107.470878,-6.719227,0],[107.470647,-6.719273,0],[107.470515,-6.719211,0],[107.47043,-6.719039,0],[107.470313,-6.718733,0],[107.470099,-6.717839,0],[107.469865,-6.717099,0],[107.469852,-6.717063,0],[107.469786,-6.716982,0],[107.469649,-6.716919,0],[107.469476,-6.71692,0],[107.469467,-6.71692,0],[107.469236,-6.716912,0],[107.468628,-6.716735,0],[107.468381,-6.716727,0],[107.468046,-6.71662,0],[107.467499,-6.716478,0],[107.466879,-6.716382,0],[107.466736,-6.716383,0],[107.466643,-6.716347,0],[107.466587,-6.716221,0],[107.466221,-6.715084,0],[107.466085,-6.714569,0],[107.465947,-6.714227,0],[107.465914,-6.714145,0],[107.465604,-6.713397,0],[107.465576,-6.713334,0],[107.465377,-6.712991,0],[107.465088,-6.712622,0],[107.464945,-6.71256,0],[107.464831,-6.712587,0],[107.4646,-6.712643,0],[107.464476,-6.712562,0],[107.464433,-6.712445,0],[107.464439,-6.712065,0],[107.464426,-6.711342,0],[107.464316,-6.711053,0],[107.464151,-6.710828,0],[107.463919,-6.710685,0],[107.463679,-6.710605,0],[107.462908,-6.710446,0],[107.462577,-6.710493,0],[107.461857,-6.710659,0],[107.461845,-6.71056,0],[107.461807,-6.709991,0],[107.461676,-6.709865,0],[107.461471,-6.709748,0],[107.461293,-6.709631,0],[107.460883,-6.709362,0],[107.460681,-6.709156,0],[107.460537,-6.708894,0],[107.460312,-6.708525,0],[107.460099,-6.708372,0],[107.460027,-6.708318,0],[107.460011,-6.70821,0],[107.459965,-6.707921,0],[107.46001,-6.707749,0],[107.460119,-6.707649,0],[107.460181,-6.707486,0],[107.460136,-6.707387,0],[107.459962,-6.707225,0],[107.459948,-6.707216,0],[107.459364,-6.70674,0],[107.459323,-6.706722,0],[107.45905,-6.70666,0],[107.458904,-6.706589,0],[107.458697,-6.706391,0],[107.458234,-6.705779,0],[107.458162,-6.705734,0],[107.458008,-6.705698,0],[107.457476,-6.705629,0],[107.457475,-6.705629,0],[107.457342,-6.705611,0],[107.45734,-6.705611,0],[107.456933,-6.705595,0],[107.45675,-6.705569,0],[107.45638,-6.705336,0],[107.456136,-6.705075,0],[107.455967,-6.704814,0],[107.45567,-6.704273,0],[107.455618,-6.70421,0],[107.455529,-6.704118,0],[107.45527,-6.70385,0],[107.454908,-6.703635,0],[107.454076,-6.703133,0],[107.453951,-6.702971,0],[107.453876,-6.702719,0],[107.453889,-6.70252,0],[107.453968,-6.702384,0],[107.454176,-6.702202,0],[107.454246,-6.702075,0],[107.454215,-6.701985,0],[107.454109,-6.701904,0],[107.453834,-6.701833,0],[107.453599,-6.701762,0],[107.453531,-6.701663,0],[107.453559,-6.701554,0],[107.453692,-6.701102,0],[107.453577,-6.700994,0],[107.453576,-6.700993,0],[107.453576,-6.700993,0],[107.453575,-6.700992,0],[107.453571,-6.700992,0],[107.453565,-6.700992,0],[107.453555,-6.700991,0],[107.453545,-6.700991,0],[107.453538,-6.70099,0],[107.453499,-6.700988,0],[107.453463,-6.700969,0],[107.453461,-6.700968,0],[107.453452,-6.700965,0],[107.453377,-6.700938,0],[107.453232,-6.700904,0],[107.453095,-6.700889,0],[107.452927,-6.700924,0],[107.452705,-6.700925,0],[107.4525,-6.700875,0],[107.45237,-6.700685,0],[107.452248,-6.700413,0],[107.452118,-6.700313,0],[107.452004,-6.700334,0],[107.451782,-6.700419,0],[107.451622,-6.700504,0],[107.451386,-6.700528,0],[107.451264,-6.700481,0],[107.451111,-6.700315,0],[107.450897,-6.700066,0],[107.450752,-6.699971,0],[107.450569,-6.699984,0],[107.45031,-6.700105,0],[107.449883,-6.700417,0],[107.4497,-6.700418,0],[107.449417,-6.700348,0],[107.449288,-6.700348,0],[107.449211,-6.700444,0],[107.449188,-6.700635,0],[107.449303,-6.700968,0],[107.449303,-6.701147,0],[107.449196,-6.701362,0],[107.449051,-6.70147,0],[107.448822,-6.701542,0],[107.448265,-6.701557,0],[107.447838,-6.701524,0],[107.447533,-6.701406,0],[107.447197,-6.701169,0],[107.446961,-6.700968,0],[107.446709,-6.700647,0],[107.44648,-6.70035,0],[107.446266,-6.700208,0],[107.446037,-6.700209,0],[107.445831,-6.700258,0],[107.445778,-6.700366,0],[107.445755,-6.700568,0],[107.445671,-6.700736,0],[107.445503,-6.700784,0],[107.445313,-6.700809,0],[107.44513,-6.70075,0],[107.445,-6.700596,0],[107.444748,-6.700192,0],[107.444504,-6.700087,0],[107.444359,-6.700106,0],[107.444168,-6.700265,0],[107.443955,-6.700478,0],[107.443672,-6.700673,0],[107.443565,-6.700638,0],[107.443512,-6.700586,0],[107.443443,-6.700375,0],[107.443367,-6.699952,0],[107.44323,-6.699706,0],[107.442734,-6.699568,0],[107.441994,-6.699501,0],[107.441445,-6.699521,0],[107.4413,-6.69961,0],[107.441284,-6.699715,0],[107.441376,-6.699927,0],[107.441551,-6.700296,0],[107.441734,-6.700683,0],[107.441803,-6.701035,0],[107.441788,-6.701211,0],[107.441628,-6.701265,0],[107.441506,-6.70123,0],[107.44117,-6.70102,0],[107.440743,-6.701005,0],[107.440483,-6.701094,0],[107.440231,-6.701272,0],[107.440132,-6.701519,0],[107.440117,-6.701819,0],[107.440064,-6.702207,0],[107.439942,-6.702613,0],[107.439804,-6.702789,0],[107.439644,-6.70279,0],[107.43943,-6.702651,0],[107.439095,-6.702282,0],[107.438736,-6.701808,0],[107.438469,-6.701369,0],[107.438271,-6.701017,0],[107.438271,-6.700806,0],[107.438378,-6.700594,0],[107.438393,-6.700382,0],[107.438286,-6.700242,0],[107.438019,-6.700155,0],[107.437584,-6.700157,0],[107.43705,-6.700353,0],[107.436722,-6.700514,0],[107.436508,-6.700673,0],[107.436348,-6.700727,0],[107.436188,-6.700658,0],[107.436066,-6.700535,0],[107.435944,-6.700394,0],[107.435768,-6.700413,0],[107.435623,-6.700519,0],[107.435516,-6.700749,0],[107.435463,-6.700908,0],[107.435486,-6.701207,0],[107.435555,-6.701524,0],[107.435615,-6.701911,0],[107.435616,-6.701914,0],[107.4356,-6.702034,0],[107.435494,-6.702119,0],[107.435204,-6.702065,0],[107.434937,-6.701888,0],[107.434433,-6.701588,0],[107.434075,-6.701483,0],[107.433647,-6.70145,0],[107.43338,-6.701487,0],[107.43319,-6.701576,0],[107.432976,-6.701827,0],[107.432846,-6.701916,0],[107.432709,-6.701863,0],[107.432564,-6.70174,0],[107.432457,-6.701491,0],[107.432327,-6.701118,0],[107.432221,-6.700994,0],[107.431969,-6.700942,0],[107.431488,-6.701051,0],[107.430924,-6.701179,0],[107.430672,-6.701109,0],[107.43042,-6.700896,0],[107.43026,-6.700524,0],[107.43013,-6.700293,0],[107.430092,-6.700253,0],[107.430064,-6.700236,0],[107.430046,-6.700225,0],[107.430045,-6.700225,0],[107.430044,-6.700225,0],[107.430043,-6.700225,0],[107.42997,-6.700223,0],[107.429756,-6.700241,0],[107.429352,-6.700403,0],[107.429009,-6.70053,0],[107.428551,-6.700603,0],[107.428192,-6.700587,0],[107.428032,-6.700499,0],[107.427902,-6.700375,0],[107.42778,-6.700109,0],[107.42762,-6.699843,0],[107.427406,-6.699737,0],[107.427048,-6.699721,0],[107.426514,-6.69983,0],[107.425766,-6.700012,0],[107.42543,-6.700049,0],[107.425141,-6.700015,0],[107.42498,-6.699874,0],[107.424851,-6.699686,0],[107.42453,-6.699199,0],[107.424271,-6.698939,0],[107.423973,-6.698765,0],[107.423828,-6.698609,0],[107.423775,-6.69847,0],[107.42376,-6.69819,0],[107.423691,-6.697807,0],[107.423546,-6.697354,0],[107.42337,-6.696953,0],[107.423157,-6.696814,0],[107.422897,-6.696728,0],[107.422653,-6.696555,0],[107.422524,-6.696294,0],[107.422539,-6.695892,0],[107.422508,-6.6957,0],[107.422295,-6.695562,0],[107.421822,-6.695424,0],[107.421509,-6.695286,0],[107.421349,-6.695043,0],[107.420998,-6.694494,0],[107.42067,-6.694189,0],[107.420418,-6.693863,0],[107.420189,-6.693659,0],[107.419945,-6.693598,0],[107.419533,-6.693498,0],[107.419266,-6.693336,0],[107.419106,-6.693132,0],[107.418961,-6.692805,0],[107.418404,-6.692398,0],[107.41803,-6.692134,0],[107.417725,-6.691746,0],[107.41729,-6.691236,0],[107.416817,-6.690911,0],[107.416222,-6.690688,0],[107.415459,-6.690487,0],[107.414948,-6.690326,0],[107.414597,-6.690307,0],[107.414124,-6.690207,0],[107.41349,-6.689719,0],[107.413124,-6.689577,0],[107.412781,-6.689643,0],[107.412399,-6.689903,0],[107.412239,-6.689984,0],[107.412109,-6.689968,0],[107.411926,-6.689856,0],[107.411621,-6.689487,0],[107.411118,-6.688942,0],[107.410902,-6.688842,0],[107.410902,-6.688842,0],[107.410891,-6.688837,0],[107.41089,-6.688836,0],[107.410889,-6.688836,0],[107.410888,-6.688836,0],[107.410469,-6.688752,0],[107.409859,-6.688577,0],[107.409454,-6.688515,0],[107.409119,-6.688549,0],[107.408615,-6.68868,0],[107.407936,-6.68878,0],[107.40741,-6.68896,0],[107.406975,-6.689349,0],[107.406441,-6.6899,0],[107.406136,-6.690352,0],[107.40596,-6.690917,0],[107.405869,-6.691191,0],[107.405739,-6.691337,0],[107.405495,-6.691403,0],[107.40526,-6.691438,0],[107.405159,-6.691453,0],[107.404968,-6.691502,0],[107.404678,-6.691584,0],[107.404565,-6.691614,0],[107.404122,-6.691732,0],[107.404015,-6.691823,0],[107.403961,-6.692095,0],[107.403946,-6.692331,0],[107.403832,-6.692458,0],[107.403687,-6.692496,0],[107.403488,-6.692406,0],[107.403305,-6.692189,0],[107.403107,-6.6921,0],[107.402962,-6.692118,0],[107.402619,-6.692283,0],[107.402344,-6.692557,0],[107.401764,-6.692958,0],[107.401352,-6.693124,0],[107.40135,-6.693125,0],[107.400536,-6.693381,0],[107.400284,-6.693582,0],[107.400124,-6.693909,0],[107.400101,-6.694344,0],[107.399979,-6.69458,0],[107.399765,-6.694835,0],[107.399056,-6.695147,0],[107.398422,-6.695404,0],[107.39811,-6.69555,0],[107.397896,-6.69557,0],[107.397751,-6.695534,0],[107.397278,-6.695283,0],[107.396843,-6.695067,0],[107.396607,-6.695086,0],[107.396385,-6.69516,0],[107.39624,-6.695324,0],[107.395973,-6.695651,0],[107.395844,-6.695652,0],[107.395683,-6.69558,0],[107.395378,-6.695394,0],[107.395165,-6.695337,0],[107.394837,-6.695358,0],[107.394638,-6.695359,0],[107.394119,-6.695304,0],[107.393944,-6.695324,0],[107.39373,-6.695402,0],[107.393364,-6.695539,0],[107.392975,-6.69556,0],[107.392708,-6.695523,0],[107.392143,-6.695352,0],[107.391701,-6.695045,0],[107.391464,-6.694796,0],[107.391156,-6.694742,0],[107.39115,-6.694741,0],[107.39114,-6.69474,0],[107.391137,-6.694739,0],[107.391136,-6.694739,0],[107.391134,-6.694739,0],[107.390732,-6.694683,0],[107.390343,-6.694531,0],[107.389664,-6.694186,0],[107.38932,-6.694092,0],[107.388741,-6.694037,0],[107.387863,-6.693983,0],[107.387192,-6.693851,0],[107.386765,-6.693814,0],[107.386475,-6.6937,0],[107.386047,-6.693528,0],[107.385483,-6.69328,0],[107.384902,-6.692996,0],[107.3843,-6.692701,0],[107.383904,-6.692498,0],[107.38311,-6.691997,0],[107.382713,-6.691777,0],[107.382271,-6.691748,0],[107.382004,-6.691718,0],[107.381752,-6.691577,0],[107.3815,-6.691357,0],[107.38118,-6.691012,0],[107.380692,-6.690793,0],[107.380432,-6.690558,0],[107.380135,-6.690338,0],[107.380135,-6.690338,0],[107.380135,-6.690338,0],[107.380135,-6.690338,0],[107.379929,-6.690339,0],[107.379723,-6.690435,0],[107.379395,-6.690736,0],[107.379059,-6.690896,0],[107.378838,-6.690865,0],[107.378632,-6.690803,0],[107.378319,-6.690552,0],[107.37767,-6.690177,0],[107.377335,-6.690115,0],[107.377144,-6.690163,0],[107.376984,-6.690243,0],[107.376686,-6.690481,0],[107.376297,-6.690767,0],[107.376137,-6.690847,0],[107.375946,-6.69088,0],[107.375633,-6.690897,0],[107.375252,-6.69093,0],[107.375,-6.690913,0],[107.374939,-6.690995,0],[107.374489,-6.691115,0],[107.374153,-6.691117,0],[107.37381,-6.690949,0],[107.373146,-6.690469,0],[107.372894,-6.690314,0],[107.372551,-6.690146,0],[107.372162,-6.689809,0],[107.371872,-6.689614,0],[107.371651,-6.689589,0],[107.37143,-6.689669,0],[107.371262,-6.689865,0],[107.371208,-6.690204,0],[107.371209,-6.690206,0],[107.371209,-6.69021,0],[107.371262,-6.690491,0],[107.371407,-6.690856,0],[107.371681,-6.691168,0],[107.372078,-6.691596,0],[107.372299,-6.692052,0],[107.372437,-6.69239,0],[107.372566,-6.692872,0],[107.372849,-6.693536,0],[107.37294,-6.694019,0],[107.372994,-6.694449,0],[107.372917,-6.694697,0],[107.37262,-6.695116,0],[107.372421,-6.695346,0],[107.372139,-6.695579,0],[107.371658,-6.695956,0],[107.371262,-6.696315,0],[107.371124,-6.696601,0],[107.371002,-6.696994,0],[107.370964,-6.697441,0],[107.370934,-6.697798,0],[107.370842,-6.698244,0],[107.370827,-6.698494,0],[107.370865,-6.698744,0],[107.370995,-6.699207,0],[107.371208,-6.69951,0],[107.371369,-6.699723,0],[107.371445,-6.699937,0],[107.371445,-6.70024,0],[107.371376,-6.700526,0],[107.371193,-6.700759,0],[107.371163,-6.700795,0],[107.37116,-6.700798,0],[107.371087,-6.70088,0],[107.3712,-6.701067,0],[107.371203,-6.701085,0],[107.37121,-6.70113,0],[107.371222,-6.701158,0],[107.37125,-6.70122,0],[107.37127,-6.70155,0],[107.371284,-6.701736,0],[107.371408,-6.701843,0],[107.37142,-6.70186,0],[107.37165,-6.70176,0],[107.37174,-6.70173,0],[107.37189,-6.70221,0],[107.371929,-6.702786,0],[107.37191,-6.702914,0],[107.37211,-6.70341,0],[107.372212,-6.703766,0],[107.37223,-6.70383,0],[107.37229,-6.70419,0],[107.37225,-6.70455,0],[107.37222,-6.70501,0],[107.37221,-6.70533,0],[107.372105,-6.705604,0],[107.37205,-6.705771,0],[107.37204,-6.705915,0],[107.372198,-6.7061,0],[107.372303,-6.706169,0],[107.372586,-6.706149,0],[107.372814,-6.70613,0],[107.372995,-6.706111,0],[107.373157,-6.70614,0],[107.373319,-6.706283,0],[107.373395,-6.706454,0],[107.373471,-6.706578,0],[107.3737,-6.706796,0],[107.373814,-6.706892,0],[107.374052,-6.706968,0],[107.374404,-6.707111,0],[107.374585,-6.707215,0],[107.374728,-6.707349,0],[107.374813,-6.707453,0],[107.374842,-6.70752,0],[107.374804,-6.707672,0],[107.374804,-6.707777,0],[107.374918,-6.707862,0],[107.37508,-6.707948,0],[107.375146,-6.708043,0],[107.375137,-6.708215,0],[107.375127,-6.708291,0],[107.375213,-6.708338,0],[107.375232,-6.708453,0],[107.375175,-6.708776,0],[107.375137,-6.70889,0],[107.375175,-6.709024,0],[107.375184,-6.709214,0],[107.375165,-6.709338,0],[107.375134,-6.709481,0],[107.375161,-6.709611,0],[107.375191,-6.709652,0],[107.375337,-6.709673,0],[107.37546,-6.709685,0],[107.375584,-6.709799,0],[107.375698,-6.709923,0],[107.375841,-6.710047,0],[107.376117,-6.710113,0],[107.376374,-6.71019,0],[107.376545,-6.710294,0],[107.376679,-6.710456,0],[107.376726,-6.710608,0],[107.37666,-6.710922,0],[107.376603,-6.711046,0],[107.376593,-6.711237,0],[107.376622,-6.711417,0],[107.376631,-6.711608,0],[107.376584,-6.711712,0],[107.376384,-6.711931,0],[107.376269,-6.712179,0],[107.376317,-6.712303,0],[107.376412,-6.712512,0],[107.376507,-6.712731,0],[107.376507,-6.712931,0],[107.376403,-6.713112,0],[107.376269,-6.713326,0],[107.376269,-6.713332,0],[107.376214,-6.713488,0],[107.376217,-6.713542,0],[107.376233,-6.713892,0],[107.376423,-6.71462,0],[107.376581,-6.714949,0],[107.376729,-6.715051,0],[107.376924,-6.715037,0],[107.377044,-6.715056,0],[107.37726,-6.71495,0],[107.3774,-6.71492,0],[107.37772,-6.71505,0],[107.3779,-6.71512,0],[107.37808,-6.71513,0],[107.37847,-6.71495,0],[107.378577,-6.714872,0],[107.378627,-6.714905,0],[107.379142,-6.714625,0],[107.379677,-6.714603,0],[107.380213,-6.714719,0],[107.38077,-6.714994,0],[107.381247,-6.71523,0],[107.381724,-6.715445,0],[107.382062,-6.715642,0],[107.382479,-6.71568,0],[107.383035,-6.715836,0],[107.383578,-6.716258,0],[107.38358,-6.71626,0],[107.383581,-6.716261,0],[107.383592,-6.716269,0],[107.383606,-6.716274,0],[107.38395,-6.71646,0],[107.383966,-6.716469,0],[107.38418,-6.71659,0],[107.38441,-6.71686,0],[107.384466,-6.716955,0],[107.384472,-6.716946,0],[107.38454,-6.71704,0],[107.3847,-6.71713,0],[107.38481,-6.71713,0],[107.38495,-6.71702,0],[107.38507,-6.71689,0],[107.38523,-6.71682,0],[107.3854,-6.71686,0],[107.38541,-6.716866,0],[107.38554,-6.71695,0],[107.38562,-6.71712,0],[107.38575,-6.71738,0],[107.38582,-6.71749,0],[107.38597,-6.71755,0],[107.38612,-6.71757,0],[107.38668,-6.71718,0],[107.38675,-6.71712,0],[107.387,-6.71705,0],[107.38714,-6.71711,0],[107.38718,-6.71721,0],[107.38707,-6.71766,0],[107.38703,-6.71789,0],[107.38703,-6.71795,0],[107.38716,-6.71806,0],[107.38741,-6.71814,0],[107.38756,-6.71815,0],[107.38792,-6.71798,0],[107.38818,-6.71786,0],[107.3883,-6.71785,0],[107.38847,-6.71799,0],[107.38862,-6.71817,0],[107.38866,-6.71825,0],[107.38875,-6.71844,0],[107.38879,-6.71862,0],[107.3889,-6.71872,0],[107.38905,-6.7188,0],[107.38928,-6.7188,0],[107.38957,-6.71869,0],[107.38973,-6.71864,0],[107.38991,-6.71864,0],[107.39039,-6.71891,0],[107.39059,-6.71901,0],[107.39077,-6.71905,0],[107.39099,-6.71899,0],[107.3912,-6.7189,0],[107.39133,-6.7189,0],[107.391409,-6.718937,0],[107.39146,-6.71896,0],[107.39151,-6.71905,0],[107.3915,-6.71927,0],[107.39144,-6.71969,0],[107.391445,-6.719709,0],[107.39148,-6.71983,0],[107.39164,-6.72,0],[107.39198,-6.72012,0],[107.3924,-6.7203,0],[107.39259,-6.72037,0],[107.39268,-6.72037,0],[107.392747,-6.720138,0],[107.392743,-6.720032,0],[107.392896,-6.719823,0],[107.39308,-6.71978,0],[107.39308,-6.71978,0],[107.39308,-6.71978,0],[107.393222,-6.719771,0],[107.393206,-6.720101,0],[107.39326,-6.72038,0],[107.39329,-6.72085,0],[107.39321,-6.72103,0],[107.3931,-6.72117,0],[107.39284,-6.72121,0],[107.39272,-6.72212,0],[107.392681,-6.722515,0],[107.392636,-6.722975,0],[107.39262,-6.72314,0],[107.392609,-6.723266,0],[107.39252,-6.72424,0],[107.39251,-6.72445,0],[107.39248,-6.72507,0],[107.39243,-6.72536,0],[107.392443,-6.725624,0],[107.39247,-6.72616,0],[107.392474,-6.726347,0],[107.392479,-6.726539,0],[107.3925,-6.727451,0],[107.392494,-6.727458,0],[107.392482,-6.727473,0],[107.392522,-6.728256,0],[107.392651,-6.728942,0],[107.392908,-6.729341,0],[107.393193,-6.729698,0],[107.39332,-6.729798,0],[107.39332,-6.730027,0],[107.39332,-6.73071,0],[107.39324,-6.73149,0],[107.393245,-6.73159,0],[107.39326,-6.73191,0],[107.39331,-6.732176,0],[107.393321,-6.732233,0],[107.393359,-6.732388,0],[107.393291,-6.73245,0],[107.393276,-6.732456,0],[107.393239,-6.733012,0],[107.393195,-6.733343,0],[107.393148,-6.733698,0],[107.393005,-6.733724,0],[107.392747,-6.73377,0],[107.392434,-6.734136,0],[107.392375,-6.734481,0],[107.392375,-6.734547,0],[107.392309,-6.734684,0],[107.39222,-6.734791,0],[107.392178,-6.73488,0],[107.392113,-6.734981,0],[107.392113,-6.735023,0],[107.392083,-6.735136,0],[107.392048,-6.735195,0],[107.391976,-6.735237,0],[107.391952,-6.735326,0],[107.391872,-6.735454,0],[107.391916,-6.736128,0],[107.392036,-6.737008,0],[107.391662,-6.737313,0],[107.390927,-6.737649,0],[107.390334,-6.737551,0],[107.389872,-6.737509,0],[107.389367,-6.737627,0],[107.38889,-6.737586,0],[107.388225,-6.737315,0],[107.387472,-6.737001,0],[107.386851,-6.736889,0],[107.386099,-6.736618,0],[107.385919,-6.736488,0],[107.385745,-6.73666,0],[107.385604,-6.736813,0],[107.385497,-6.736978,0],[107.385311,-6.736835,0],[107.385069,-6.737127,0],[107.38489,-6.737313,0],[107.38469,-6.73752,0],[107.384391,-6.737763,0],[107.384109,-6.737992,0],[107.384247,-6.738236,0],[107.385031,-6.739197,0],[107.385961,-6.739489,0],[107.386369,-6.739636,0],[107.386635,-6.740747,0],[107.386527,-6.74149,0],[107.386791,-6.742304,0],[107.387054,-6.743045,0],[107.387155,-6.743118,0],[107.387464,-6.74334,0],[107.388168,-6.743299,0],[107.388653,-6.743816,0],[107.389251,-6.744555,0],[107.389291,-6.74526,0],[107.389257,-6.745891,0],[107.389035,-6.746003,0],[107.388144,-6.74597,0],[107.387588,-6.745973,0],[107.387276,-6.745974,0],[107.387064,-6.745975,0],[107.387286,-6.746306,0],[107.387331,-6.746546,0],[107.38735,-6.746755,0],[107.387398,-6.746917,0],[107.387341,-6.747109,0],[107.387144,-6.747111,0],[107.386943,-6.747312,0],[107.386785,-6.747537,0],[107.386625,-6.747828,0],[107.386504,-6.748,0],[107.386271,-6.748206,0],[107.385729,-6.748634,0],[107.385321,-6.748941,0],[107.384826,-6.749323,0],[107.384404,-6.749734,0],[107.384821,-6.749794,0],[107.385106,-6.749734,0],[107.385356,-6.749639,0],[107.385523,-6.749496,0],[107.385713,-6.749366,0],[107.385951,-6.749282,0],[107.386189,-6.749259,0],[107.386236,-6.749354,0],[107.386094,-6.749413,0],[107.385856,-6.749532,0],[107.385653,-6.749711,0],[107.38557,-6.749901,0],[107.385689,-6.75002,0],[107.38582,-6.75002,0],[107.385939,-6.750103,0],[107.38607,-6.750294,0],[107.386296,-6.750472,0],[107.386629,-6.75071,0],[107.386427,-6.750686,0],[107.386046,-6.750555,0],[107.385856,-6.750448,0],[107.385499,-6.75027,0],[107.385261,-6.750103,0],[107.384928,-6.750163,0],[107.38469,-6.750258,0],[107.384273,-6.750222,0],[107.384083,-6.750127,0],[107.383881,-6.749877,0],[107.383513,-6.749533,0],[107.383308,-6.749776,0],[107.383271,-6.74982,0],[107.383108,-6.749994,0],[107.383101,-6.75,0],[107.382611,-6.75047,0],[107.382324,-6.750733,0],[107.38223,-6.750751,0],[107.382191,-6.750758,0],[107.38199,-6.750717,0],[107.381574,-6.750643,0],[107.38156,-6.75064,0],[107.381541,-6.750669,0],[107.38149,-6.750728,0],[107.38148,-6.75084,0],[107.38148,-6.75084,0],[107.381497,-6.750976,0],[107.381497,-6.750976,0],[107.38156,-6.75147,0],[107.3815,-6.75161,0],[107.38139,-6.75166,0],[107.38108,-6.75169,0],[107.38072,-6.75171,0],[107.380747,-6.75176,0],[107.380752,-6.751769,0],[107.38079,-6.75184,0],[107.380779,-6.751966,0],[107.38077,-6.752068,0],[107.380503,-6.75252,0],[107.380308,-6.752792,0],[107.380186,-6.753126,0],[107.380178,-6.753251,0],[107.380213,-6.753306,0],[107.380222,-6.75332,0],[107.380223,-6.753323,0],[107.380718,-6.753362,0],[107.380943,-6.753387,0],[107.381146,-6.753458,0],[107.381184,-6.753499,0],[107.381225,-6.753792,0],[107.381241,-6.753909,0],[107.381255,-6.754012,0],[107.38131,-6.75414,0],[107.381444,-6.75424,0],[107.38147,-6.75426,0],[107.381671,-6.754315,0],[107.381685,-6.754319,0],[107.381992,-6.754258,0],[107.382074,-6.754242,0],[107.38232,-6.754182,0],[107.382411,-6.754191,0],[107.382488,-6.754304,0],[107.38249,-6.754306,0],[107.382512,-6.75449,0],[107.382455,-6.754547,0],[107.382356,-6.754646,0],[107.382218,-6.754785,0],[107.38206,-6.75495,0],[107.382005,-6.755011,0],[107.381971,-6.755054,0],[107.381952,-6.755208,0],[107.381969,-6.755252,0],[107.382066,-6.755516,0],[107.382156,-6.755724,0],[107.382603,-6.755893,0],[107.382622,-6.755901,0],[107.382771,-6.755956,0],[107.38292,-6.756106,0],[107.383073,-6.756526,0],[107.383114,-6.756888,0],[107.383119,-6.756937,0],[107.38315,-6.757141,0],[107.383277,-6.757352,0],[107.383392,-6.757514,0],[107.3834,-6.75753,0],[107.383424,-6.757599,0],[107.383456,-6.757701,0],[107.383387,-6.75802,0],[107.38333,-6.758297,0],[107.38333,-6.758299,0],[107.38333,-6.7583,0],[107.38343,-6.75957,0],[107.38346,-6.75975,0],[107.38356,-6.7599,0],[107.38371,-6.76001,0],[107.38421,-6.76007,0],[107.38454,-6.7601,0],[107.38483,-6.76017,0],[107.38506,-6.76032,0],[107.38519,-6.7605,0],[107.38524,-6.7607,0],[107.38522,-6.76089,0],[107.38511,-6.76121,0],[107.38509,-6.76142,0],[107.38523,-6.76191,0],[107.38536,-6.76214,0],[107.38556,-6.7624,0],[107.38567,-6.76256,0],[107.385949,-6.762761,0],[107.38603,-6.76282,0],[107.387216,-6.763113,0],[107.38773,-6.76324,0],[107.38791,-6.76329,0],[107.38803,-6.76338,0],[107.38808,-6.76358,0],[107.38809,-6.76383,0],[107.38816,-6.76394,0],[107.38835,-6.76402,0],[107.38847,-6.76404,0],[107.38864,-6.76395,0],[107.38883,-6.76377,0],[107.38893,-6.76372,0],[107.38905,-6.76375,0],[107.389165,-6.763897,0],[107.38923,-6.76398,0],[107.3894,-6.76436,0],[107.38946,-6.76448,0],[107.38961,-6.76454,0],[107.38985,-6.76451,0],[107.390044,-6.764437,0],[107.390378,-6.764532,0],[107.390424,-6.76456,0],[107.39076,-6.76464,0],[107.390795,-6.764649,0],[107.39127,-6.76477,0],[107.39169,-6.76482,0],[107.391951,-6.764795,0],[107.392089,-6.764748,0],[107.392205,-6.764701,0],[107.392423,-6.764715,0],[107.39252,-6.764786,0],[107.39257,-6.7648,0],[107.39267,-6.76488,0],[107.39259,-6.76509,0],[107.39258,-6.76524,0],[107.39262,-6.76533,0],[107.39271,-6.76537,0],[107.39308,-6.76515,0],[107.3933,-6.76501,0],[107.39345,-6.76498,0],[107.39362,-6.76501,0],[107.39386,-6.76524,0],[107.39404,-6.7655,0],[107.39414,-6.7657,0],[107.39422,-6.76578,0],[107.394762,-6.765625,0],[107.39478,-6.76562,0],[107.39491,-6.76598,0],[107.395022,-6.766375,0],[107.39504,-6.76644,0],[107.39538,-6.76731,0],[107.39556,-6.76803,0],[107.39564,-6.76857,0],[107.395666,-6.768974,0],[107.3957,-6.76952,0],[107.39579,-6.77015,0],[107.39597,-6.77077,0],[107.39613,-6.77121,0],[107.396365,-6.771646,0],[107.39641,-6.77173,0],[107.39689,-6.7725,0],[107.397247,-6.772966,0],[107.39758,-6.7734,0],[107.39841,-6.77435,0],[107.39917,-6.77514,0],[107.39979,-6.7758,0],[107.40024,-6.77627,0],[107.4008,-6.77682,0],[107.40179,-6.77784,0],[107.40268,-6.77882,0],[107.40306,-6.77942,0],[107.40369,-6.78049,0],[107.40391,-6.780909,0],[107.40409,-6.78125,0],[107.4043,-6.78162,0],[107.40444,-6.78186,0],[107.40455,-6.78203,0],[107.40462,-6.78209,0],[107.40469,-6.78213,0],[107.40478,-6.78215,0],[107.40498,-6.78213,0],[107.40519,-6.78209,0],[107.40534,-6.78205,0],[107.40558,-6.78199,0],[107.40584,-6.78191,0],[107.40658,-6.78166,0],[107.40724,-6.78141,0],[107.40803,-6.78108,0],[107.40856,-6.78089,0],[107.40944,-6.78055,0],[107.41042,-6.78021,0],[107.41172,-6.77979,0],[107.41293,-6.77944,0],[107.41359,-6.77921,0],[107.41427,-6.77896,0],[107.41473,-6.77877,0],[107.41524,-6.77856,0],[107.41524,-6.77856,0],[107.41602,-6.77802,0],[107.416065,-6.777984,0],[107.41676,-6.77743,0],[107.4175,-6.77688,0],[107.41798,-6.77654,0],[107.41954,-6.77528,0],[107.419869,-6.775048,0],[107.42035,-6.77471,0],[107.42129,-6.77402,0],[107.42211,-6.77341,0],[107.42295,-6.77275,0],[107.423575,-6.772256,0],[107.42395,-6.77196,0],[107.4244,-6.77159,0],[107.42501,-6.77115,0],[107.42571,-6.77073,0],[107.42637,-6.77031,0],[107.42654,-6.770224,0],[107.427617,-6.769677,0],[107.427698,-6.769638,0],[107.427853,-6.769592,0],[107.42797,-6.769549,0],[107.428141,-6.769445,0],[107.428794,-6.768955,0],[107.429116,-6.768738,0],[107.429358,-6.768624,0],[107.429502,-6.768589,0],[107.429561,-6.768564,0],[107.429692,-6.768474,0],[107.429754,-6.768431,0],[107.429828,-6.768352,0],[107.429927,-6.768218,0],[107.429947,-6.768114,0],[107.430016,-6.768005,0],[107.430209,-6.767788,0],[107.430378,-6.767713,0],[107.430575,-6.767649,0],[107.430669,-6.767515,0],[107.430952,-6.76773,0],[107.43107,-6.76782,0],[107.43112,-6.76846,0],[107.43109,-6.76926,0],[107.43103,-6.76939,0],[107.431186,-6.769724,0],[107.431248,-6.769976,0],[107.431206,-6.770019,0],[107.431244,-6.770092,0],[107.431279,-6.770189,0],[107.431372,-6.770255,0],[107.43152,-6.770317,0],[107.431601,-6.770356,0],[107.431667,-6.77038,0],[107.43176,-6.770399,0],[107.431877,-6.770651,0],[107.431947,-6.770795,0],[107.43202,-6.770923,0],[107.432156,-6.771028,0],[107.432478,-6.771024,0],[107.432994,-6.770985,0],[107.433126,-6.77102,0],[107.433483,-6.771222,0],[107.433724,-6.771353,0],[107.433863,-6.771423,0],[107.434127,-6.771423,0],[107.434372,-6.77133,0],[107.434577,-6.771202,0],[107.434678,-6.771128,0],[107.434818,-6.771136,0],[107.435023,-6.77128,0],[107.435303,-6.771656,0],[107.435551,-6.771966,0],[107.435768,-6.772192,0],[107.43581,-6.772302,0],[107.435838,-6.772378,0],[107.435943,-6.772801,0],[107.436036,-6.772987,0],[107.436034,-6.773155,0],[107.435964,-6.773559,0],[107.435973,-6.773744,0],[107.436343,-6.774263,0],[107.436742,-6.774822,0],[107.436777,-6.774911,0],[107.436741,-6.775008,0],[107.436702,-6.77514,0],[107.437026,-6.775975,0],[107.437095,-6.776289,0],[107.437495,-6.776622,0],[107.437646,-6.776789,0],[107.437675,-6.776856,0],[107.437748,-6.77703,0],[107.437816,-6.777211,0],[107.437827,-6.777242,0],[107.437918,-6.777327,0],[107.438003,-6.777376,0],[107.438094,-6.777376,0],[107.438215,-6.777327,0],[107.438353,-6.777247,0],[107.438476,-6.777718,0],[107.438137,-6.778104,0],[107.438015,-6.778243,0],[107.438003,-6.778271,0],[107.437945,-6.778409,0],[107.437953,-6.778556,0],[107.438012,-6.778669,0],[107.438082,-6.778802,0],[107.438204,-6.779033,0],[107.438337,-6.779283,0],[107.438481,-6.779543,0],[107.438612,-6.779498,0],[107.439063,-6.779327,0],[107.439532,-6.779168,0],[107.440071,-6.779126,0],[107.440161,-6.779119,0],[107.440184,-6.779117,0],[107.440545,-6.779164,0],[107.440824,-6.779238,0],[107.441103,-6.779342,0],[107.441289,-6.77945,0],[107.441391,-6.779509,0],[107.441767,-6.779769,0],[107.441938,-6.779905,0],[107.442043,-6.779971,0],[107.442082,-6.780019,0],[107.442107,-6.78,0],[107.442342,-6.779812,0],[107.442359,-6.779807,0],[107.442484,-6.779772,0],[107.442656,-6.779746,0],[107.442681,-6.779784,0],[107.442682,-6.779786,0],[107.442759,-6.779812,0],[107.44278,-6.77982,0],[107.442786,-6.779821,0],[107.443325,-6.779981,0],[107.443443,-6.780034,0],[107.443593,-6.780102,0],[107.443767,-6.780188,0],[107.443874,-6.780206,0],[107.443878,-6.780204,0],[107.444115,-6.780102,0],[107.444243,-6.780014,0],[107.444333,-6.779851,0],[107.44441,-6.779665,0],[107.444525,-6.779532,0],[107.444751,-6.77937,0],[107.444925,-6.779297,0],[107.445001,-6.779287,0],[107.445262,-6.779253,0],[107.445376,-6.779275,0],[107.44608,-6.779762,0],[107.446127,-6.779793,0],[107.446253,-6.779876,0],[107.446462,-6.779957,0],[107.446667,-6.779979,0],[107.446997,-6.779926,0],[107.447035,-6.779915,0],[107.447232,-6.779856,0],[107.447705,-6.779474,0]]]]},"properties":{"kd_propinsi":"32","kd_dati2":"17","kd_kecamatan":"004","nm_kecamatan":"Cikalongwetan"}},{"type":"Feature","geometry":{"type":"MultiPolygon","coordinates":[[[[107.37929,-6.79246,0],[107.3793,-6.79233,0],[107.379617,-6.792327,0],[107.380046,-6.792434,0],[107.380355,-6.792553,0],[107.380489,-6.792681,0],[107.380451,-6.792825,0],[107.380586,-6.793126,0],[107.38069,-6.793257,0],[107.380811,-6.793325,0],[107.381081,-6.793577,0],[107.381401,-6.793828,0],[107.381391,-6.793985,0],[107.381375,-6.794105,0],[107.381411,-6.794279,0],[107.381592,-6.794374,0],[107.382382,-6.794526,0],[107.382725,-6.794631,0],[107.382934,-6.794773,0],[107.383401,-6.794926,0],[107.383791,-6.794954,0],[107.3844,-6.794973,0],[107.384866,-6.794973,0],[107.38519,-6.794973,0],[107.385533,-6.794954,0],[107.385733,-6.79503,0],[107.385932,-6.795221,0],[107.386094,-6.795326,0],[107.386294,-6.79543,0],[107.386542,-6.795506,0],[107.386694,-6.795649,0],[107.386884,-6.795849,0],[107.387141,-6.795925,0],[107.387284,-6.796058,0],[107.387598,-6.796306,0],[107.387807,-6.796506,0],[107.387907,-6.796626,0],[107.390425,-6.796629,0],[107.390377,-6.796401,0],[107.390415,-6.796192,0],[107.390425,-6.79583,0],[107.390461,-6.795415,0],[107.39061,-6.79545,0],[107.390847,-6.795478,0],[107.39111,-6.79551,0],[107.39235,-6.79535,0],[107.39313,-6.79514,0],[107.39426,-6.79474,0],[107.3952,-6.79428,0],[107.39584,-6.79395,0],[107.396015,-6.79385,0],[107.39647,-6.79359,0],[107.3977,-6.79276,0],[107.39843,-6.79255,0],[107.39886,-6.79248,0],[107.39982,-6.79241,0],[107.40015,-6.79226,0],[107.40056,-6.79208,0],[107.40093,-6.79188,0],[107.40108,-6.79176,0],[107.40126,-6.79156,0],[107.40138,-6.79139,0],[107.40145,-6.7912,0],[107.40154,-6.79106,0],[107.40171,-6.79094,0],[107.40195,-6.79083,0],[107.4023,-6.79039,0],[107.40252,-6.7901,0],[107.40281,-6.78979,0],[107.40306,-6.78958,0],[107.40341,-6.78937,0],[107.40368,-6.78924,0],[107.40384,-6.78913,0],[107.40392,-6.78901,0],[107.40394,-6.78867,0],[107.40395,-6.78855,0],[107.40403,-6.78845,0],[107.40417,-6.78838,0],[107.40439,-6.78836,0],[107.40466,-6.78839,0],[107.4048,-6.78836,0],[107.40494,-6.78823,0],[107.40503,-6.78809,0],[107.40525,-6.78796,0],[107.40559,-6.78788,0],[107.40577,-6.78789,0],[107.40612,-6.78806,0],[107.40633,-6.78816,0],[107.40658,-6.78819,0],[107.406882,-6.788171,0],[107.407441,-6.788107,0],[107.40754,-6.788152,0],[107.407876,-6.788102,0],[107.408331,-6.787949,0],[107.40915,-6.7877,0],[107.40968,-6.78745,0],[107.40999,-6.78729,0],[107.41021,-6.78714,0],[107.41063,-6.78706,0],[107.41098,-6.78707,0],[107.41152,-6.78704,0],[107.41197,-6.7869,0],[107.41246,-6.78668,0],[107.4127,-6.78664,0],[107.41324,-6.78629,0],[107.41366,-6.78602,0],[107.41389,-6.78576,0],[107.414205,-6.785206,0],[107.41422,-6.78518,0],[107.41455,-6.78417,0],[107.41458,-6.784,0],[107.414614,-6.783907,0],[107.41476,-6.78351,0],[107.41499,-6.78294,0],[107.41535,-6.78189,0],[107.41538,-6.78154,0],[107.4153,-6.78099,0],[107.41516,-6.78038,0],[107.41511,-6.77973,0],[107.41511,-6.7794,0],[107.41524,-6.77856,0],[107.41524,-6.77856,0],[107.41473,-6.77877,0],[107.41427,-6.77896,0],[107.41359,-6.77921,0],[107.41293,-6.77944,0],[107.41172,-6.77979,0],[107.41042,-6.78021,0],[107.40944,-6.78055,0],[107.40856,-6.78089,0],[107.40803,-6.78108,0],[107.40724,-6.78141,0],[107.40658,-6.78166,0],[107.40584,-6.78191,0],[107.40558,-6.78199,0],[107.40534,-6.78205,0],[107.40519,-6.78209,0],[107.40498,-6.78213,0],[107.40478,-6.78215,0],[107.40469,-6.78213,0],[107.40462,-6.78209,0],[107.40455,-6.78203,0],[107.40444,-6.78186,0],[107.4043,-6.78162,0],[107.40409,-6.78125,0],[107.40391,-6.780909,0],[107.40369,-6.78049,0],[107.40306,-6.77942,0],[107.40268,-6.77882,0],[107.40179,-6.77784,0],[107.4008,-6.77682,0],[107.40024,-6.77627,0],[107.39979,-6.7758,0],[107.39917,-6.77514,0],[107.39841,-6.77435,0],[107.39758,-6.7734,0],[107.397247,-6.772966,0],[107.39689,-6.7725,0],[107.39641,-6.77173,0],[107.396365,-6.771646,0],[107.39613,-6.77121,0],[107.39597,-6.77077,0],[107.39579,-6.77015,0],[107.3957,-6.76952,0],[107.395666,-6.768974,0],[107.39564,-6.76857,0],[107.39556,-6.76803,0],[107.39538,-6.76731,0],[107.39504,-6.76644,0],[107.395022,-6.766375,0],[107.39491,-6.76598,0],[107.39478,-6.76562,0],[107.394762,-6.765625,0],[107.39422,-6.76578,0],[107.39414,-6.7657,0],[107.39404,-6.7655,0],[107.39386,-6.76524,0],[107.39362,-6.76501,0],[107.39345,-6.76498,0],[107.3933,-6.76501,0],[107.39308,-6.76515,0],[107.39271,-6.76537,0],[107.39262,-6.76533,0],[107.39258,-6.76524,0],[107.39259,-6.76509,0],[107.39267,-6.76488,0],[107.39257,-6.7648,0],[107.39252,-6.764786,0],[107.392423,-6.764715,0],[107.392205,-6.764701,0],[107.392089,-6.764748,0],[107.391951,-6.764795,0],[107.39169,-6.76482,0],[107.39127,-6.76477,0],[107.390795,-6.764649,0],[107.39076,-6.76464,0],[107.390424,-6.76456,0],[107.390378,-6.764532,0],[107.390044,-6.764437,0],[107.38985,-6.76451,0],[107.38961,-6.76454,0],[107.38946,-6.76448,0],[107.3894,-6.76436,0],[107.38923,-6.76398,0],[107.389165,-6.763897,0],[107.38905,-6.76375,0],[107.38893,-6.76372,0],[107.38883,-6.76377,0],[107.38864,-6.76395,0],[107.38847,-6.76404,0],[107.38835,-6.76402,0],[107.38816,-6.76394,0],[107.38809,-6.76383,0],[107.38808,-6.76358,0],[107.38803,-6.76338,0],[107.38791,-6.76329,0],[107.38773,-6.76324,0],[107.387216,-6.763113,0],[107.38603,-6.76282,0],[107.385949,-6.762761,0],[107.38567,-6.76256,0],[107.38556,-6.7624,0],[107.38536,-6.76214,0],[107.38523,-6.76191,0],[107.38509,-6.76142,0],[107.38511,-6.76121,0],[107.38522,-6.76089,0],[107.38524,-6.7607,0],[107.38519,-6.7605,0],[107.38506,-6.76032,0],[107.38483,-6.76017,0],[107.38454,-6.7601,0],[107.38421,-6.76007,0],[107.38371,-6.76001,0],[107.38356,-6.7599,0],[107.38346,-6.75975,0],[107.38343,-6.75957,0],[107.38333,-6.7583,0],[107.38333,-6.758299,0],[107.38333,-6.758297,0],[107.383387,-6.75802,0],[107.383456,-6.757701,0],[107.383424,-6.757599,0],[107.3834,-6.75753,0],[107.383392,-6.757514,0],[107.383277,-6.757352,0],[107.38315,-6.757141,0],[107.383119,-6.756937,0],[107.383114,-6.756888,0],[107.383073,-6.756526,0],[107.38292,-6.756106,0],[107.382771,-6.755956,0],[107.382622,-6.755901,0],[107.382603,-6.755893,0],[107.382156,-6.755724,0],[107.382066,-6.755516,0],[107.381969,-6.755252,0],[107.381952,-6.755208,0],[107.381971,-6.755054,0],[107.382005,-6.755011,0],[107.38206,-6.75495,0],[107.382218,-6.754785,0],[107.382356,-6.754646,0],[107.382455,-6.754547,0],[107.382512,-6.75449,0],[107.38249,-6.754306,0],[107.382488,-6.754304,0],[107.382411,-6.754191,0],[107.38232,-6.754182,0],[107.382074,-6.754242,0],[107.381992,-6.754258,0],[107.381685,-6.754319,0],[107.381671,-6.754315,0],[107.38147,-6.75426,0],[107.381444,-6.75424,0],[107.38131,-6.75414,0],[107.381255,-6.754012,0],[107.381241,-6.753909,0],[107.381225,-6.753792,0],[107.381184,-6.753499,0],[107.381146,-6.753458,0],[107.380943,-6.753387,0],[107.380718,-6.753362,0],[107.380223,-6.753323,0],[107.380222,-6.75332,0],[107.380213,-6.753306,0],[107.380178,-6.753251,0],[107.380186,-6.753126,0],[107.380308,-6.752792,0],[107.380503,-6.75252,0],[107.38077,-6.752068,0],[107.380779,-6.751966,0],[107.38079,-6.75184,0],[107.380752,-6.751769,0],[107.380747,-6.75176,0],[107.38072,-6.75171,0],[107.38108,-6.75169,0],[107.38139,-6.75166,0],[107.3815,-6.75161,0],[107.38156,-6.75147,0],[107.381497,-6.750976,0],[107.381497,-6.750976,0],[107.38148,-6.75084,0],[107.38148,-6.75084,0],[107.38149,-6.750728,0],[107.381541,-6.750669,0],[107.38156,-6.75064,0],[107.381574,-6.750643,0],[107.38199,-6.750717,0],[107.382191,-6.750758,0],[107.38223,-6.750751,0],[107.382324,-6.750733,0],[107.382611,-6.75047,0],[107.383101,-6.75,0],[107.383108,-6.749994,0],[107.383271,-6.74982,0],[107.383308,-6.749776,0],[107.383513,-6.749533,0],[107.383881,-6.749877,0],[107.384083,-6.750127,0],[107.384273,-6.750222,0],[107.38469,-6.750258,0],[107.384928,-6.750163,0],[107.385261,-6.750103,0],[107.385499,-6.75027,0],[107.385856,-6.750448,0],[107.386046,-6.750555,0],[107.386427,-6.750686,0],[107.386629,-6.75071,0],[107.386296,-6.750472,0],[107.38607,-6.750294,0],[107.385939,-6.750103,0],[107.38582,-6.75002,0],[107.385689,-6.75002,0],[107.38557,-6.749901,0],[107.385653,-6.749711,0],[107.385856,-6.749532,0],[107.386094,-6.749413,0],[107.386236,-6.749354,0],[107.386189,-6.749259,0],[107.385951,-6.749282,0],[107.385713,-6.749366,0],[107.385523,-6.749496,0],[107.385356,-6.749639,0],[107.385106,-6.749734,0],[107.384821,-6.749794,0],[107.384404,-6.749734,0],[107.384826,-6.749323,0],[107.385321,-6.748941,0],[107.385729,-6.748634,0],[107.386271,-6.748206,0],[107.386504,-6.748,0],[107.386625,-6.747828,0],[107.386785,-6.747537,0],[107.386943,-6.747312,0],[107.387144,-6.747111,0],[107.387341,-6.747109,0],[107.387398,-6.746917,0],[107.38735,-6.746755,0],[107.387331,-6.746546,0],[107.387286,-6.746306,0],[107.387064,-6.745975,0],[107.387276,-6.745974,0],[107.387588,-6.745973,0],[107.388144,-6.74597,0],[107.389035,-6.746003,0],[107.389257,-6.745891,0],[107.389291,-6.74526,0],[107.389251,-6.744555,0],[107.388653,-6.743816,0],[107.388168,-6.743299,0],[107.387464,-6.74334,0],[107.387155,-6.743118,0],[107.387054,-6.743045,0],[107.386791,-6.742304,0],[107.386527,-6.74149,0],[107.386635,-6.740747,0],[107.386369,-6.739636,0],[107.385961,-6.739489,0],[107.385031,-6.739197,0],[107.384247,-6.738236,0],[107.384109,-6.737992,0],[107.384391,-6.737763,0],[107.38469,-6.73752,0],[107.38489,-6.737313,0],[107.385069,-6.737127,0],[107.385311,-6.736835,0],[107.385497,-6.736978,0],[107.385604,-6.736813,0],[107.385745,-6.73666,0],[107.385919,-6.736488,0],[107.386099,-6.736618,0],[107.386851,-6.736889,0],[107.387472,-6.737001,0],[107.388225,-6.737315,0],[107.38889,-6.737586,0],[107.389367,-6.737627,0],[107.389872,-6.737509,0],[107.390334,-6.737551,0],[107.390927,-6.737649,0],[107.391662,-6.737313,0],[107.392036,-6.737008,0],[107.391916,-6.736128,0],[107.391872,-6.735454,0],[107.391952,-6.735326,0],[107.391976,-6.735237,0],[107.392048,-6.735195,0],[107.392083,-6.735136,0],[107.392113,-6.735023,0],[107.392113,-6.734981,0],[107.392178,-6.73488,0],[107.39222,-6.734791,0],[107.392309,-6.734684,0],[107.392375,-6.734547,0],[107.392375,-6.734481,0],[107.392434,-6.734136,0],[107.392747,-6.73377,0],[107.393005,-6.733724,0],[107.393148,-6.733698,0],[107.393195,-6.733343,0],[107.393239,-6.733012,0],[107.393276,-6.732456,0],[107.393291,-6.73245,0],[107.393359,-6.732388,0],[107.393321,-6.732233,0],[107.39331,-6.732176,0],[107.39326,-6.73191,0],[107.393245,-6.73159,0],[107.39324,-6.73149,0],[107.39332,-6.73071,0],[107.39332,-6.730027,0],[107.39332,-6.729798,0],[107.393193,-6.729698,0],[107.392908,-6.729341,0],[107.392651,-6.728942,0],[107.392522,-6.728256,0],[107.392482,-6.727473,0],[107.392494,-6.727458,0],[107.3925,-6.727451,0],[107.392479,-6.726539,0],[107.392474,-6.726347,0],[107.39247,-6.72616,0],[107.392443,-6.725624,0],[107.39243,-6.72536,0],[107.39248,-6.72507,0],[107.39251,-6.72445,0],[107.39252,-6.72424,0],[107.392609,-6.723266,0],[107.39262,-6.72314,0],[107.392636,-6.722975,0],[107.392681,-6.722515,0],[107.39272,-6.72212,0],[107.39284,-6.72121,0],[107.3931,-6.72117,0],[107.39321,-6.72103,0],[107.39329,-6.72085,0],[107.39326,-6.72038,0],[107.393206,-6.720101,0],[107.393222,-6.719771,0],[107.39308,-6.71978,0],[107.39308,-6.71978,0],[107.39308,-6.71978,0],[107.392896,-6.719823,0],[107.392743,-6.720032,0],[107.392747,-6.720138,0],[107.39268,-6.72037,0],[107.39259,-6.72037,0],[107.3924,-6.7203,0],[107.39198,-6.72012,0],[107.39164,-6.72,0],[107.39148,-6.71983,0],[107.391445,-6.719709,0],[107.39144,-6.71969,0],[107.3915,-6.71927,0],[107.39151,-6.71905,0],[107.39146,-6.71896,0],[107.391409,-6.718937,0],[107.39133,-6.7189,0],[107.3912,-6.7189,0],[107.39099,-6.71899,0],[107.39077,-6.71905,0],[107.39059,-6.71901,0],[107.39039,-6.71891,0],[107.38991,-6.71864,0],[107.38973,-6.71864,0],[107.38957,-6.71869,0],[107.38928,-6.7188,0],[107.38905,-6.7188,0],[107.3889,-6.71872,0],[107.38879,-6.71862,0],[107.38875,-6.71844,0],[107.38866,-6.71825,0],[107.38862,-6.71817,0],[107.38847,-6.71799,0],[107.3883,-6.71785,0],[107.38818,-6.71786,0],[107.38792,-6.71798,0],[107.38756,-6.71815,0],[107.38741,-6.71814,0],[107.38716,-6.71806,0],[107.38703,-6.71795,0],[107.38703,-6.71789,0],[107.38707,-6.71766,0],[107.38718,-6.71721,0],[107.38714,-6.71711,0],[107.387,-6.71705,0],[107.38675,-6.71712,0],[107.38668,-6.71718,0],[107.38612,-6.71757,0],[107.38597,-6.71755,0],[107.38582,-6.71749,0],[107.38575,-6.71738,0],[107.38562,-6.71712,0],[107.38554,-6.71695,0],[107.38541,-6.716866,0],[107.3854,-6.71686,0],[107.38523,-6.71682,0],[107.38507,-6.71689,0],[107.38495,-6.71702,0],[107.38481,-6.71713,0],[107.3847,-6.71713,0],[107.38454,-6.71704,0],[107.384472,-6.716946,0],[107.384466,-6.716955,0],[107.38441,-6.71686,0],[107.38418,-6.71659,0],[107.383966,-6.716469,0],[107.38395,-6.71646,0],[107.383606,-6.716274,0],[107.383592,-6.716269,0],[107.383581,-6.716261,0],[107.38358,-6.71626,0],[107.383578,-6.716258,0],[107.383035,-6.715836,0],[107.382479,-6.71568,0],[107.382062,-6.715642,0],[107.381724,-6.715445,0],[107.381247,-6.71523,0],[107.38077,-6.714994,0],[107.380213,-6.714719,0],[107.379677,-6.714603,0],[107.379142,-6.714625,0],[107.378627,-6.714905,0],[107.378577,-6.714872,0],[107.37847,-6.71495,0],[107.37808,-6.71513,0],[107.3779,-6.71512,0],[107.37772,-6.71505,0],[107.3774,-6.71492,0],[107.37726,-6.71495,0],[107.377044,-6.715056,0],[107.376924,-6.715037,0],[107.376729,-6.715051,0],[107.376581,-6.714949,0],[107.376423,-6.71462,0],[107.376233,-6.713892,0],[107.376217,-6.713542,0],[107.376214,-6.713488,0],[107.376269,-6.713332,0],[107.376269,-6.713326,0],[107.376403,-6.713112,0],[107.376507,-6.712931,0],[107.376507,-6.712731,0],[107.376412,-6.712512,0],[107.376317,-6.712303,0],[107.376269,-6.712179,0],[107.376384,-6.711931,0],[107.376584,-6.711712,0],[107.376631,-6.711608,0],[107.376622,-6.711417,0],[107.376593,-6.711237,0],[107.376603,-6.711046,0],[107.37666,-6.710922,0],[107.376726,-6.710608,0],[107.376679,-6.710456,0],[107.376545,-6.710294,0],[107.376374,-6.71019,0],[107.376117,-6.710113,0],[107.375841,-6.710047,0],[107.375698,-6.709923,0],[107.375584,-6.709799,0],[107.37546,-6.709685,0],[107.375337,-6.709673,0],[107.375191,-6.709652,0],[107.375161,-6.709611,0],[107.375134,-6.709481,0],[107.375165,-6.709338,0],[107.375184,-6.709214,0],[107.375175,-6.709024,0],[107.375137,-6.70889,0],[107.375175,-6.708776,0],[107.375232,-6.708453,0],[107.375213,-6.708338,0],[107.375127,-6.708291,0],[107.375137,-6.708215,0],[107.375146,-6.708043,0],[107.37508,-6.707948,0],[107.374918,-6.707862,0],[107.374804,-6.707777,0],[107.374804,-6.707672,0],[107.374842,-6.70752,0],[107.374813,-6.707453,0],[107.374728,-6.707349,0],[107.374585,-6.707215,0],[107.374404,-6.707111,0],[107.374052,-6.706968,0],[107.373814,-6.706892,0],[107.3737,-6.706796,0],[107.373471,-6.706578,0],[107.373395,-6.706454,0],[107.373319,-6.706283,0],[107.373157,-6.70614,0],[107.372995,-6.706111,0],[107.372814,-6.70613,0],[107.372586,-6.706149,0],[107.372303,-6.706169,0],[107.372198,-6.7061,0],[107.37204,-6.705915,0],[107.37205,-6.705771,0],[107.372105,-6.705604,0],[107.37221,-6.70533,0],[107.37222,-6.70501,0],[107.37225,-6.70455,0],[107.37229,-6.70419,0],[107.37223,-6.70383,0],[107.372212,-6.703766,0],[107.37211,-6.70341,0],[107.37191,-6.702914,0],[107.371929,-6.702786,0],[107.37189,-6.70221,0],[107.37174,-6.70173,0],[107.37165,-6.70176,0],[107.37142,-6.70186,0],[107.371408,-6.701843,0],[107.371284,-6.701736,0],[107.37127,-6.70155,0],[107.37125,-6.70122,0],[107.371222,-6.701158,0],[107.37121,-6.70113,0],[107.371203,-6.701085,0],[107.3712,-6.701067,0],[107.371087,-6.70088,0],[107.371002,-6.700974,0],[107.370814,-6.701043,0],[107.370809,-6.701044,0],[107.370804,-6.701046,0],[107.370499,-6.701066,0],[107.370273,-6.701043,0],[107.369499,-6.700963,0],[107.368912,-6.700966,0],[107.368527,-6.70087,0],[107.367844,-6.700699,0],[107.366928,-6.70048,0],[107.365685,-6.700192,0],[107.365422,-6.700131,0],[107.363772,-6.699749,0],[107.362477,-6.699359,0],[107.361952,-6.699147,0],[107.361524,-6.698975,0],[107.358889,-6.697959,0],[107.355777,-6.696099,0],[107.351829,-6.694606,0],[107.350173,-6.694261,0],[107.348193,-6.694048,0],[107.34346,-6.69455,0],[107.342074,-6.695107,0],[107.339439,-6.697375,0],[107.338406,-6.698696,0],[107.336065,-6.702686,0],[107.331795,-6.711489,0],[107.330835,-6.713467,0],[107.328428,-6.717153,0],[107.327935,-6.717909,0],[107.327791,-6.718112,0],[107.325891,-6.720789,0],[107.323684,-6.72264,0],[107.320286,-6.724061,0],[107.314785,-6.725686,0],[107.314661,-6.725713,0],[107.312136,-6.726269,0],[107.311144,-6.726488,0],[107.306548,-6.727367,0],[107.305571,-6.727554,0],[107.304687,-6.727785,0],[107.302951,-6.728239,0],[107.302392,-6.728378,0],[107.302149,-6.728437,0],[107.300672,-6.728887,0],[107.297425,-6.729978,0],[107.294704,-6.73191,0],[107.294686,-6.731922,0],[107.293567,-6.732717,0],[107.292494,-6.733753,0],[107.291723,-6.734534,0],[107.29144,-6.734886,0],[107.290862,-6.735604,0],[107.290353,-6.736673,0],[107.289297,-6.740339,0],[107.289156,-6.741348,0],[107.289119,-6.741614,0],[107.289197,-6.742814,0],[107.289351,-6.745175,0],[107.289678,-6.745788,0],[107.290348,-6.747041,0],[107.291132,-6.748502,0],[107.291616,-6.749783,0],[107.291506,-6.750008,0],[107.290268,-6.752542,0],[107.290111,-6.752863,0],[107.289557,-6.753815,0],[107.289033,-6.754387,0],[107.28857,-6.75494,0],[107.288264,-6.755629,0],[107.28788,-6.756281,0],[107.287298,-6.757251,0],[107.286482,-6.758855,0],[107.286143,-6.759507,0],[107.285999,-6.759863,0],[107.285761,-6.760449,0],[107.285528,-6.761327,0],[107.285321,-6.762142,0],[107.285157,-6.762757,0],[107.284926,-6.763391,0],[107.284746,-6.76388,0],[107.284685,-6.764214,0],[107.284567,-6.764871,0],[107.284558,-6.76492,0],[107.284376,-6.765563,0],[107.284277,-6.766042,0],[107.284258,-6.766133,0],[107.284206,-6.766882,0],[107.284198,-6.76701,0],[107.284195,-6.767046,0],[107.2842,-6.767086,0],[107.284262,-6.767561,0],[107.28425,-6.767713,0],[107.28423,-6.767978,0],[107.28422,-6.768112,0],[107.284208,-6.768175,0],[107.284174,-6.768352,0],[107.284121,-6.768629,0],[107.28412,-6.768637,0],[107.2842,-6.769527,0],[107.284249,-6.770074,0],[107.28418,-6.77032,0],[107.28406,-6.770744,0],[107.284062,-6.770762,0],[107.284063,-6.770772,0],[107.284118,-6.771304,0],[107.284165,-6.771705,0],[107.284165,-6.771708,0],[107.28417,-6.771746,0],[107.284303,-6.772388,0],[107.284337,-6.772903,0],[107.284307,-6.773273,0],[107.284426,-6.774385,0],[107.284426,-6.774385,0],[107.284587,-6.774641,0],[107.284817,-6.775006,0],[107.284991,-6.775458,0],[107.285175,-6.775816,0],[107.285181,-6.775827,0],[107.286195,-6.777333,0],[107.286195,-6.777333,0],[107.287256,-6.778909,0],[107.288085,-6.779737,0],[107.288107,-6.77975,0],[107.288362,-6.779907,0],[107.288377,-6.779922,0],[107.28868,-6.78023,0],[107.288698,-6.780249,0],[107.2888,-6.780382,0],[107.289009,-6.780652,0],[107.289017,-6.780663,0],[107.289048,-6.780716,0],[107.289239,-6.781042,0],[107.289407,-6.781507,0],[107.289409,-6.781511,0],[107.289221,-6.782356,0],[107.28922,-6.782362,0],[107.289281,-6.782473,0],[107.289925,-6.783642,0],[107.290281,-6.783975,0],[107.290461,-6.784254,0],[107.291018,-6.785643,0],[107.291148,-6.78661,0],[107.291151,-6.787072,0],[107.291152,-6.78736,0],[107.291155,-6.787392,0],[107.291215,-6.7881,0],[107.29124,-6.788399,0],[107.291243,-6.7884,0],[107.291953,-6.788649,0],[107.292902,-6.78874,0],[107.293209,-6.788769,0],[107.293669,-6.788559,0],[107.29442,-6.788013,0],[107.294872,-6.787384,0],[107.29496,-6.787261,0],[107.294963,-6.787258,0],[107.295152,-6.787065,0],[107.295336,-6.786879,0],[107.295797,-6.786958,0],[107.29693,-6.787703,0],[107.298572,-6.789458,0],[107.300714,-6.791201,0],[107.30079,-6.791501,0],[107.300805,-6.791556,0],[107.300833,-6.791668,0],[107.300843,-6.791707,0],[107.301089,-6.792501,0],[107.301218,-6.792781,0],[107.301389,-6.79311,0],[107.30141,-6.793151,0],[107.301605,-6.793403,0],[107.301779,-6.793538,0],[107.302186,-6.793852,0],[107.303021,-6.794407,0],[107.303253,-6.794561,0],[107.303872,-6.795109,0],[107.304604,-6.795606,0],[107.304995,-6.795872,0],[107.305394,-6.796076,0],[107.305538,-6.79615,0],[107.30636,-6.7963,0],[107.307368,-6.796485,0],[107.308079,-6.79678,0],[107.308641,-6.797093,0],[107.309201,-6.797515,0],[107.309847,-6.798212,0],[107.310127,-6.798514,0],[107.310925,-6.799143,0],[107.311536,-6.799272,0],[107.312266,-6.799426,0],[107.312297,-6.79944,0],[107.312967,-6.79975,0],[107.313525,-6.800008,0],[107.314156,-6.80071,0],[107.314158,-6.801089,0],[107.314078,-6.801804,0],[107.31405,-6.801972,0],[107.313996,-6.802301,0],[107.313998,-6.802636,0],[107.314005,-6.802698,0],[107.314022,-6.802866,0],[107.314086,-6.803476,0],[107.314507,-6.804016,0],[107.315179,-6.804474,0],[107.316279,-6.804093,0],[107.316547,-6.80404,0],[107.316746,-6.80403,0],[107.316984,-6.803973,0],[107.317184,-6.803906,0],[107.317384,-6.804059,0],[107.317641,-6.804072,0],[107.318069,-6.804115,0],[107.318398,-6.803986,0],[107.318483,-6.803572,0],[107.318897,-6.803344,0],[107.319297,-6.80323,0],[107.31974,-6.803258,0],[107.320239,-6.802873,0],[107.320226,-6.802242,0],[107.321235,-6.800267,0],[107.321687,-6.800081,0],[107.322302,-6.799785,0],[107.322618,-6.799613,0],[107.323694,-6.799565,0],[107.324932,-6.799327,0],[107.325598,-6.799208,0],[107.326431,-6.798566,0],[107.327026,-6.797971,0],[107.327954,-6.797804,0],[107.328763,-6.797947,0],[107.329381,-6.797281,0],[107.33019,-6.796377,0],[107.330761,-6.795877,0],[107.33141,-6.79499,0],[107.33141,-6.79499,0],[107.33206,-6.79556,0],[107.3325,-6.79585,0],[107.332775,-6.796116,0],[107.3328,-6.79614,0],[107.3331,-6.79642,0],[107.33335,-6.79669,0],[107.33355,-6.79703,0],[107.33433,-6.79681,0],[107.33487,-6.79653,0],[107.33538,-6.79637,0],[107.33619,-6.79636,0],[107.33663,-6.79639,0],[107.33719,-6.79648,0],[107.33808,-6.79663,0],[107.33867,-6.79661,0],[107.33935,-6.79649,0],[107.34009,-6.79651,0],[107.34065,-6.79643,0],[107.34131,-6.79628,0],[107.34192,-6.79615,0],[107.34248,-6.79601,0],[107.34319,-6.79586,0],[107.34365,-6.7957,0],[107.34396,-6.79542,0],[107.34443,-6.79503,0],[107.34503,-6.79466,0],[107.34531,-6.79451,0],[107.34561,-6.79437,0],[107.346,-6.79426,0],[107.34647,-6.79416,0],[107.34712,-6.79416,0],[107.34774,-6.79467,0],[107.3481,-6.79483,0],[107.34846,-6.79505,0],[107.348782,-6.795208,0],[107.348828,-6.795231,0],[107.34901,-6.79532,0],[107.35143,-6.79514,0],[107.35229,-6.79503,0],[107.35252,-6.79496,0],[107.35393,-6.79438,0],[107.3555,-6.79396,0],[107.35607,-6.7939,0],[107.35684,-6.79376,0],[107.3578,-6.79377,0],[107.35842,-6.79375,0],[107.35913,-6.79384,0],[107.35964,-6.79403,0],[107.36016,-6.79436,0],[107.36053,-6.79477,0],[107.36108,-6.79521,0],[107.36206,-6.79634,0],[107.36206,-6.79634,0],[107.36286,-6.79634,0],[107.3636,-6.79637,0],[107.365,-6.79681,0],[107.36578,-6.79723,0],[107.36699,-6.7975,0],[107.36884,-6.79803,0],[107.36954,-6.79845,0],[107.37003,-6.79866,0],[107.37073,-6.79896,0],[107.37146,-6.79928,0],[107.37202,-6.79949,0],[107.3726,-6.79969,0],[107.3732,-6.79996,0],[107.37368,-6.79993,0],[107.375,-6.8,0],[107.37593,-6.80003,0],[107.37635,-6.79987,0],[107.37645,-6.79975,0],[107.3766,-6.79957,0],[107.37664,-6.7995,0],[107.37676,-6.79927,0],[107.37693,-6.79905,0],[107.37716,-6.79891,0],[107.37748,-6.79878,0],[107.37787,-6.79859,0],[107.37826,-6.7984,0],[107.37879,-6.79806,0],[107.37908,-6.7978,0],[107.37923,-6.79756,0],[107.37943,-6.79724,0],[107.37978,-6.79666,0],[107.37986,-6.79634,0],[107.38005,-6.79526,0],[107.38006,-6.79517,0],[107.38006,-6.7949,0],[107.37993,-6.79399,0],[107.37976,-6.79338,0],[107.37961,-6.79304,0],[107.37929,-6.79246,0]]]]},"properties":{"kd_propinsi":"32","kd_dati2":"17","kd_kecamatan":"005","nm_kecamatan":"Cipeundeuy"}},{"type":"Feature","geometry":{"type":"MultiPolygon","coordinates":[[[[107.506317,-6.87288,0],[107.506524,-6.87283,0],[107.506838,-6.872808,0],[107.507035,-6.8728,0],[107.507285,-6.872859,0],[107.507576,-6.872925,0],[107.507707,-6.872949,0],[107.507986,-6.873062,0],[107.508135,-6.873133,0],[107.508415,-6.873038,0],[107.5087,-6.872973,0],[107.508813,-6.872889,0],[107.508998,-6.872836,0],[107.509165,-6.87278,0],[107.509296,-6.87249,0],[107.50957,-6.872615,0],[107.50967,-6.87266,0],[107.50995,-6.87266,0],[107.510401,-6.872628,0],[107.510513,-6.872724,0],[107.510609,-6.872766,0],[107.510704,-6.872734,0],[107.510874,-6.872665,0],[107.51107,-6.87277,0],[107.511241,-6.872788,0],[107.511342,-6.872713,0],[107.511565,-6.872761,0],[107.511658,-6.872787,0],[107.51199,-6.87288,0],[107.512216,-6.872955,0],[107.51226,-6.87297,0],[107.51264,-6.87298,0],[107.51273,-6.87304,0],[107.5128,-6.8731,0],[107.512801,-6.8731,0],[107.51294,-6.87301,0],[107.51306,-6.87311,0],[107.51323,-6.87322,0],[107.51336,-6.87329,0],[107.51345,-6.87332,0],[107.51391,-6.87329,0],[107.51401,-6.87327,0],[107.5145,-6.87317,0],[107.51467,-6.87313,0],[107.51484,-6.87319,0],[107.51496,-6.87324,0],[107.51547,-6.87337,0],[107.516029,-6.873559,0],[107.51609,-6.87358,0],[107.51629,-6.87368,0],[107.51651,-6.87378,0],[107.5167,-6.87385,0],[107.51678,-6.87387,0],[107.517058,-6.874084,0],[107.5173,-6.87427,0],[107.51751,-6.87446,0],[107.51762,-6.87452,0],[107.51777,-6.87466,0],[107.51819,-6.87488,0],[107.51825,-6.874889,0],[107.51852,-6.87493,0],[107.518746,-6.875,0],[107.520115,-6.875427,0],[107.520954,-6.8749,0],[107.52131,-6.874543,0],[107.521458,-6.874139,0],[107.521644,-6.874209,0],[107.521664,-6.874167,0],[107.521727,-6.873994,0],[107.52179,-6.87382,0],[107.521856,-6.873665,0],[107.521903,-6.873558,0],[107.521937,-6.873477,0],[107.521979,-6.873391,0],[107.521975,-6.873339,0],[107.521956,-6.873305,0],[107.521902,-6.873282,0],[107.521972,-6.873127,0],[107.522097,-6.872849,0],[107.5223,-6.872948,0],[107.522953,-6.873268,0],[107.522992,-6.873196,0],[107.523018,-6.873127,0],[107.523009,-6.873087,0],[107.523057,-6.872988,0],[107.523081,-6.872937,0],[107.523093,-6.872914,0],[107.523113,-6.872914,0],[107.523166,-6.872793,0],[107.523196,-6.872801,0],[107.523217,-6.872757,0],[107.52318,-6.872738,0],[107.52317,-6.872684,0],[107.523194,-6.87256,0],[107.523293,-6.872212,0],[107.523319,-6.872122,0],[107.52332,-6.872119,0],[107.523347,-6.872015,0],[107.523356,-6.871981,0],[107.523377,-6.871847,0],[107.523389,-6.871778,0],[107.523471,-6.87142,0],[107.523528,-6.871256,0],[107.523566,-6.871053,0],[107.523555,-6.871044,0],[107.52357,-6.870985,0],[107.523595,-6.870881,0],[107.523604,-6.870842,0],[107.523578,-6.870835,0],[107.52346,-6.870806,0],[107.523491,-6.870694,0],[107.523579,-6.870718,0],[107.523596,-6.87063,0],[107.523623,-6.870555,0],[107.52362,-6.870425,0],[107.523618,-6.870318,0],[107.523587,-6.870304,0],[107.523523,-6.870302,0],[107.52352,-6.870279,0],[107.523512,-6.870192,0],[107.52353,-6.870195,0],[107.523535,-6.870116,0],[107.523532,-6.870063,0],[107.523602,-6.870062,0],[107.523645,-6.870062,0],[107.52367,-6.870043,0],[107.523693,-6.870014,0],[107.523699,-6.869977,0],[107.52369,-6.869945,0],[107.523669,-6.869829,0],[107.52365,-6.869762,0],[107.523631,-6.869655,0],[107.523598,-6.869526,0],[107.523633,-6.869507,0],[107.523727,-6.869467,0],[107.523787,-6.869446,0],[107.523863,-6.86942,0],[107.523923,-6.869391,0],[107.523966,-6.869355,0],[107.524006,-6.86933,0],[107.524063,-6.869283,0],[107.524117,-6.869257,0],[107.524188,-6.869239,0],[107.524235,-6.869214,0],[107.52427,-6.869167,0],[107.524374,-6.869134,0],[107.524432,-6.869123,0],[107.524471,-6.869101,0],[107.524503,-6.869094,0],[107.524572,-6.869068,0],[107.524608,-6.869046,0],[107.52464,-6.869025,0],[107.524677,-6.869002,0],[107.524738,-6.86899,0],[107.524795,-6.86899,0],[107.524816,-6.868984,0],[107.524849,-6.868946,0],[107.524875,-6.868904,0],[107.524896,-6.86889,0],[107.524936,-6.868867,0],[107.524971,-6.86885,0],[107.525001,-6.86884,0],[107.525028,-6.86884,0],[107.525061,-6.86884,0],[107.525085,-6.86884,0],[107.525133,-6.868824,0],[107.525162,-6.868818,0],[107.525196,-6.868808,0],[107.525223,-6.868791,0],[107.525263,-6.868785,0],[107.525298,-6.868779,0],[107.525343,-6.868771,0],[107.525389,-6.868763,0],[107.525406,-6.868738,0],[107.52541,-6.868702,0],[107.525408,-6.868658,0],[107.525419,-6.868625,0],[107.525425,-6.868597,0],[107.525439,-6.868559,0],[107.525439,-6.868497,0],[107.525429,-6.868463,0],[107.525418,-6.868374,0],[107.525456,-6.86837,0],[107.525523,-6.868362,0],[107.525723,-6.868376,0],[107.525854,-6.868385,0],[107.52597,-6.868419,0],[107.526048,-6.868087,0],[107.525998,-6.868069,0],[107.525979,-6.868028,0],[107.52589,-6.868016,0],[107.525931,-6.86793,0],[107.526044,-6.867734,0],[107.526074,-6.867678,0],[107.526075,-6.867675,0],[107.526038,-6.867674,0],[107.526038,-6.867674,0],[107.526037,-6.867674,0],[107.525922,-6.867639,0],[107.525888,-6.867614,0],[107.525822,-6.867566,0],[107.525763,-6.867522,0],[107.52564,-6.867478,0],[107.525483,-6.867479,0],[107.525141,-6.86748,0],[107.524934,-6.86749,0],[107.52493,-6.86749,0],[107.524929,-6.86749,0],[107.524865,-6.867472,0],[107.524838,-6.867464,0],[107.524674,-6.867311,0],[107.524509,-6.867077,0],[107.524498,-6.86704,0],[107.524485,-6.866994,0],[107.524457,-6.866896,0],[107.524461,-6.866854,0],[107.52448,-6.866655,0],[107.52448,-6.866652,0],[107.524514,-6.866508,0],[107.524478,-6.866354,0],[107.524426,-6.866237,0],[107.524426,-6.866232,0],[107.524427,-6.866074,0],[107.524433,-6.865912,0],[107.524422,-6.865776,0],[107.52439,-6.865739,0],[107.524361,-6.865706,0],[107.524359,-6.865704,0],[107.524183,-6.865633,0],[107.524147,-6.865625,0],[107.52389,-6.865571,0],[107.523618,-6.865437,0],[107.523495,-6.865425,0],[107.523445,-6.86542,0],[107.523271,-6.865455,0],[107.52326,-6.865457,0],[107.523194,-6.865476,0],[107.523149,-6.865489,0],[107.52313,-6.8655,0],[107.523118,-6.865508,0],[107.523097,-6.865521,0],[107.523033,-6.865572,0],[107.522984,-6.865607,0],[107.522929,-6.865647,0],[107.522846,-6.865681,0],[107.522811,-6.865685,0],[107.522765,-6.865667,0],[107.522716,-6.865644,0],[107.522689,-6.865634,0],[107.522679,-6.86563,0],[107.522648,-6.865617,0],[107.522592,-6.865623,0],[107.522557,-6.865584,0],[107.522512,-6.865533,0],[107.522467,-6.865518,0],[107.522403,-6.8655,0],[107.522329,-6.865518,0],[107.522285,-6.865528,0],[107.522371,-6.865467,0],[107.522429,-6.865445,0],[107.522508,-6.865411,0],[107.522589,-6.865394,0],[107.522621,-6.86539,0],[107.522684,-6.865384,0],[107.522732,-6.865383,0],[107.52286,-6.865416,0],[107.52301,-6.865315,0],[107.523109,-6.865253,0],[107.523424,-6.865034,0],[107.523596,-6.864869,0],[107.523683,-6.864784,0],[107.523683,-6.864784,0],[107.523713,-6.864755,0],[107.523818,-6.864739,0],[107.524031,-6.864764,0],[107.524031,-6.864764,0],[107.524037,-6.864767,0],[107.524107,-6.864805,0],[107.524155,-6.86485,0],[107.524201,-6.86489,0],[107.524268,-6.864899,0],[107.524332,-6.864897,0],[107.524406,-6.864894,0],[107.524471,-6.864891,0],[107.524514,-6.864903,0],[107.524557,-6.864923,0],[107.524622,-6.864954,0],[107.52467,-6.864968,0],[107.524754,-6.86499,0],[107.524796,-6.865002,0],[107.524791,-6.865021,0],[107.524848,-6.865037,0],[107.524979,-6.865065,0],[107.525146,-6.865098,0],[107.525174,-6.864956,0],[107.525324,-6.864999,0],[107.525331,-6.864981,0],[107.525448,-6.865009,0],[107.525453,-6.864998,0],[107.525512,-6.865005,0],[107.525627,-6.865035,0],[107.52563,-6.865008,0],[107.525791,-6.865044,0],[107.525796,-6.865024,0],[107.525828,-6.865033,0],[107.525946,-6.865064,0],[107.526085,-6.865102,0],[107.526076,-6.86515,0],[107.526314,-6.865224,0],[107.526464,-6.865266,0],[107.526507,-6.865269,0],[107.526538,-6.865254,0],[107.52658,-6.865259,0],[107.526664,-6.865283,0],[107.526799,-6.865307,0],[107.526916,-6.86534,0],[107.527059,-6.865383,0],[107.527285,-6.865469,0],[107.527374,-6.865461,0],[107.527589,-6.8654,0],[107.527762,-6.865326,0],[107.527951,-6.865203,0],[107.527988,-6.865173,0],[107.528016,-6.865146,0],[107.528048,-6.865116,0],[107.528049,-6.865099,0],[107.528051,-6.865076,0],[107.528037,-6.865042,0],[107.528014,-6.864988,0],[107.527961,-6.864907,0],[107.528025,-6.864871,0],[107.528139,-6.864822,0],[107.52809,-6.864693,0],[107.528078,-6.86466,0],[107.528123,-6.86463,0],[107.528125,-6.864629,0],[107.528146,-6.864616,0],[107.528206,-6.864535,0],[107.528287,-6.864427,0],[107.528333,-6.864405,0],[107.528387,-6.86438,0],[107.528519,-6.864378,0],[107.528713,-6.86438,0],[107.529152,-6.864347,0],[107.529194,-6.864337,0],[107.529337,-6.864303,0],[107.52985,-6.864144,0],[107.529981,-6.864027,0],[107.530179,-6.863869,0],[107.530264,-6.863802,0],[107.530294,-6.863778,0],[107.53035,-6.863743,0],[107.5304,-6.863711,0],[107.530417,-6.863709,0],[107.530532,-6.863695,0],[107.530644,-6.863674,0],[107.53071,-6.863663,0],[107.530865,-6.863562,0],[107.530963,-6.863491,0],[107.531078,-6.8634,0],[107.531097,-6.86337,0],[107.531155,-6.863279,0],[107.531256,-6.863009,0],[107.531299,-6.862895,0],[107.531486,-6.862657,0],[107.531631,-6.862575,0],[107.532004,-6.862509,0],[107.532106,-6.862491,0],[107.532142,-6.862483,0],[107.532283,-6.862454,0],[107.532365,-6.862441,0],[107.532381,-6.862435,0],[107.532466,-6.862426,0],[107.532673,-6.862371,0],[107.532756,-6.862318,0],[107.532824,-6.86227,0],[107.532957,-6.862206,0],[107.533026,-6.862185,0],[107.533133,-6.862151,0],[107.533199,-6.862155,0],[107.533356,-6.862159,0],[107.533463,-6.862136,0],[107.53355,-6.862128,0],[107.533593,-6.86199,0],[107.533604,-6.861809,0],[107.533667,-6.861817,0],[107.533674,-6.861708,0],[107.533679,-6.861563,0],[107.533832,-6.861571,0],[107.533844,-6.861311,0],[107.534361,-6.860966,0],[107.534296,-6.860839,0],[107.534771,-6.860545,0],[107.534621,-6.860329,0],[107.534683,-6.860282,0],[107.534719,-6.860232,0],[107.534835,-6.859995,0],[107.534846,-6.859965,0],[107.53479,-6.859936,0],[107.534647,-6.859867,0],[107.534493,-6.859771,0],[107.534439,-6.859753,0],[107.534415,-6.859738,0],[107.534382,-6.859701,0],[107.534371,-6.859682,0],[107.534372,-6.859658,0],[107.534389,-6.859627,0],[107.534429,-6.859606,0],[107.534478,-6.859534,0],[107.53449,-6.8595,0],[107.534518,-6.859462,0],[107.534563,-6.859399,0],[107.534605,-6.859355,0],[107.534645,-6.8593,0],[107.534688,-6.859266,0],[107.534709,-6.859237,0],[107.534747,-6.859194,0],[107.534764,-6.859154,0],[107.534802,-6.859101,0],[107.534838,-6.859053,0],[107.534866,-6.859005,0],[107.534874,-6.85899,0],[107.534885,-6.858966,0],[107.534937,-6.858922,0],[107.534968,-6.858895,0],[107.535046,-6.858856,0],[107.535092,-6.858825,0],[107.535149,-6.858794,0],[107.535178,-6.858765,0],[107.535271,-6.858714,0],[107.535316,-6.858676,0],[107.535368,-6.858637,0],[107.535399,-6.858611,0],[107.535435,-6.858572,0],[107.535471,-6.858541,0],[107.535528,-6.858502,0],[107.535566,-6.858485,0],[107.535611,-6.858469,0],[107.535657,-6.858444,0],[107.535748,-6.858413,0],[107.535803,-6.858372,0],[107.535848,-6.858322,0],[107.535888,-6.858276,0],[107.535924,-6.858214,0],[107.535966,-6.858135,0],[107.535988,-6.858092,0],[107.536063,-6.857979,0],[107.536115,-6.85781,0],[107.536145,-6.857719,0],[107.536214,-6.857511,0],[107.536382,-6.857004,0],[107.536436,-6.85656,0],[107.536462,-6.856365,0],[107.536484,-6.856276,0],[107.536543,-6.856171,0],[107.536668,-6.855942,0],[107.536869,-6.85558,0],[107.536923,-6.855447,0],[107.536924,-6.855448,0],[107.536844,-6.855394,0],[107.536725,-6.855332,0],[107.536596,-6.855246,0],[107.536481,-6.855061,0],[107.536373,-6.854954,0],[107.536265,-6.854859,0],[107.536235,-6.854783,0],[107.536235,-6.854683,0],[107.536233,-6.854632,0],[107.536227,-6.854584,0],[107.536178,-6.854531,0],[107.53615,-6.854494,0],[107.536105,-6.854474,0],[107.536056,-6.85447,0],[107.536,-6.85449,0],[107.535954,-6.854503,0],[107.535912,-6.854542,0],[107.535882,-6.854565,0],[107.535813,-6.854529,0],[107.535828,-6.854488,0],[107.53589,-6.854341,0],[107.535752,-6.854282,0],[107.535575,-6.854238,0],[107.535437,-6.854158,0],[107.535437,-6.854113,0],[107.535452,-6.854062,0],[107.535528,-6.853891,0],[107.535584,-6.853712,0],[107.535533,-6.853676,0],[107.535533,-6.853611,0],[107.535556,-6.853496,0],[107.535589,-6.853339,0],[107.535613,-6.853301,0],[107.535677,-6.853242,0],[107.535736,-6.853187,0],[107.535758,-6.853135,0],[107.535758,-6.853066,0],[107.535737,-6.852956,0],[107.535728,-6.85292,0],[107.535708,-6.852838,0],[107.53566,-6.852603,0],[107.535648,-6.852531,0],[107.535617,-6.852342,0],[107.535514,-6.851899,0],[107.535542,-6.851809,0],[107.535558,-6.851774,0],[107.535691,-6.851483,0],[107.535736,-6.851409,0],[107.535754,-6.851389,0],[107.535799,-6.851314,0],[107.535856,-6.851225,0],[107.535905,-6.851153,0],[107.535985,-6.851038,0],[107.535986,-6.851036,0],[107.53604,-6.850958,0],[107.53607,-6.850839,0],[107.536083,-6.850787,0],[107.536154,-6.850506,0],[107.536154,-6.850506,0],[107.536145,-6.850346,0],[107.536205,-6.850205,0],[107.536304,-6.850134,0],[107.536415,-6.850136,0],[107.536649,-6.850132,0],[107.536708,-6.850055,0],[107.536734,-6.849915,0],[107.536767,-6.849826,0],[107.536821,-6.849757,0],[107.537011,-6.849516,0],[107.537234,-6.849395,0],[107.53729,-6.849364,0],[107.53752,-6.84911,0],[107.537486,-6.849006,0],[107.537467,-6.848947,0],[107.537454,-6.848844,0],[107.537455,-6.848844,0],[107.53732,-6.848805,0],[107.537054,-6.848717,0],[107.536685,-6.848548,0],[107.536164,-6.848357,0],[107.536196,-6.848293,0],[107.5363,-6.84809,0],[107.536522,-6.847671,0],[107.536475,-6.847639,0],[107.535799,-6.847175,0],[107.535497,-6.847064,0],[107.535372,-6.847006,0],[107.535209,-6.846926,0],[107.534904,-6.846829,0],[107.534899,-6.846827,0],[107.534804,-6.846791,0],[107.53471,-6.846744,0],[107.534884,-6.846507,0],[107.534914,-6.846467,0],[107.534929,-6.846446,0],[107.53493,-6.846445,0],[107.535066,-6.846323,0],[107.535122,-6.84623,0],[107.535188,-6.84612,0],[107.535249,-6.845929,0],[107.535294,-6.845791,0],[107.535309,-6.845743,0],[107.535338,-6.845685,0],[107.535366,-6.845628,0],[107.535388,-6.8456,0],[107.535753,-6.845117,0],[107.536112,-6.844699,0],[107.53623,-6.844563,0],[107.536237,-6.844561,0],[107.53647,-6.844491,0],[107.536524,-6.844474,0],[107.536582,-6.844355,0],[107.536618,-6.844296,0],[107.536697,-6.844167,0],[107.536716,-6.844142,0],[107.537023,-6.843764,0],[107.537038,-6.843745,0],[107.537053,-6.843722,0],[107.537148,-6.843577,0],[107.53722,-6.843433,0],[107.537286,-6.843301,0],[107.537275,-6.843201,0],[107.537271,-6.843186,0],[107.537202,-6.842908,0],[107.537203,-6.842905,0],[107.537227,-6.842732,0],[107.537256,-6.842554,0],[107.537317,-6.842185,0],[107.537363,-6.84181,0],[107.537375,-6.841719,0],[107.537423,-6.841478,0],[107.53746,-6.841298,0],[107.537446,-6.841209,0],[107.537429,-6.841101,0],[107.537369,-6.840879,0],[107.537366,-6.840557,0],[107.537365,-6.840406,0],[107.537369,-6.840347,0],[107.537381,-6.840278,0],[107.537632,-6.839686,0],[107.537656,-6.839632,0],[107.537671,-6.839604,0],[107.537726,-6.839506,0],[107.537777,-6.839415,0],[107.537904,-6.839193,0],[107.538231,-6.838514,0],[107.53825,-6.838487,0],[107.538251,-6.838486,0],[107.538286,-6.838438,0],[107.538493,-6.838172,0],[107.538549,-6.838076,0],[107.538559,-6.838059,0],[107.538691,-6.837653,0],[107.538694,-6.837644,0],[107.5387,-6.837626,0],[107.538702,-6.837522,0],[107.538706,-6.837235,0],[107.53877,-6.836977,0],[107.538915,-6.836488,0],[107.538971,-6.836297,0],[107.538989,-6.836193,0],[107.538974,-6.836147,0],[107.538951,-6.836077,0],[107.538943,-6.835988,0],[107.538961,-6.835462,0],[107.538962,-6.835282,0],[107.538959,-6.835009,0],[107.538993,-6.834813,0],[107.539026,-6.83462,0],[107.539044,-6.834513,0],[107.539068,-6.834453,0],[107.539105,-6.834391,0],[107.539181,-6.834261,0],[107.539364,-6.834058,0],[107.539591,-6.833791,0],[107.53965,-6.833598,0],[107.539647,-6.833429,0],[107.539637,-6.833382,0],[107.539637,-6.833236,0],[107.539649,-6.833108,0],[107.539648,-6.832946,0],[107.539644,-6.832894,0],[107.539639,-6.832824,0],[107.539621,-6.832793,0],[107.539579,-6.832746,0],[107.539486,-6.832641,0],[107.539455,-6.832562,0],[107.539484,-6.8324,0],[107.539503,-6.832344,0],[107.539553,-6.832194,0],[107.539558,-6.832178,0],[107.539558,-6.832177,0],[107.539568,-6.83214,0],[107.539573,-6.832125,0],[107.539599,-6.83205,0],[107.539655,-6.832054,0],[107.539994,-6.832139,0],[107.540413,-6.832168,0],[107.540466,-6.832169,0],[107.540722,-6.832164,0],[107.540931,-6.832149,0],[107.541059,-6.832127,0],[107.541251,-6.832027,0],[107.541432,-6.83219,0],[107.541437,-6.832194,0],[107.54147,-6.832216,0],[107.541579,-6.832274,0],[107.54178,-6.832318,0],[107.541954,-6.832113,0],[107.542061,-6.83198,0],[107.542268,-6.832074,0],[107.542379,-6.832151,0],[107.542616,-6.832279,0],[107.542786,-6.832358,0],[107.543035,-6.832432,0],[107.543167,-6.832491,0],[107.543388,-6.832487,0],[107.543433,-6.832406,0],[107.543516,-6.832262,0],[107.543574,-6.832028,0],[107.543623,-6.831883,0],[107.543692,-6.831744,0],[107.543756,-6.83159,0],[107.543793,-6.831459,0],[107.543838,-6.831346,0],[107.543873,-6.831193,0],[107.54394,-6.831059,0],[107.544001,-6.83096,0],[107.544144,-6.830838,0],[107.544228,-6.830785,0],[107.544325,-6.830722,0],[107.544392,-6.830731,0],[107.544416,-6.830762,0],[107.544532,-6.830835,0],[107.544625,-6.830894,0],[107.544671,-6.830854,0],[107.544741,-6.830664,0],[107.544784,-6.830585,0],[107.544841,-6.830518,0],[107.544886,-6.830481,0],[107.54493,-6.830507,0],[107.544973,-6.830527,0],[107.545034,-6.830551,0],[107.545097,-6.830573,0],[107.545179,-6.830617,0],[107.545225,-6.830637,0],[107.545277,-6.830656,0],[107.545311,-6.830654,0],[107.545354,-6.830631,0],[107.545411,-6.830563,0],[107.545494,-6.830405,0],[107.545525,-6.830306,0],[107.545539,-6.830248,0],[107.545558,-6.830188,0],[107.545559,-6.830123,0],[107.545759,-6.82983,0],[107.54584,-6.82963,0],[107.545856,-6.829602,0],[107.546385,-6.829773,0],[107.546683,-6.8299,0],[107.546691,-6.829903,0],[107.546692,-6.829903,0],[107.546702,-6.829882,0],[107.546764,-6.829762,0],[107.546764,-6.82976,0],[107.546792,-6.829627,0],[107.546818,-6.829502,0],[107.546837,-6.829415,0],[107.546842,-6.829388,0],[107.546851,-6.829346,0],[107.546849,-6.829336,0],[107.546805,-6.829105,0],[107.546762,-6.828885,0],[107.546744,-6.828787,0],[107.546702,-6.82856,0],[107.546726,-6.828451,0],[107.54673,-6.828433,0],[107.54677,-6.828361,0],[107.546832,-6.828247,0],[107.546864,-6.828189,0],[107.546926,-6.828079,0],[107.546951,-6.828035,0],[107.546953,-6.828023,0],[107.54696,-6.827976,0],[107.546978,-6.827855,0],[107.54698,-6.827845,0],[107.546975,-6.827779,0],[107.546965,-6.827635,0],[107.546953,-6.827465,0],[107.54695,-6.82746,0],[107.54693,-6.827422,0],[107.546761,-6.827281,0],[107.546776,-6.826963,0],[107.546873,-6.826873,0],[107.54691,-6.82679,0],[107.54713,-6.82656,0],[107.54744,-6.82634,0],[107.54789,-6.82593,0],[107.5482,-6.82571,0],[107.5483,-6.82552,0],[107.548318,-6.825484,0],[107.54838,-6.82536,0],[107.54847,-6.825336,0],[107.548342,-6.824798,0],[107.54837,-6.824141,0],[107.548484,-6.823869,0],[107.54854,-6.82369,0],[107.548633,-6.823597,0],[107.548835,-6.823325,0],[107.549053,-6.823167,0],[107.549128,-6.822619,0],[107.548936,-6.821682,0],[107.548527,-6.821293,0],[107.548215,-6.821319,0],[107.548162,-6.821117,0],[107.547933,-6.821079,0],[107.547838,-6.820841,0],[107.5478,-6.820736,0],[107.547515,-6.820508,0],[107.547144,-6.820252,0],[107.547264,-6.819282,0],[107.547308,-6.819139,0],[107.547016,-6.81922,0],[107.546498,-6.819251,0],[107.546182,-6.819281,0],[107.546158,-6.819275,0],[107.54602,-6.81931,0],[107.54589,-6.81931,0],[107.54521,-6.81945,0],[107.545,-6.81951,0],[107.54487,-6.81958,0],[107.54436,-6.81957,0],[107.5441,-6.81962,0],[107.543648,-6.819602,0],[107.5436,-6.8196,0],[107.543437,-6.819586,0],[107.543272,-6.820085,0],[107.543012,-6.820697,0],[107.542794,-6.821292,0],[107.542555,-6.82202,0],[107.5423,-6.8227,0],[107.54213,-6.823082,0],[107.542061,-6.82331,0],[107.541909,-6.823813,0],[107.541886,-6.82389,0],[107.54153,-6.824894,0],[107.541253,-6.825745,0],[107.541094,-6.826248,0],[107.541088,-6.826265,0],[107.540918,-6.826404,0],[107.54051,-6.82667,0],[107.540254,-6.826781,0],[107.54009,-6.826866,0],[107.539585,-6.827084,0],[107.53934,-6.827185,0],[107.539197,-6.827264,0],[107.539122,-6.827307,0],[107.539037,-6.827466,0],[107.538889,-6.827838,0],[107.538634,-6.828699,0],[107.538469,-6.829172,0],[107.53798,-6.82909,0],[107.53743,-6.82903,0],[107.53725,-6.82899,0],[107.53718,-6.82898,0],[107.53718,-6.82898,0],[107.53718,-6.82898,0],[107.53644,-6.82883,0],[107.53577,-6.82873,0],[107.53507,-6.82861,0],[107.53446,-6.8285,0],[107.53433,-6.82848,0],[107.53356,-6.82821,0],[107.53342,-6.82817,0],[107.5328,-6.82802,0],[107.5325,-6.82799,0],[107.532125,-6.828011,0],[107.53196,-6.82802,0],[107.53162,-6.82827,0],[107.53137,-6.82841,0],[107.53124,-6.82858,0],[107.53117,-6.82869,0],[107.53097,-6.828858,0],[107.53092,-6.8289,0],[107.53073,-6.82914,0],[107.53065,-6.82925,0],[107.53014,-6.82967,0],[107.5299,-6.83001,0],[107.52971,-6.83025,0],[107.52965,-6.83043,0],[107.5296,-6.83068,0],[107.52952,-6.83087,0],[107.52942,-6.83093,0],[107.52919,-6.83118,0],[107.52907,-6.83127,0],[107.52875,-6.83142,0],[107.52866,-6.83139,0],[107.52846,-6.83124,0],[107.52832,-6.83121,0],[107.52811,-6.83124,0],[107.52798,-6.83143,0],[107.52782,-6.8316,0],[107.52776,-6.83167,0],[107.52763,-6.8317,0],[107.52745,-6.83164,0],[107.52725,-6.83158,0],[107.52717,-6.83166,0],[107.52706,-6.83174,0],[107.52703,-6.83191,0],[107.52701,-6.83197,0],[107.52684,-6.83205,0],[107.52672,-6.83222,0],[107.52663,-6.83233,0],[107.52654,-6.83251,0],[107.52647,-6.83259,0],[107.52628,-6.83274,0],[107.52612,-6.83286,0],[107.52596,-6.83308,0],[107.52578,-6.83346,0],[107.52575,-6.83356,0],[107.52578,-6.83388,0],[107.52577,-6.83424,0],[107.52574,-6.83454,0],[107.52568,-6.83449,0],[107.52552,-6.83449,0],[107.52534,-6.83459,0],[107.52511,-6.8347,0],[107.52485,-6.83478,0],[107.52474,-6.83474,0],[107.52447,-6.83459,0],[107.52413,-6.83438,0],[107.52405,-6.83415,0],[107.52374,-6.83397,0],[107.52303,-6.83359,0],[107.52294,-6.83366,0],[107.52274,-6.83367,0],[107.52246,-6.83384,0],[107.52223,-6.83397,0],[107.52202,-6.83395,0],[107.52177,-6.83391,0],[107.52133,-6.83376,0],[107.52086,-6.8336,0],[107.52052,-6.83355,0],[107.52009,-6.83339,0],[107.51955,-6.83299,0],[107.51902,-6.83257,0],[107.51887,-6.83247,0],[107.51885,-6.832446,0],[107.518917,-6.832377,0],[107.518852,-6.832306,0],[107.518783,-6.832186,0],[107.518604,-6.831995,0],[107.518567,-6.831955,0],[107.518238,-6.831579,0],[107.518169,-6.831468,0],[107.518091,-6.831391,0],[107.517953,-6.831229,0],[107.517798,-6.831092,0],[107.517686,-6.830964,0],[107.517504,-6.830811,0],[107.517452,-6.830736,0],[107.517427,-6.830699,0],[107.516965,-6.830177,0],[107.516791,-6.829696,0],[107.516892,-6.829249,0],[107.516939,-6.828457,0],[107.516627,-6.828165,0],[107.516611,-6.828149,0],[107.516444,-6.828071,0],[107.516248,-6.827979,0],[107.516164,-6.827942,0],[107.516434,-6.827973,0],[107.51694,-6.82803,0],[107.51717,-6.82789,0],[107.51748,-6.82773,0],[107.51777,-6.82763,0],[107.51818,-6.82739,0],[107.51848,-6.82726,0],[107.51868,-6.82723,0],[107.51881,-6.8271,0],[107.51888,-6.82702,0],[107.51886,-6.82692,0],[107.51879,-6.82687,0],[107.51839,-6.82687,0],[107.51823,-6.82669,0],[107.51813,-6.82652,0],[107.51814,-6.8263,0],[107.51821,-6.8261,0],[107.51847,-6.82587,0],[107.518494,-6.825793,0],[107.51859,-6.82549,0],[107.51861,-6.82529,0],[107.51866,-6.82481,0],[107.51861,-6.82446,0],[107.51852,-6.82426,0],[107.518417,-6.824034,0],[107.518415,-6.824033,0],[107.518385,-6.82403,0],[107.518217,-6.823887,0],[107.51811,-6.823716,0],[107.518067,-6.823623,0],[107.518057,-6.823548,0],[107.518014,-6.823505,0],[107.517967,-6.823475,0],[107.517871,-6.823491,0],[107.517753,-6.823509,0],[107.517518,-6.823405,0],[107.517464,-6.823395,0],[107.517428,-6.823366,0],[107.517296,-6.823323,0],[107.517292,-6.823281,0],[107.517239,-6.823198,0],[107.517229,-6.823116,0],[107.517057,-6.822792,0],[107.517014,-6.822706,0],[107.516882,-6.822684,0],[107.516668,-6.822652,0],[107.516643,-6.822549,0],[107.51667,-6.82245,0],[107.51631,-6.82229,0],[107.5161,-6.82219,0],[107.51586,-6.82219,0],[107.51556,-6.82215,0],[107.5152,-6.82202,0],[107.51493,-6.82184,0],[107.51468,-6.82153,0],[107.514585,-6.821215,0],[107.51452,-6.821,0],[107.51445,-6.82056,0],[107.51438,-6.82031,0],[107.5142,-6.82,0],[107.51408,-6.81988,0],[107.51371,-6.81964,0],[107.51331,-6.81954,0],[107.51274,-6.81947,0],[107.51236,-6.81931,0],[107.51211,-6.81909,0],[107.51201,-6.81891,0],[107.51198,-6.8188,0],[107.51198,-6.81851,0],[107.51199,-6.81828,0],[107.51214,-6.81816,0],[107.51246,-6.81792,0],[107.51264,-6.81788,0],[107.51298,-6.8178,0],[107.51339,-6.81781,0],[107.51346,-6.81781,0],[107.513649,-6.817561,0],[107.513956,-6.817325,0],[107.514205,-6.817172,0],[107.514352,-6.81714,0],[107.514557,-6.817073,0],[107.51465,-6.81702,0],[107.51505,-6.81672,0],[107.51538,-6.81648,0],[107.51566,-6.81645,0],[107.51585,-6.81638,0],[107.51596,-6.81631,0],[107.51602,-6.81621,0],[107.51631,-6.81595,0],[107.51642,-6.81575,0],[107.51653,-6.81566,0],[107.51668,-6.81555,0],[107.51649,-6.81532,0],[107.51628,-6.81519,0],[107.51584,-6.81498,0],[107.51554,-6.81524,0],[107.51542,-6.81531,0],[107.51531,-6.81527,0],[107.51528,-6.815254,0],[107.515146,-6.81518,0],[107.515146,-6.815072,0],[107.515265,-6.814919,0],[107.515258,-6.814789,0],[107.514956,-6.814614,0],[107.51493,-6.81455,0],[107.514971,-6.814483,0],[107.51489,-6.81434,0],[107.514814,-6.814286,0],[107.51492,-6.81406,0],[107.515,-6.81386,0],[107.51512,-6.81355,0],[107.51526,-6.81338,0],[107.51553,-6.81313,0],[107.51591,-6.81276,0],[107.51602,-6.81265,0],[107.51622,-6.81242,0],[107.51616,-6.81201,0],[107.51612,-6.81157,0],[107.51615,-6.81142,0],[107.51624,-6.81111,0],[107.51629,-6.81092,0],[107.51631,-6.81065,0],[107.516337,-6.810488,0],[107.51635,-6.81041,0],[107.5164,-6.81029,0],[107.51652,-6.81022,0],[107.51667,-6.81011,0],[107.51678,-6.81002,0],[107.51687,-6.80986,0],[107.517,-6.80957,0],[107.51711,-6.8094,0],[107.51718,-6.80919,0],[107.51723,-6.80886,0],[107.51725,-6.80869,0],[107.51719,-6.80853,0],[107.51719,-6.80834,0],[107.51719,-6.80817,0],[107.51725,-6.80809,0],[107.51757,-6.8079,0],[107.51788,-6.80781,0],[107.51801,-6.80776,0],[107.51805,-6.80755,0],[107.518115,-6.807476,0],[107.51812,-6.80747,0],[107.51829,-6.80745,0],[107.51853,-6.80743,0],[107.5187,-6.80731,0],[107.518794,-6.807161,0],[107.518713,-6.807021,0],[107.518735,-6.806968,0],[107.518828,-6.8069,0],[107.518799,-6.806596,0],[107.518713,-6.806471,0],[107.518713,-6.806389,0],[107.518681,-6.806343,0],[107.51871,-6.806264,0],[107.518728,-6.806182,0],[107.518768,-6.806184,0],[107.518817,-6.806177,0],[107.518999,-6.806161,0],[107.519095,-6.806114,0],[107.519152,-6.806043,0],[107.51916,-6.805815,0],[107.519174,-6.805722,0],[107.519148,-6.805675,0],[107.519135,-6.805601,0],[107.51911,-6.805551,0],[107.519113,-6.805465,0],[107.519099,-6.805344,0],[107.519125,-6.805194,0],[107.519131,-6.805158,0],[107.519224,-6.805019,0],[107.519317,-6.804905,0],[107.519495,-6.804831,0],[107.519641,-6.804822,0],[107.519734,-6.804719,0],[107.519766,-6.804615,0],[107.519795,-6.804551,0],[107.51982,-6.804494,0],[107.519848,-6.804405,0],[107.519845,-6.804319,0],[107.519877,-6.804248,0],[107.519941,-6.804173,0],[107.520023,-6.804137,0],[107.520095,-6.804116,0],[107.520248,-6.804116,0],[107.520423,-6.804153,0],[107.520512,-6.80413,0],[107.520725,-6.804127,0],[107.520823,-6.804116,0],[107.520894,-6.804098,0],[107.520937,-6.80403,0],[107.52094,-6.804006,0],[107.520948,-6.803952,0],[107.520948,-6.803762,0],[107.520869,-6.803459,0],[107.520912,-6.803241,0],[107.520937,-6.802981,0],[107.520991,-6.802699,0],[107.52087,-6.802406,0],[107.520734,-6.802245,0],[107.520737,-6.802081,0],[107.520783,-6.801939,0],[107.520755,-6.801903,0],[107.520755,-6.801781,0],[107.520798,-6.801674,0],[107.520866,-6.801675,0],[107.520944,-6.801674,0],[107.521065,-6.80181,0],[107.521254,-6.801832,0],[107.521355,-6.801757,0],[107.52149,-6.801657,0],[107.52144,-6.801614,0],[107.521405,-6.801539,0],[107.521312,-6.801414,0],[107.521262,-6.801357,0],[107.521251,-6.801278,0],[107.521305,-6.801207,0],[107.521405,-6.801153,0],[107.521536,-6.801127,0],[107.5216,-6.80109,0],[107.521667,-6.801045,0],[107.52156,-6.80058,0],[107.52148,-6.80029,0],[107.52119,-6.79976,0],[107.520966,-6.799364,0],[107.520924,-6.799272,0],[107.520677,-6.798721,0],[107.520519,-6.798791,0],[107.520433,-6.798709,0],[107.520201,-6.798469,0],[107.51963,-6.797883,0],[107.519419,-6.797721,0],[107.518895,-6.797361,0],[107.518558,-6.79721,0],[107.518403,-6.797192,0],[107.518056,-6.797178,0],[107.517573,-6.79716,0],[107.517177,-6.797137,0],[107.516684,-6.797014,0],[107.5165,-6.79681,0],[107.5163,-6.79617,0],[107.51625,-6.79566,0],[107.51622,-6.79503,0],[107.516101,-6.794129,0],[107.51611,-6.793974,0],[107.516051,-6.793856,0],[107.515987,-6.79376,0],[107.515891,-6.793669,0],[107.515773,-6.793605,0],[107.515367,-6.793477,0],[107.515246,-6.793324,0],[107.515212,-6.793281,0],[107.515044,-6.793003,0],[107.51498,-6.792771,0],[107.514902,-6.792671,0],[107.514777,-6.792545,0],[107.51448,-6.79301,0],[107.514479,-6.793011,0],[107.514454,-6.79301,0],[107.514374,-6.79304,0],[107.514281,-6.7932,0],[107.514187,-6.793301,0],[107.514133,-6.79336,0],[107.513967,-6.793408,0],[107.513637,-6.793457,0],[107.513424,-6.793509,0],[107.513347,-6.793518,0],[107.513197,-6.793485,0],[107.513147,-6.79349,0],[107.513071,-6.793497,0],[107.512992,-6.793564,0],[107.512944,-6.793686,0],[107.512844,-6.793943,0],[107.512812,-6.79403,0],[107.512685,-6.794139,0],[107.51252,-6.794243,0],[107.51249,-6.79427,0],[107.512418,-6.794308,0],[107.512342,-6.794356,0],[107.512233,-6.794479,0],[107.512154,-6.79458,0],[107.511894,-6.794666,0],[107.511786,-6.794727,0],[107.511753,-6.794738,0],[107.511721,-6.794749,0],[107.511636,-6.794778,0],[107.511604,-6.794789,0],[107.511528,-6.794832,0],[107.511496,-6.794978,0],[107.511439,-6.795172,0],[107.511395,-6.79526,0],[107.511368,-6.795315,0],[107.511311,-6.795381,0],[107.511228,-6.795414,0],[107.511133,-6.795443,0],[107.511117,-6.795458,0],[107.511086,-6.795484,0],[107.510989,-6.795496,0],[107.510937,-6.795503,0],[107.510888,-6.795509,0],[107.51076,-6.795641,0],[107.510711,-6.795703,0],[107.510703,-6.795711,0],[107.510476,-6.795751,0],[107.510464,-6.795754,0],[107.510385,-6.795772,0],[107.510317,-6.795851,0],[107.510264,-6.796087,0],[107.510256,-6.79619,0],[107.510213,-6.79621,0],[107.51015,-6.79626,0],[107.51009,-6.796265,0],[107.510044,-6.796285,0],[107.509972,-6.796262,0],[107.509894,-6.796238,0],[107.509829,-6.796224,0],[107.509752,-6.796295,0],[107.509701,-6.796342,0],[107.509482,-6.796545,0],[107.509476,-6.796555,0],[107.50944,-6.79661,0],[107.50937,-6.79678,0],[107.5093,-6.79685,0],[107.50917,-6.79686,0],[107.50902,-6.79678,0],[107.50887,-6.7969,0],[107.50872,-6.79703,0],[107.50863,-6.79715,0],[107.50863,-6.79729,0],[107.50864,-6.79741,0],[107.50853,-6.79758,0],[107.508389,-6.797754,0],[107.508361,-6.797792,0],[107.508284,-6.797891,0],[107.508257,-6.797933,0],[107.508245,-6.798045,0],[107.508228,-6.798131,0],[107.508151,-6.798248,0],[107.50813,-6.79829,0],[107.50797,-6.7985,0],[107.507965,-6.798504,0],[107.50795,-6.798523,0],[107.507632,-6.798797,0],[107.507498,-6.798907,0],[107.507423,-6.798977,0],[107.507349,-6.799046,0],[107.507306,-6.799068,0],[107.50711,-6.79917,0],[107.50698,-6.799194,0],[107.50693,-6.799206,0],[107.506887,-6.799218,0],[107.506764,-6.799252,0],[107.506513,-6.799423,0],[107.506373,-6.799589,0],[107.506229,-6.799759,0],[107.506195,-6.799801,0],[107.506098,-6.799921,0],[107.505869,-6.799977,0],[107.50567,-6.799986,0],[107.505438,-6.800032,0],[107.505155,-6.800144,0],[107.504687,-6.800326,0],[107.504364,-6.800388,0],[107.504053,-6.800439,0],[107.503862,-6.800432,0],[107.503768,-6.800417,0],[107.503585,-6.800315,0],[107.50329,-6.800255,0],[107.503212,-6.80025,0],[107.503063,-6.800268,0],[107.502951,-6.800286,0],[107.502811,-6.800335,0],[107.502386,-6.800441,0],[107.502309,-6.800459,0],[107.502271,-6.800468,0],[107.502161,-6.800576,0],[107.502155,-6.80058,0],[107.502109,-6.800618,0],[107.501956,-6.800745,0],[107.501909,-6.800819,0],[107.501873,-6.800876,0],[107.501804,-6.800969,0],[107.50174,-6.80101,0],[107.501683,-6.800972,0],[107.501618,-6.800888,0],[107.5016,-6.800865,0],[107.50155,-6.800835,0],[107.501548,-6.800835,0],[107.501431,-6.801028,0],[107.501387,-6.8011,0],[107.501362,-6.801138,0],[107.501251,-6.801305,0],[107.50121,-6.801354,0],[107.500944,-6.801852,0],[107.50077,-6.802133,0],[107.500693,-6.802313,0],[107.500657,-6.802636,0],[107.500618,-6.802887,0],[107.500607,-6.802957,0],[107.500638,-6.803199,0],[107.500653,-6.803359,0],[107.500659,-6.803427,0],[107.500599,-6.803532,0],[107.500518,-6.803579,0],[107.500433,-6.803653,0],[107.5004,-6.803682,0],[107.500293,-6.803775,0],[107.500213,-6.803803,0],[107.50013,-6.803853,0],[107.500102,-6.803858,0],[107.500099,-6.803871,0],[107.50007,-6.803889,0],[107.499999,-6.803931,0],[107.49992,-6.803977,0],[107.499842,-6.804039,0],[107.49981,-6.804144,0],[107.499809,-6.804153,0],[107.499799,-6.804161,0],[107.499774,-6.804212,0],[107.499717,-6.804254,0],[107.499515,-6.804363,0],[107.499488,-6.804377,0],[107.499253,-6.804502,0],[107.498916,-6.804481,0],[107.498725,-6.804437,0],[107.498346,-6.80437,0],[107.498217,-6.804348,0],[107.49826,-6.80464,0],[107.49821,-6.805732,0],[107.49821,-6.80574,0],[107.49821,-6.80644,0],[107.4982,-6.80728,0],[107.498183,-6.807584,0],[107.49816,-6.80798,0],[107.49809,-6.8085,0],[107.498,-6.80875,0],[107.49781,-6.8089,0],[107.497572,-6.809073,0],[107.497483,-6.809138,0],[107.497071,-6.809358,0],[107.497045,-6.809371,0],[107.496872,-6.809396,0],[107.496756,-6.809456,0],[107.496504,-6.809584,0],[107.496375,-6.809664,0],[107.496153,-6.809793,0],[107.496029,-6.80987,0],[107.49598,-6.8099,0],[107.49553,-6.81009,0],[107.49535,-6.81014,0],[107.49516,-6.81019,0],[107.49496,-6.81029,0],[107.49478,-6.81061,0],[107.49466,-6.81082,0],[107.49453,-6.811,0],[107.4945,-6.81107,0],[107.49402,-6.81142,0],[107.49389,-6.81154,0],[107.49344,-6.81186,0],[107.493336,-6.811964,0],[107.49333,-6.81197,0],[107.49323,-6.81219,0],[107.49318,-6.8124,0],[107.49309,-6.81296,0],[107.49301,-6.81328,0],[107.49283,-6.81371,0],[107.49275,-6.81388,0],[107.49272,-6.813921,0],[107.4927,-6.81395,0],[107.492696,-6.813951,0],[107.492688,-6.81396,0],[107.49227,-6.81414,0],[107.492116,-6.814261,0],[107.49211,-6.81427,0],[107.492001,-6.814371,0],[107.49198,-6.81439,0],[107.49188,-6.81454,0],[107.491876,-6.814548,0],[107.491801,-6.814631,0],[107.49176,-6.814676,0],[107.491584,-6.814779,0],[107.491365,-6.814847,0],[107.4911,-6.814868,0],[107.490903,-6.814882,0],[107.490759,-6.814935,0],[107.490523,-6.81509,0],[107.490422,-6.815166,0],[107.4904,-6.815183,0],[107.49021,-6.81533,0],[107.489976,-6.815472,0],[107.489881,-6.81553,0],[107.48987,-6.815534,0],[107.48983,-6.815569,0],[107.489655,-6.815652,0],[107.489615,-6.815671,0],[107.489599,-6.815676,0],[107.489295,-6.815781,0],[107.489181,-6.81582,0],[107.48918,-6.81582,0],[107.488644,-6.815986,0],[107.488422,-6.816145,0],[107.488119,-6.816391,0],[107.488088,-6.816425,0],[107.487843,-6.816704,0],[107.487633,-6.816889,0],[107.487609,-6.81691,0],[107.487606,-6.816913,0],[107.487388,-6.816997,0],[107.486166,-6.817256,0],[107.485711,-6.817256,0],[107.48569,-6.81726,0],[107.485657,-6.817258,0],[107.484892,-6.817211,0],[107.484715,-6.817261,0],[107.48445,-6.817381,0],[107.484134,-6.817513,0],[107.484058,-6.817545,0],[107.483692,-6.817697,0],[107.483625,-6.817774,0],[107.483395,-6.818038,0],[107.482789,-6.818455,0],[107.482586,-6.818455,0],[107.482214,-6.818354,0],[107.481645,-6.818057,0],[107.480919,-6.818158,0],[107.480904,-6.818151,0],[107.480597,-6.817994,0],[107.48035,-6.817817,0],[107.479997,-6.817583,0],[107.479662,-6.81735,0],[107.479384,-6.817217,0],[107.479188,-6.817147,0],[107.478992,-6.817128,0],[107.478828,-6.817116,0],[107.47867,-6.817147,0],[107.47783,-6.81744,0],[107.477628,-6.817502,0],[107.477445,-6.817558,0],[107.476731,-6.817583,0],[107.476137,-6.817596,0],[107.476024,-6.817595,0],[107.476121,-6.81778,0],[107.476397,-6.817898,0],[107.476522,-6.81834,0],[107.476786,-6.818629,0],[107.476885,-6.818662,0],[107.477181,-6.818649,0],[107.47753,-6.818965,0],[107.47749,-6.819185,0],[107.477468,-6.819312,0],[107.477535,-6.819463,0],[107.477741,-6.819658,0],[107.478054,-6.819815,0],[107.478233,-6.819921,0],[107.478456,-6.820021,0],[107.478573,-6.820278,0],[107.47853,-6.82082,0],[107.47838,-6.82134,0],[107.47828,-6.82184,0],[107.4783,-6.82197,0],[107.478289,-6.822014,0],[107.47823,-6.82224,0],[107.47823,-6.82297,0],[107.478406,-6.824301,0],[107.47842,-6.82441,0],[107.47846,-6.82473,0],[107.47813,-6.82472,0],[107.47787,-6.82463,0],[107.47766,-6.82475,0],[107.47745,-6.825146,0],[107.477241,-6.825538,0],[107.47723,-6.82556,0],[107.47713,-6.82596,0],[107.477064,-6.826543,0],[107.47704,-6.82676,0],[107.477,-6.82755,0],[107.477,-6.82788,0],[107.477,-6.82855,0],[107.47703,-6.82885,0],[107.477082,-6.829061,0],[107.47738,-6.83026,0],[107.47742,-6.83034,0],[107.47748,-6.83041,0],[107.47755,-6.83047,0],[107.4776,-6.83055,0],[107.477649,-6.830665,0],[107.47766,-6.83069,0],[107.477996,-6.831217,0],[107.478571,-6.831902,0],[107.478581,-6.831915,0],[107.478703,-6.832077,0],[107.478885,-6.832298,0],[107.47902,-6.832455,0],[107.479177,-6.832519,0],[107.479395,-6.832598,0],[107.479663,-6.832754,0],[107.479848,-6.832862,0],[107.479963,-6.832955,0],[107.480198,-6.833226,0],[107.48017,-6.833408,0],[107.479963,-6.833943,0],[107.479859,-6.834229,0],[107.47987,-6.834362,0],[107.479881,-6.83445,0],[107.480002,-6.834575,0],[107.480078,-6.8346,0],[107.480134,-6.834618,0],[107.480412,-6.834624,0],[107.48076,-6.834541,0],[107.481079,-6.834399,0],[107.481148,-6.834307,0],[107.481221,-6.83421,0],[107.48136,-6.83386,0],[107.48146,-6.83375,0],[107.48153,-6.833733,0],[107.481835,-6.833661,0],[107.482296,-6.833614,0],[107.482827,-6.833614,0],[107.483353,-6.833531,0],[107.48421,-6.833176,0],[107.48447,-6.833082,0],[107.484738,-6.832989,0],[107.485106,-6.832874,0],[107.485648,-6.832761,0],[107.485825,-6.83273,0],[107.486249,-6.833331,0],[107.486653,-6.833663,0],[107.487256,-6.834231,0],[107.487431,-6.834396,0],[107.487647,-6.834558,0],[107.487912,-6.83523,0],[107.488035,-6.835473,0],[107.488252,-6.835773,0],[107.488518,-6.83593,0],[107.488986,-6.836171,0],[107.489655,-6.836404,0],[107.490058,-6.836553,0],[107.490295,-6.836652,0],[107.49066,-6.836825,0],[107.492066,-6.837884,0],[107.492203,-6.838019,0],[107.49245,-6.838071,0],[107.49276,-6.838137,0],[107.492819,-6.838149,0],[107.493217,-6.838276,0],[107.493581,-6.838398,0],[107.493649,-6.838424,0],[107.493856,-6.838501,0],[107.494077,-6.838598,0],[107.494334,-6.838758,0],[107.49448,-6.838858,0],[107.494539,-6.838896,0],[107.494797,-6.839061,0],[107.494798,-6.839062,0],[107.494966,-6.839165,0],[107.495301,-6.839327,0],[107.495387,-6.839369,0],[107.495626,-6.839461,0],[107.495655,-6.839472,0],[107.496022,-6.839686,0],[107.496244,-6.839826,0],[107.496429,-6.839958,0],[107.496693,-6.840229,0],[107.49678,-6.84034,0],[107.496948,-6.839975,0],[107.496993,-6.839925,0],[107.49713,-6.83977,0],[107.497227,-6.839586,0],[107.497387,-6.839576,0],[107.497402,-6.839497,0],[107.497509,-6.839501,0],[107.497544,-6.839533,0],[107.497594,-6.839558,0],[107.497698,-6.83959,0],[107.49773,-6.83957,0],[107.49777,-6.83949,0],[107.49781,-6.83931,0],[107.49786,-6.8392,0],[107.497986,-6.839009,0],[107.497996,-6.838994,0],[107.498082,-6.838851,0],[107.498196,-6.83874,0],[107.498434,-6.838881,0],[107.498639,-6.838953,0],[107.49886,-6.83899,0],[107.49906,-6.83919,0],[107.49926,-6.83942,0],[107.49938,-6.83966,0],[107.49955,-6.84008,0],[107.49971,-6.84068,0],[107.49982,-6.84128,0],[107.49983,-6.84146,0],[107.49992,-6.84148,0],[107.49998,-6.8415,0],[107.500321,-6.841481,0],[107.500297,-6.84161,0],[107.5002,-6.841816,0],[107.500098,-6.841811,0],[107.500021,-6.841883,0],[107.500022,-6.84198,0],[107.500141,-6.842134,0],[107.500008,-6.842232,0],[107.500054,-6.842334,0],[107.500019,-6.842411,0],[107.49993,-6.84266,0],[107.499924,-6.842839,0],[107.49992,-6.84297,0],[107.49988,-6.84316,0],[107.49979,-6.8433,0],[107.49974,-6.84335,0],[107.49963,-6.84333,0],[107.49955,-6.8434,0],[107.49948,-6.84351,0],[107.49949,-6.84359,0],[107.49941,-6.8438,0],[107.499382,-6.843875,0],[107.49933,-6.84401,0],[107.49928,-6.84418,0],[107.4992,-6.84437,0],[107.49917,-6.84448,0],[107.49915,-6.84454,0],[107.499064,-6.844611,0],[107.499025,-6.844723,0],[107.498991,-6.844848,0],[107.49899,-6.84485,0],[107.499042,-6.844963,0],[107.499002,-6.845075,0],[107.498913,-6.845125,0],[107.498774,-6.845354,0],[107.498761,-6.845549,0],[107.498712,-6.845667,0],[107.498673,-6.845762,0],[107.498718,-6.845835,0],[107.498801,-6.845968,0],[107.498908,-6.84594,0],[107.498996,-6.846076,0],[107.499002,-6.846085,0],[107.499014,-6.846259,0],[107.498891,-6.846415,0],[107.498892,-6.846502,0],[107.498896,-6.846767,0],[107.499008,-6.846923,0],[107.499086,-6.847051,0],[107.499086,-6.847052,0],[107.499164,-6.847253,0],[107.499148,-6.847498,0],[107.499086,-6.847627,0],[107.49902,-6.847924,0],[107.499008,-6.847979,0],[107.498997,-6.848152,0],[107.499058,-6.848213,0],[107.499053,-6.848291,0],[107.49904,-6.84846,0],[107.499109,-6.84852,0],[107.499231,-6.848576,0],[107.499444,-6.848643,0],[107.499511,-6.848733,0],[107.49965,-6.848816,0],[107.49975,-6.848982,0],[107.499779,-6.849029,0],[107.499846,-6.849107,0],[107.499885,-6.849168,0],[107.49979,-6.849431,0],[107.499662,-6.849712,0],[107.49965,-6.849738,0],[107.499712,-6.849777,0],[107.499812,-6.849861,0],[107.49982,-6.849944,0],[107.499957,-6.85014,0],[107.499991,-6.850285,0],[107.499952,-6.850386,0],[107.49998,-6.850481,0],[107.500008,-6.850505,0],[107.500019,-6.850514,0],[107.499946,-6.85062,0],[107.499851,-6.85062,0],[107.499654,-6.850745,0],[107.49963,-6.85076,0],[107.49946,-6.850726,0],[107.499226,-6.850721,0],[107.499125,-6.850782,0],[107.499109,-6.850833,0],[107.499137,-6.850883,0],[107.499153,-6.850995,0],[107.499092,-6.851089,0],[107.498991,-6.851151,0],[107.498941,-6.851151,0],[107.49888,-6.851201,0],[107.498807,-6.851296,0],[107.498751,-6.851335,0],[107.498621,-6.851406,0],[107.498578,-6.851397,0],[107.498521,-6.851456,0],[107.498461,-6.851519,0],[107.498389,-6.851693,0],[107.498366,-6.851827,0],[107.49825,-6.85203,0],[107.49822,-6.85216,0],[107.49824,-6.85227,0],[107.498215,-6.852396,0],[107.498232,-6.852519,0],[107.498265,-6.852596,0],[107.498265,-6.852597,0],[107.498293,-6.852698,0],[107.49836,-6.852815,0],[107.498399,-6.852932,0],[107.498433,-6.853033,0],[107.498472,-6.853111,0],[107.498517,-6.853156,0],[107.498489,-6.853279,0],[107.498265,-6.853614,0],[107.498282,-6.853776,0],[107.498282,-6.853904,0],[107.498266,-6.853969,0],[107.49826,-6.853994,0],[107.498092,-6.853865,0],[107.497813,-6.85367,0],[107.497826,-6.853766,0],[107.497852,-6.853949,0],[107.497854,-6.853957,0],[107.497997,-6.854491,0],[107.498075,-6.854775,0],[107.498237,-6.855332,0],[107.498399,-6.855892,0],[107.498494,-6.856222,0],[107.49855,-6.856456,0],[107.498623,-6.856758,0],[107.498727,-6.857823,0],[107.49874,-6.857945,0],[107.49874,-6.857946,0],[107.498746,-6.857996,0],[107.498758,-6.858321,0],[107.498786,-6.858613,0],[107.49882,-6.858815,0],[107.498887,-6.859029,0],[107.498966,-6.859215,0],[107.499405,-6.859726,0],[107.499624,-6.859991,0],[107.499765,-6.860143,0],[107.500061,-6.860511,0],[107.49848,-6.86166,0],[107.498584,-6.86188,0],[107.498809,-6.862431,0],[107.498989,-6.86287,0],[107.499018,-6.863138,0],[107.498185,-6.863899,0],[107.496276,-6.863679,0],[107.496193,-6.864256,0],[107.494987,-6.86407,0],[107.494378,-6.863994,0],[107.494244,-6.865308,0],[107.49986,-6.865707,0],[107.501878,-6.865917,0],[107.502163,-6.864451,0],[107.503096,-6.864584,0],[107.502696,-6.868392,0],[107.502239,-6.868239,0],[107.50064,-6.869343,0],[107.499727,-6.869562,0],[107.499099,-6.869782,0],[107.497814,-6.87021,0],[107.497186,-6.87011,0],[107.496658,-6.870239,0],[107.495944,-6.870196,0],[107.495673,-6.870596,0],[107.495587,-6.870938,0],[107.495544,-6.871724,0],[107.495682,-6.871725,0],[107.495676,-6.871916,0],[107.495628,-6.871946,0],[107.495622,-6.872172,0],[107.4957,-6.873813,0],[107.495759,-6.874034,0],[107.495819,-6.874164,0],[107.49586,-6.874509,0],[107.495783,-6.874652,0],[107.495813,-6.874956,0],[107.495753,-6.875069,0],[107.495783,-6.875146,0],[107.495783,-6.875277,0],[107.495854,-6.875348,0],[107.495926,-6.875348,0],[107.496009,-6.875681,0],[107.495961,-6.875794,0],[107.496015,-6.875836,0],[107.496062,-6.875836,0],[107.496104,-6.875931,0],[107.496068,-6.876044,0],[107.496051,-6.876276,0],[107.495943,-6.876359,0],[107.495688,-6.876312,0],[107.495515,-6.876419,0],[107.495194,-6.876407,0],[107.494896,-6.876663,0],[107.49476,-6.876716,0],[107.494526,-6.877065,0],[107.494298,-6.877079,0],[107.493813,-6.877293,0],[107.49367,-6.877436,0],[107.493413,-6.877493,0],[107.492999,-6.877736,0],[107.492828,-6.877964,0],[107.492628,-6.877936,0],[107.491942,-6.878207,0],[107.491842,-6.878336,0],[107.491657,-6.878321,0],[107.491171,-6.878507,0],[107.491129,-6.879049,0],[107.491229,-6.879749,0],[107.491328,-6.880591,0],[107.491457,-6.880641,0],[107.491628,-6.88047,0],[107.491778,-6.880406,0],[107.491878,-6.880341,0],[107.492021,-6.880413,0],[107.492071,-6.880534,0],[107.4919,-6.88082,0],[107.491842,-6.881013,0],[107.491828,-6.881162,0],[107.491907,-6.881334,0],[107.492014,-6.881462,0],[107.492054,-6.8817,0],[107.492311,-6.881475,0],[107.492317,-6.881454,0],[107.492451,-6.88138,0],[107.492768,-6.881148,0],[107.49304,-6.881115,0],[107.493331,-6.880985,0],[107.493763,-6.881063,0],[107.493952,-6.881097,0],[107.49431,-6.88092,0],[107.49476,-6.88088,0],[107.49498,-6.880723,0],[107.495247,-6.880767,0],[107.495636,-6.880821,0],[107.495934,-6.880787,0],[107.495987,-6.880679,0],[107.496024,-6.880329,0],[107.49615,-6.88028,0],[107.496297,-6.880327,0],[107.496399,-6.880359,0],[107.496544,-6.880235,0],[107.496781,-6.880238,0],[107.496807,-6.880116,0],[107.496954,-6.879894,0],[107.497554,-6.879658,0],[107.497972,-6.87943,0],[107.498124,-6.87946,0],[107.498398,-6.879339,0],[107.498664,-6.87905,0],[107.498672,-6.878837,0],[107.498854,-6.878822,0],[107.498912,-6.878396,0],[107.49901,-6.87782,0],[107.49905,-6.87726,0],[107.499058,-6.876947,0],[107.49906,-6.87688,0],[107.49903,-6.87619,0],[107.49908,-6.8756,0],[107.499231,-6.875404,0],[107.49924,-6.875396,0],[107.499573,-6.875098,0],[107.499694,-6.875072,0],[107.499838,-6.875104,0],[107.500077,-6.874934,0],[107.50013,-6.874833,0],[107.500268,-6.874716,0],[107.500417,-6.874525,0],[107.500518,-6.874467,0],[107.500709,-6.87444,0],[107.500831,-6.87436,0],[107.500895,-6.874201,0],[107.501315,-6.873903,0],[107.501753,-6.873666,0],[107.501931,-6.873569,0],[107.502165,-6.873372,0],[107.502266,-6.873213,0],[107.502473,-6.87316,0],[107.502595,-6.873,0],[107.502671,-6.872983,0],[107.503036,-6.873074,0],[107.503287,-6.873119,0],[107.503523,-6.873188,0],[107.50372,-6.873233,0],[107.50383,-6.873266,0],[107.503872,-6.873279,0],[107.504055,-6.873309,0],[107.504163,-6.873303,0],[107.504259,-6.873234,0],[107.50436,-6.873154,0],[107.504488,-6.873195,0],[107.504671,-6.87318,0],[107.504823,-6.873142,0],[107.505032,-6.873187,0],[107.505247,-6.873187,0],[107.505382,-6.873187,0],[107.505518,-6.873144,0],[107.505646,-6.873065,0],[107.505746,-6.872987,0],[107.505853,-6.872937,0],[107.505946,-6.87293,0],[107.506089,-6.872915,0],[107.506317,-6.87288,0]]]]},"properties":{"kd_propinsi":"32","kd_dati2":"17","kd_kecamatan":"006","nm_kecamatan":"Ngamprah"}},{"type":"Feature","geometry":{"type":"MultiPolygon","coordinates":[[[[107.39182,-6.870546,0],[107.39189,-6.87024,0],[107.39207,-6.86986,0],[107.392578,-6.869262,0],[107.39258,-6.86926,0],[107.39333,-6.86856,0],[107.39406,-6.86791,0],[107.39468,-6.86729,0],[107.39545,-6.8665,0],[107.3959,-6.86594,0],[107.39631,-6.86547,0],[107.39665,-6.86516,0],[107.39738,-6.86467,0],[107.39788,-6.86434,0],[107.39868,-6.86396,0],[107.39926,-6.8638,0],[107.40003,-6.86358,0],[107.40099,-6.86337,0],[107.40172,-6.86322,0],[107.40216,-6.86323,0],[107.40262,-6.86334,0],[107.40328,-6.86367,0],[107.40417,-6.86407,0],[107.4049,-6.86446,0],[107.40556,-6.86487,0],[107.40636,-6.86538,0],[107.407005,-6.865587,0],[107.407151,-6.865583,0],[107.407226,-6.865641,0],[107.407517,-6.865668,0],[107.407775,-6.865695,0],[107.407971,-6.865925,0],[107.408018,-6.865921,0],[107.408493,-6.865871,0],[107.408629,-6.865844,0],[107.408703,-6.865789,0],[107.408887,-6.865803,0],[107.408988,-6.865696,0],[107.409287,-6.865654,0],[107.40947,-6.865573,0],[107.409748,-6.865526,0],[107.410019,-6.865431,0],[107.410547,-6.865146,0],[107.41088,-6.864936,0],[107.41153,-6.86474,0],[107.411822,-6.86465,0],[107.41208,-6.86457,0],[107.412385,-6.864454,0],[107.41273,-6.864407,0],[107.413191,-6.864434,0],[107.413259,-6.864305,0],[107.413727,-6.864298,0],[107.41412,-6.864265,0],[107.414425,-6.864543,0],[107.41473,-6.864685,0],[107.414825,-6.864671,0],[107.415266,-6.864298,0],[107.415361,-6.864176,0],[107.415639,-6.864136,0],[107.415815,-6.864129,0],[107.415882,-6.864175,0],[107.415971,-6.864149,0],[107.416669,-6.864414,0],[107.416866,-6.864407,0],[107.416946,-6.864414,0],[107.417149,-6.864431,0],[107.417259,-6.864441,0],[107.417401,-6.864515,0],[107.417462,-6.864305,0],[107.417638,-6.864163,0],[107.417862,-6.864115,0],[107.418018,-6.864075,0],[107.41814,-6.864027,0],[107.418337,-6.864136,0],[107.418988,-6.864326,0],[107.419374,-6.864359,0],[107.419543,-6.864298,0],[107.419869,-6.86442,0],[107.420316,-6.864556,0],[107.420526,-6.864637,0],[107.42059,-6.864612,0],[107.420892,-6.864753,0],[107.421069,-6.864753,0],[107.42134,-6.864692,0],[107.421537,-6.864685,0],[107.421664,-6.864569,0],[107.421747,-6.864407,0],[107.421821,-6.864346,0],[107.42214,-6.86414,0],[107.422397,-6.864034,0],[107.42275,-6.864,0],[107.423062,-6.864027,0],[107.423225,-6.864088,0],[107.423435,-6.864007,0],[107.423658,-6.863993,0],[107.423808,-6.863932,0],[107.423997,-6.864007,0],[107.424289,-6.864,0],[107.424511,-6.863884,0],[107.424587,-6.863844,0],[107.424831,-6.863797,0],[107.425258,-6.863587,0],[107.425455,-6.863526,0],[107.425514,-6.863531,0],[107.425699,-6.863546,0],[107.42578,-6.863526,0],[107.426092,-6.863654,0],[107.426207,-6.863668,0],[107.42653,-6.86386,0],[107.42669,-6.86384,0],[107.42696,-6.86369,0],[107.42737,-6.86342,0],[107.42756,-6.86327,0],[107.42786,-6.86323,0],[107.42837,-6.863153,0],[107.428533,-6.863221,0],[107.428695,-6.863227,0],[107.428742,-6.863206,0],[107.428831,-6.863254,0],[107.429089,-6.863261,0],[107.42938,-6.863221,0],[107.429753,-6.863193,0],[107.429956,-6.863119,0],[107.430085,-6.863126,0],[107.430356,-6.863288,0],[107.430777,-6.863566,0],[107.430851,-6.863526,0],[107.430797,-6.863343,0],[107.431678,-6.86276,0],[107.432661,-6.862299,0],[107.433373,-6.86198,0],[107.433597,-6.861655,0],[107.433785,-6.861471,0],[107.434027,-6.861328,0],[107.43469,-6.8614,0],[107.43558,-6.86139,0],[107.43685,-6.86141,0],[107.43763,-6.86141,0],[107.43855,-6.86139,0],[107.43913,-6.86143,0],[107.43967,-6.86155,0],[107.44024,-6.86171,0],[107.44101,-6.86199,0],[107.44203,-6.86229,0],[107.442182,-6.86232,0],[107.442317,-6.862346,0],[107.442625,-6.862406,0],[107.44295,-6.86247,0],[107.443358,-6.862546,0],[107.44386,-6.86264,0],[107.44461,-6.86268,0],[107.44529,-6.86269,0],[107.445334,-6.86267,0],[107.44571,-6.8625,0],[107.44617,-6.86205,0],[107.446391,-6.861918,0],[107.446399,-6.861851,0],[107.446371,-6.861855,0],[107.446391,-6.861715,0],[107.446447,-6.861652,0],[107.446542,-6.861616,0],[107.446646,-6.861683,0],[107.446745,-6.861723,0],[107.446853,-6.861831,0],[107.447012,-6.861891,0],[107.447235,-6.86193,0],[107.447239,-6.861998,0],[107.447244,-6.862114,0],[107.447255,-6.862205,0],[107.447383,-6.862209,0],[107.447484,-6.862121,0],[107.447569,-6.86199,0],[107.447618,-6.861974,0],[107.447697,-6.861998,0],[107.447763,-6.862083,0],[107.447817,-6.86216,0],[107.447897,-6.862285,0],[107.448064,-6.862261,0],[107.448307,-6.862241,0],[107.44839,-6.862476,0],[107.448657,-6.86244,0],[107.448777,-6.862512,0],[107.449099,-6.86252,0],[107.449318,-6.862508,0],[107.449398,-6.86248,0],[107.44945,-6.862424,0],[107.449526,-6.862305,0],[107.449585,-6.862281,0],[107.449725,-6.862281,0],[107.449769,-6.862293,0],[107.44984,-6.862325,0],[107.449936,-6.862325,0],[107.450012,-6.862293,0],[107.450111,-6.862146,0],[107.450127,-6.862002,0],[107.450151,-6.86193,0],[107.450231,-6.861835,0],[107.45035,-6.861759,0],[107.450397,-6.861755,0],[107.450438,-6.861751,0],[107.450597,-6.861759,0],[107.450633,-6.861719,0],[107.450649,-6.861536,0],[107.4509,-6.861373,0],[107.450915,-6.861338,0],[107.450939,-6.861282,0],[107.451339,-6.861032,0],[107.451422,-6.861006,0],[107.451593,-6.860899,0],[107.451788,-6.860608,0],[107.451836,-6.860524,0],[107.452007,-6.860429,0],[107.452304,-6.860023,0],[107.452268,-6.860032,0],[107.452055,-6.860078,0],[107.451872,-6.86015,0],[107.451736,-6.860178,0],[107.451641,-6.860222,0],[107.451553,-6.860329,0],[107.451497,-6.860274,0],[107.451401,-6.860246,0],[107.451318,-6.860262,0],[107.451197,-6.860168,0],[107.451175,-6.86015,0],[107.45092,-6.860142,0],[107.450836,-6.860254,0],[107.450474,-6.860333,0],[107.45024,-6.86039,0],[107.450123,-6.860281,0],[107.450047,-6.860182,0],[107.449888,-6.86017,0],[107.449816,-6.860206,0],[107.449615,-6.860179,0],[107.449561,-6.860218,0],[107.449271,-6.86025,0],[107.448996,-6.86005,0],[107.448932,-6.859951,0],[107.448789,-6.859871,0],[107.448737,-6.85978,0],[107.448741,-6.85972,0],[107.448777,-6.859676,0],[107.448797,-6.859521,0],[107.448777,-6.859401,0],[107.448729,-6.859246,0],[107.448653,-6.859118,0],[107.448641,-6.858923,0],[107.44867,-6.85887,0],[107.448708,-6.858801,0],[107.448693,-6.858736,0],[107.448845,-6.858728,0],[107.44892,-6.858732,0],[107.448952,-6.85872,0],[107.448944,-6.85868,0],[107.448892,-6.858541,0],[107.448809,-6.858278,0],[107.448757,-6.858059,0],[107.448613,-6.857629,0],[107.448534,-6.857529,0],[107.448335,-6.857338,0],[107.448283,-6.857246,0],[107.448223,-6.857083,0],[107.448231,-6.856956,0],[107.448259,-6.856661,0],[107.448394,-6.856561,0],[107.448465,-6.856527,0],[107.448506,-6.856462,0],[107.448498,-6.856382,0],[107.44847,-6.856322,0],[107.448379,-6.856235,0],[107.448343,-6.856183,0],[107.448263,-6.855805,0],[107.448231,-6.855518,0],[107.448311,-6.85545,0],[107.448331,-6.855351,0],[107.448301,-6.855304,0],[107.448295,-6.855263,0],[107.448291,-6.855163,0],[107.448219,-6.85506,0],[107.448215,-6.8549,0],[107.448112,-6.854757,0],[107.448076,-6.854673,0],[107.448076,-6.854478,0],[107.448024,-6.854438,0],[107.447905,-6.854458,0],[107.447829,-6.854387,0],[107.447793,-6.854275,0],[107.44769,-6.85412,0],[107.44766,-6.85396,0],[107.44765,-6.853674,0],[107.44767,-6.853498,0],[107.447578,-6.853383,0],[107.447427,-6.853291,0],[107.447383,-6.853212,0],[107.447263,-6.853124,0],[107.447213,-6.853066,0],[107.447164,-6.853009,0],[107.44715,-6.85289,0],[107.44695,-6.85263,0],[107.44663,-6.85246,0],[107.44622,-6.852212,0],[107.446144,-6.852268,0],[107.44606,-6.852297,0],[107.445981,-6.85228,0],[107.445925,-6.85218,0],[107.445901,-6.851893,0],[107.445805,-6.851869,0],[107.445825,-6.851726,0],[107.445801,-6.851642,0],[107.445794,-6.851563,0],[107.44573,-6.851523,0],[107.44564,-6.85148,0],[107.445455,-6.851427,0],[107.445367,-6.851364,0],[107.4453,-6.851372,0],[107.445256,-6.851344,0],[107.445248,-6.851296,0],[107.445211,-6.851233,0],[107.445112,-6.851168,0],[107.444993,-6.851126,0],[107.444913,-6.851081,0],[107.444776,-6.851084,0],[107.4447,-6.85105,0],[107.444563,-6.851001,0],[107.44438,-6.850886,0],[107.44423,-6.85073,0],[107.444133,-6.850503,0],[107.444037,-6.850352,0],[107.443838,-6.850061,0],[107.44371,-6.85,0],[107.443231,-6.849874,0],[107.44207,-6.84957,0],[107.44126,-6.84928,0],[107.440765,-6.848974,0],[107.440603,-6.848874,0],[107.44011,-6.84857,0],[107.43965,-6.84807,0],[107.43941,-6.84769,0],[107.43934,-6.84724,0],[107.43929,-6.84663,0],[107.43935,-6.84616,0],[107.437572,-6.845883,0],[107.435775,-6.846334,0],[107.435507,-6.838835,0],[107.438202,-6.838113,0],[107.43974,-6.83719,0],[107.43975,-6.83702,0],[107.43985,-6.83688,0],[107.44002,-6.83674,0],[107.44072,-6.83653,0],[107.44131,-6.83653,0],[107.441802,-6.836567,0],[107.44184,-6.83657,0],[107.44191,-6.83658,0],[107.44249,-6.83664,0],[107.442807,-6.836617,0],[107.44318,-6.83659,0],[107.443704,-6.836454,0],[107.443746,-6.836443,0],[107.44389,-6.836427,0],[107.444081,-6.836467,0],[107.444376,-6.836447,0],[107.444527,-6.83636,0],[107.444623,-6.836312,0],[107.444682,-6.83638,0],[107.44475,-6.836399,0],[107.444826,-6.836399,0],[107.444885,-6.83634,0],[107.444977,-6.836041,0],[107.444973,-6.835898,0],[107.445005,-6.835798,0],[107.445132,-6.835591,0],[107.445252,-6.835416,0],[107.445264,-6.835288,0],[107.445327,-6.83515,0],[107.445445,-6.835136,0],[107.445506,-6.835196,0],[107.445723,-6.835421,0],[107.44587,-6.835496,0],[107.44598,-6.835496,0],[107.446062,-6.83545,0],[107.446255,-6.835253,0],[107.446503,-6.835135,0],[107.446687,-6.835018,0],[107.446841,-6.83495,0],[107.446973,-6.8349,0],[107.447115,-6.834875,0],[107.447322,-6.834829,0],[107.447465,-6.834786,0],[107.447726,-6.8346,0],[107.447826,-6.834525,0],[107.447947,-6.83445,0],[107.448202,-6.834431,0],[107.448291,-6.834424,0],[107.448504,-6.834126,0],[107.4487,-6.834097,0],[107.448843,-6.833979,0],[107.449025,-6.833947,0],[107.449196,-6.833901,0],[107.449285,-6.833851,0],[107.449358,-6.833805,0],[107.449471,-6.833733,0],[107.449782,-6.833658,0],[107.449843,-6.833655,0],[107.449978,-6.833647,0],[107.450087,-6.833595,0],[107.450199,-6.833456,0],[107.450247,-6.833398,0],[107.450248,-6.833397,0],[107.450282,-6.833356,0],[107.450462,-6.833177,0],[107.450471,-6.833169,0],[107.450635,-6.833012,0],[107.45072,-6.832994,0],[107.450867,-6.833012,0],[107.450995,-6.833034,0],[107.451222,-6.832982,0],[107.451395,-6.832891,0],[107.451421,-6.832879,0],[107.45158,-6.832812,0],[107.451624,-6.832806,0],[107.451777,-6.832787,0],[107.451845,-6.83273,0],[107.45208,-6.832194,0],[107.452057,-6.831928,0],[107.452008,-6.831646,0],[107.452054,-6.83134,0],[107.452206,-6.831071,0],[107.452416,-6.830931,0],[107.452572,-6.830998,0],[107.452661,-6.830783,0],[107.45285,-6.83045,0],[107.45307,-6.82986,0],[107.453086,-6.829765,0],[107.45314,-6.82945,0],[107.45312,-6.82918,0],[107.45303,-6.82878,0],[107.45283,-6.82829,0],[107.45235,-6.82761,0],[107.45186,-6.82687,0],[107.45136,-6.82606,0],[107.45102,-6.82538,0],[107.45075,-6.82464,0],[107.45068,-6.824387,0],[107.45064,-6.82424,0],[107.45073,-6.82363,0],[107.45108,-6.82282,0],[107.451268,-6.822541,0],[107.45156,-6.82211,0],[107.45217,-6.82136,0],[107.45256,-6.82093,0],[107.45299,-6.8201,0],[107.45302,-6.81993,0],[107.45311,-6.81985,0],[107.45331,-6.8198,0],[107.45356,-6.81981,0],[107.45365,-6.81972,0],[107.45372,-6.81951,0],[107.45387,-6.81917,0],[107.45403,-6.81895,0],[107.45408,-6.81871,0],[107.45408,-6.81845,0],[107.45407,-6.81813,0],[107.454056,-6.817985,0],[107.45405,-6.81793,0],[107.4539,-6.81741,0],[107.4538,-6.81707,0],[107.45372,-6.81669,0],[107.4536,-6.81612,0],[107.45332,-6.81505,0],[107.45304,-6.81418,0],[107.45266,-6.81309,0],[107.45235,-6.81226,0],[107.45199,-6.81111,0],[107.45152,-6.80987,0],[107.45117,-6.80924,0],[107.4506,-6.80851,0],[107.4494,-6.80728,0],[107.449234,-6.806994,0],[107.44918,-6.8069,0],[107.448992,-6.806595,0],[107.448868,-6.806396,0],[107.448855,-6.806374,0],[107.44884,-6.80635,0],[107.44858,-6.80599,0],[107.448188,-6.805558,0],[107.44809,-6.80545,0],[107.44775,-6.80513,0],[107.44746,-6.80515,0],[107.446921,-6.805154,0],[107.446349,-6.804526,0],[107.445921,-6.804055,0],[107.445807,-6.803512,0],[107.445778,-6.80277,0],[107.445807,-6.802527,0],[107.445807,-6.80137,0],[107.445921,-6.801085,0],[107.446078,-6.800828,0],[107.445907,-6.800528,0],[107.44575,-6.800128,0],[107.445764,-6.799829,0],[107.445836,-6.799657,0],[107.446017,-6.799253,0],[107.44615,-6.79923,0],[107.44635,-6.79922,0],[107.44642,-6.79914,0],[107.44644,-6.79901,0],[107.44654,-6.79838,0],[107.44662,-6.79825,0],[107.446794,-6.79805,0],[107.447429,-6.798294,0],[107.447972,-6.798094,0],[107.448072,-6.797908,0],[107.448229,-6.79758,0],[107.44808,-6.79709,0],[107.448614,-6.796647,0],[107.44872,-6.79651,0],[107.44877,-6.79618,0],[107.44866,-6.79587,0],[107.44856,-6.79561,0],[107.44839,-6.79517,0],[107.4482,-6.79476,0],[107.44798,-6.79438,0],[107.44782,-6.79416,0],[107.44758,-6.7939,0],[107.44741,-6.79375,0],[107.44737,-6.79365,0],[107.44746,-6.79273,0],[107.44759,-6.79212,0],[107.44775,-6.7917,0],[107.44794,-6.79133,0],[107.4481,-6.79106,0],[107.4482,-6.79087,0],[107.44838,-6.790647,0],[107.44854,-6.79047,0],[107.44868,-6.79041,0],[107.44898,-6.79035,0],[107.44935,-6.79031,0],[107.44974,-6.79024,0],[107.44989,-6.79012,0],[107.45,-6.78986,0],[107.45003,-6.78925,0],[107.45006,-6.78913,0],[107.45024,-6.78857,0],[107.45039,-6.7881,0],[107.45043,-6.78779,0],[107.45048,-6.78744,0],[107.45059,-6.78709,0],[107.4507,-6.78693,0],[107.45087,-6.78678,0],[107.45145,-6.78634,0],[107.45202,-6.78562,0],[107.45212,-6.78525,0],[107.45212,-6.78512,0],[107.45209,-6.78483,0],[107.45201,-6.78449,0],[107.451933,-6.784351,0],[107.451869,-6.784275,0],[107.451213,-6.783299,0],[107.451181,-6.782115,0],[107.450704,-6.78146,0],[107.450189,-6.781029,0],[107.449314,-6.779732,0],[107.448431,-6.77946,0],[107.447732,-6.779452,0],[107.447705,-6.779474,0],[107.447232,-6.779856,0],[107.447035,-6.779915,0],[107.446997,-6.779926,0],[107.446667,-6.779979,0],[107.446462,-6.779957,0],[107.446253,-6.779876,0],[107.446127,-6.779793,0],[107.44608,-6.779762,0],[107.445376,-6.779275,0],[107.445262,-6.779253,0],[107.445001,-6.779287,0],[107.444925,-6.779297,0],[107.444751,-6.77937,0],[107.444525,-6.779532,0],[107.44441,-6.779665,0],[107.444333,-6.779851,0],[107.444243,-6.780014,0],[107.444115,-6.780102,0],[107.443878,-6.780204,0],[107.443874,-6.780206,0],[107.443767,-6.780188,0],[107.443593,-6.780102,0],[107.443443,-6.780034,0],[107.443325,-6.779981,0],[107.442786,-6.779821,0],[107.44278,-6.77982,0],[107.442759,-6.779812,0],[107.442682,-6.779786,0],[107.442681,-6.779784,0],[107.442656,-6.779746,0],[107.442484,-6.779772,0],[107.442359,-6.779807,0],[107.442342,-6.779812,0],[107.442107,-6.78,0],[107.442082,-6.780019,0],[107.442043,-6.779971,0],[107.441938,-6.779905,0],[107.441767,-6.779769,0],[107.441391,-6.779509,0],[107.441289,-6.77945,0],[107.441103,-6.779342,0],[107.440824,-6.779238,0],[107.440545,-6.779164,0],[107.440184,-6.779117,0],[107.440161,-6.779119,0],[107.440071,-6.779126,0],[107.439532,-6.779168,0],[107.439063,-6.779327,0],[107.438612,-6.779498,0],[107.438481,-6.779543,0],[107.438337,-6.779283,0],[107.438204,-6.779033,0],[107.438082,-6.778802,0],[107.438012,-6.778669,0],[107.437953,-6.778556,0],[107.437945,-6.778409,0],[107.438003,-6.778271,0],[107.438015,-6.778243,0],[107.438137,-6.778104,0],[107.438476,-6.777718,0],[107.438353,-6.777247,0],[107.438215,-6.777327,0],[107.438094,-6.777376,0],[107.438003,-6.777376,0],[107.437918,-6.777327,0],[107.437827,-6.777242,0],[107.437816,-6.777211,0],[107.437748,-6.77703,0],[107.437675,-6.776856,0],[107.437646,-6.776789,0],[107.437495,-6.776622,0],[107.437095,-6.776289,0],[107.437026,-6.775975,0],[107.436702,-6.77514,0],[107.436741,-6.775008,0],[107.436777,-6.774911,0],[107.436742,-6.774822,0],[107.436343,-6.774263,0],[107.435973,-6.773744,0],[107.435964,-6.773559,0],[107.436034,-6.773155,0],[107.436036,-6.772987,0],[107.435943,-6.772801,0],[107.435838,-6.772378,0],[107.43581,-6.772302,0],[107.435768,-6.772192,0],[107.435551,-6.771966,0],[107.435303,-6.771656,0],[107.435023,-6.77128,0],[107.434818,-6.771136,0],[107.434678,-6.771128,0],[107.434577,-6.771202,0],[107.434372,-6.77133,0],[107.434127,-6.771423,0],[107.433863,-6.771423,0],[107.433724,-6.771353,0],[107.433483,-6.771222,0],[107.433126,-6.77102,0],[107.432994,-6.770985,0],[107.432478,-6.771024,0],[107.432156,-6.771028,0],[107.43202,-6.770923,0],[107.431947,-6.770795,0],[107.431877,-6.770651,0],[107.43176,-6.770399,0],[107.431667,-6.77038,0],[107.431601,-6.770356,0],[107.43152,-6.770317,0],[107.431372,-6.770255,0],[107.431279,-6.770189,0],[107.431244,-6.770092,0],[107.431206,-6.770019,0],[107.431248,-6.769976,0],[107.431186,-6.769724,0],[107.43103,-6.76939,0],[107.43109,-6.76926,0],[107.43112,-6.76846,0],[107.43107,-6.76782,0],[107.430952,-6.76773,0],[107.430669,-6.767515,0],[107.430575,-6.767649,0],[107.430378,-6.767713,0],[107.430209,-6.767788,0],[107.430016,-6.768005,0],[107.429947,-6.768114,0],[107.429927,-6.768218,0],[107.429828,-6.768352,0],[107.429754,-6.768431,0],[107.429692,-6.768474,0],[107.429561,-6.768564,0],[107.429502,-6.768589,0],[107.429358,-6.768624,0],[107.429116,-6.768738,0],[107.428794,-6.768955,0],[107.428141,-6.769445,0],[107.42797,-6.769549,0],[107.427853,-6.769592,0],[107.427698,-6.769638,0],[107.427617,-6.769677,0],[107.42654,-6.770224,0],[107.42637,-6.77031,0],[107.42571,-6.77073,0],[107.42501,-6.77115,0],[107.4244,-6.77159,0],[107.42395,-6.77196,0],[107.423575,-6.772256,0],[107.42295,-6.77275,0],[107.42211,-6.77341,0],[107.42129,-6.77402,0],[107.42035,-6.77471,0],[107.419869,-6.775048,0],[107.41954,-6.77528,0],[107.41798,-6.77654,0],[107.4175,-6.77688,0],[107.41676,-6.77743,0],[107.416065,-6.777984,0],[107.41602,-6.77802,0],[107.41524,-6.77856,0],[107.41511,-6.7794,0],[107.41511,-6.77973,0],[107.41516,-6.78038,0],[107.4153,-6.78099,0],[107.41538,-6.78154,0],[107.41535,-6.78189,0],[107.41499,-6.78294,0],[107.41476,-6.78351,0],[107.414614,-6.783907,0],[107.41458,-6.784,0],[107.41455,-6.78417,0],[107.41422,-6.78518,0],[107.414205,-6.785206,0],[107.41389,-6.78576,0],[107.41366,-6.78602,0],[107.41324,-6.78629,0],[107.4127,-6.78664,0],[107.41246,-6.78668,0],[107.41197,-6.7869,0],[107.41152,-6.78704,0],[107.41098,-6.78707,0],[107.41063,-6.78706,0],[107.41021,-6.78714,0],[107.40999,-6.78729,0],[107.40968,-6.78745,0],[107.40915,-6.7877,0],[107.408331,-6.787949,0],[107.407876,-6.788102,0],[107.40754,-6.788152,0],[107.407441,-6.788107,0],[107.406882,-6.788171,0],[107.40658,-6.78819,0],[107.40633,-6.78816,0],[107.40612,-6.78806,0],[107.40577,-6.78789,0],[107.40559,-6.78788,0],[107.40525,-6.78796,0],[107.40503,-6.78809,0],[107.40494,-6.78823,0],[107.4048,-6.78836,0],[107.40466,-6.78839,0],[107.40439,-6.78836,0],[107.40417,-6.78838,0],[107.40403,-6.78845,0],[107.40395,-6.78855,0],[107.40394,-6.78867,0],[107.40392,-6.78901,0],[107.40384,-6.78913,0],[107.40368,-6.78924,0],[107.40341,-6.78937,0],[107.40306,-6.78958,0],[107.40281,-6.78979,0],[107.40252,-6.7901,0],[107.4023,-6.79039,0],[107.40195,-6.79083,0],[107.40171,-6.79094,0],[107.40154,-6.79106,0],[107.40145,-6.7912,0],[107.40138,-6.79139,0],[107.40126,-6.79156,0],[107.40108,-6.79176,0],[107.40093,-6.79188,0],[107.40056,-6.79208,0],[107.40015,-6.79226,0],[107.39982,-6.79241,0],[107.39886,-6.79248,0],[107.39843,-6.79255,0],[107.3977,-6.79276,0],[107.39647,-6.79359,0],[107.396015,-6.79385,0],[107.39584,-6.79395,0],[107.3952,-6.79428,0],[107.39426,-6.79474,0],[107.39313,-6.79514,0],[107.39235,-6.79535,0],[107.39111,-6.79551,0],[107.390847,-6.795478,0],[107.39061,-6.79545,0],[107.390461,-6.795415,0],[107.390425,-6.79583,0],[107.390415,-6.796192,0],[107.390377,-6.796401,0],[107.390425,-6.796629,0],[107.387907,-6.796626,0],[107.387807,-6.796506,0],[107.387598,-6.796306,0],[107.387284,-6.796058,0],[107.387141,-6.795925,0],[107.386884,-6.795849,0],[107.386694,-6.795649,0],[107.386542,-6.795506,0],[107.386294,-6.79543,0],[107.386094,-6.795326,0],[107.385932,-6.795221,0],[107.385733,-6.79503,0],[107.385533,-6.794954,0],[107.38519,-6.794973,0],[107.384866,-6.794973,0],[107.3844,-6.794973,0],[107.383791,-6.794954,0],[107.383401,-6.794926,0],[107.382934,-6.794773,0],[107.382725,-6.794631,0],[107.382382,-6.794526,0],[107.381592,-6.794374,0],[107.381411,-6.794279,0],[107.381375,-6.794105,0],[107.381391,-6.793985,0],[107.381401,-6.793828,0],[107.381081,-6.793577,0],[107.380811,-6.793325,0],[107.38069,-6.793257,0],[107.380586,-6.793126,0],[107.380451,-6.792825,0],[107.380489,-6.792681,0],[107.380355,-6.792553,0],[107.380046,-6.792434,0],[107.379617,-6.792327,0],[107.3793,-6.79233,0],[107.37929,-6.79246,0],[107.37961,-6.79304,0],[107.37976,-6.79338,0],[107.37993,-6.79399,0],[107.38006,-6.7949,0],[107.38006,-6.79517,0],[107.38005,-6.79526,0],[107.37986,-6.79634,0],[107.37978,-6.79666,0],[107.37943,-6.79724,0],[107.37923,-6.79756,0],[107.37908,-6.7978,0],[107.37879,-6.79806,0],[107.37826,-6.7984,0],[107.37787,-6.79859,0],[107.37748,-6.79878,0],[107.37716,-6.79891,0],[107.37693,-6.79905,0],[107.37676,-6.79927,0],[107.37664,-6.7995,0],[107.3766,-6.79957,0],[107.37645,-6.79975,0],[107.37635,-6.79987,0],[107.37593,-6.80003,0],[107.375,-6.8,0],[107.37368,-6.79993,0],[107.3732,-6.79996,0],[107.3726,-6.79969,0],[107.37202,-6.79949,0],[107.37146,-6.79928,0],[107.37073,-6.79896,0],[107.37003,-6.79866,0],[107.36954,-6.79845,0],[107.36884,-6.79803,0],[107.36699,-6.7975,0],[107.36578,-6.79723,0],[107.365,-6.79681,0],[107.3636,-6.79637,0],[107.36286,-6.79634,0],[107.36206,-6.79634,0],[107.36206,-6.79634,0],[107.36108,-6.79521,0],[107.36053,-6.79477,0],[107.36016,-6.79436,0],[107.35964,-6.79403,0],[107.35913,-6.79384,0],[107.35842,-6.79375,0],[107.3578,-6.79377,0],[107.35684,-6.79376,0],[107.35607,-6.7939,0],[107.3555,-6.79396,0],[107.35393,-6.79438,0],[107.35252,-6.79496,0],[107.35229,-6.79503,0],[107.35143,-6.79514,0],[107.34901,-6.79532,0],[107.348828,-6.795231,0],[107.348782,-6.795208,0],[107.34846,-6.79505,0],[107.3481,-6.79483,0],[107.34774,-6.79467,0],[107.34712,-6.79416,0],[107.34647,-6.79416,0],[107.346,-6.79426,0],[107.34561,-6.79437,0],[107.34531,-6.79451,0],[107.34503,-6.79466,0],[107.34443,-6.79503,0],[107.34396,-6.79542,0],[107.34365,-6.7957,0],[107.34319,-6.79586,0],[107.34248,-6.79601,0],[107.34192,-6.79615,0],[107.34131,-6.79628,0],[107.34065,-6.79643,0],[107.34009,-6.79651,0],[107.33935,-6.79649,0],[107.33867,-6.79661,0],[107.33808,-6.79663,0],[107.33719,-6.79648,0],[107.33663,-6.79639,0],[107.33619,-6.79636,0],[107.33538,-6.79637,0],[107.33487,-6.79653,0],[107.33433,-6.79681,0],[107.33355,-6.79703,0],[107.33335,-6.79669,0],[107.3331,-6.79642,0],[107.3328,-6.79614,0],[107.332775,-6.796116,0],[107.3325,-6.79585,0],[107.33206,-6.79556,0],[107.33141,-6.79499,0],[107.33141,-6.79499,0],[107.330761,-6.795877,0],[107.33019,-6.796377,0],[107.329381,-6.797281,0],[107.328763,-6.797947,0],[107.327954,-6.797804,0],[107.327026,-6.797971,0],[107.326431,-6.798566,0],[107.325598,-6.799208,0],[107.324932,-6.799327,0],[107.323694,-6.799565,0],[107.322618,-6.799613,0],[107.322302,-6.799785,0],[107.321687,-6.800081,0],[107.321235,-6.800267,0],[107.320226,-6.802242,0],[107.320239,-6.802873,0],[107.31974,-6.803258,0],[107.319297,-6.80323,0],[107.318897,-6.803344,0],[107.318483,-6.803572,0],[107.318398,-6.803986,0],[107.318069,-6.804115,0],[107.317641,-6.804072,0],[107.317384,-6.804059,0],[107.317184,-6.803906,0],[107.316984,-6.803973,0],[107.316746,-6.80403,0],[107.316547,-6.80404,0],[107.316279,-6.804093,0],[107.315179,-6.804474,0],[107.315197,-6.804509,0],[107.315332,-6.804776,0],[107.315348,-6.804807,0],[107.315384,-6.80504,0],[107.315401,-6.805149,0],[107.315478,-6.805638,0],[107.315462,-6.805954,0],[107.315457,-6.806048,0],[107.31544,-6.806389,0],[107.315316,-6.806941,0],[107.315289,-6.806978,0],[107.314929,-6.807461,0],[107.314828,-6.807598,0],[107.314817,-6.807612,0],[107.314861,-6.807885,0],[107.314899,-6.808122,0],[107.314904,-6.808154,0],[107.314911,-6.808162,0],[107.315056,-6.808331,0],[107.315059,-6.808335,0],[107.315066,-6.808343,0],[107.315077,-6.808357,0],[107.315347,-6.808671,0],[107.315366,-6.808694,0],[107.315624,-6.808829,0],[107.315692,-6.808864,0],[107.316327,-6.809196,0],[107.3164,-6.809235,0],[107.316709,-6.809402,0],[107.317063,-6.809659,0],[107.317079,-6.809671,0],[107.317162,-6.809752,0],[107.317587,-6.810166,0],[107.318707,-6.811308,0],[107.319222,-6.811848,0],[107.319466,-6.8122,0],[107.319634,-6.812497,0],[107.319815,-6.812876,0],[107.319952,-6.813354,0],[107.320081,-6.814104,0],[107.320083,-6.814402,0],[107.320054,-6.814644,0],[107.320047,-6.814704,0],[107.320043,-6.814737,0],[107.319853,-6.81496,0],[107.319293,-6.815617,0],[107.319071,-6.815874,0],[107.318685,-6.81632,0],[107.318607,-6.816457,0],[107.318423,-6.81678,0],[107.318419,-6.816787,0],[107.318382,-6.817478,0],[107.318381,-6.817495,0],[107.318381,-6.817501,0],[107.318091,-6.817964,0],[107.317876,-6.818133,0],[107.317521,-6.818414,0],[107.317331,-6.818564,0],[107.316997,-6.818896,0],[107.316967,-6.818927,0],[107.316565,-6.819327,0],[107.316408,-6.819506,0],[107.316224,-6.819716,0],[107.316215,-6.819726,0],[107.316175,-6.820188,0],[107.31616,-6.820755,0],[107.316159,-6.820805,0],[107.316129,-6.82197,0],[107.316158,-6.822542,0],[107.316278,-6.822868,0],[107.316284,-6.822883,0],[107.316294,-6.82291,0],[107.316584,-6.823181,0],[107.31728,-6.823527,0],[107.318426,-6.823682,0],[107.319566,-6.823836,0],[107.319667,-6.82385,0],[107.320967,-6.824051,0],[107.321679,-6.824256,0],[107.322225,-6.824506,0],[107.322503,-6.824745,0],[107.322637,-6.82486,0],[107.322815,-6.82538,0],[107.322841,-6.825499,0],[107.322994,-6.826209,0],[107.323014,-6.826474,0],[107.323056,-6.827028,0],[107.323107,-6.827877,0],[107.323116,-6.828025,0],[107.323119,-6.82807,0],[107.323183,-6.82851,0],[107.323286,-6.829084,0],[107.32338,-6.829644,0],[107.323382,-6.829953,0],[107.323382,-6.829978,0],[107.323258,-6.830521,0],[107.323095,-6.830868,0],[107.322886,-6.831318,0],[107.322804,-6.831734,0],[107.322767,-6.832147,0],[107.322767,-6.832738,0],[107.322853,-6.833198,0],[107.322945,-6.833563,0],[107.322981,-6.833704,0],[107.322983,-6.834074,0],[107.32311,-6.834499,0],[107.323112,-6.83496,0],[107.323128,-6.83541,0],[107.32313,-6.83547,0],[107.323005,-6.836015,0],[107.322619,-6.836923,0],[107.322619,-6.836926,0],[107.322539,-6.837511,0],[107.322375,-6.838308,0],[107.322361,-6.838536,0],[107.322336,-6.838931,0],[107.322465,-6.839554,0],[107.322718,-6.840105,0],[107.322987,-6.840388,0],[107.323061,-6.840465,0],[107.323265,-6.84068,0],[107.32377,-6.841058,0],[107.324294,-6.8413,0],[107.324317,-6.841311,0],[107.324478,-6.841385,0],[107.32502,-6.841826,0],[107.32522,-6.843441,0],[107.325274,-6.844283,0],[107.325535,-6.844678,0],[107.326135,-6.845312,0],[107.326933,-6.845932,0],[107.327354,-6.846391,0],[107.327441,-6.84706,0],[107.327444,-6.847683,0],[107.327363,-6.848145,0],[107.327156,-6.848571,0],[107.326822,-6.848907,0],[107.326211,-6.849099,0],[107.325567,-6.849039,0],[107.325022,-6.848915,0],[107.324729,-6.848953,0],[107.324353,-6.849126,0],[107.324103,-6.849498,0],[107.323896,-6.849924,0],[107.323856,-6.850259,0],[107.323859,-6.850882,0],[107.324282,-6.851802,0],[107.325208,-6.852801,0],[107.32592,-6.85296,0],[107.326715,-6.852667,0],[107.3278,-6.851867,0],[107.328261,-6.851735,0],[107.328788,-6.851816,0],[107.32914,-6.852032,0],[107.32931,-6.852573,0],[107.329058,-6.853198,0],[107.328924,-6.853725,0],[107.32898,-6.854311,0],[107.329274,-6.854835,0],[107.329365,-6.855248,0],[107.329472,-6.85584,0],[107.329742,-6.856244,0],[107.330249,-6.856329,0],[107.330919,-6.856244,0],[107.331252,-6.855908,0],[107.331874,-6.854522,0],[107.332122,-6.853979,0],[107.332373,-6.85377,0],[107.332957,-6.853387,0],[107.333709,-6.853176,0],[107.334457,-6.853092,0],[107.334922,-6.853198,0],[107.335435,-6.853636,0],[107.335869,-6.854216,0],[107.335934,-6.854755,0],[107.33595,-6.855718,0],[107.336163,-6.856597,0],[107.336449,-6.857013,0],[107.337289,-6.857506,0],[107.338001,-6.857629,0],[107.33826,-6.857379,0],[107.338543,-6.856997,0],[107.339041,-6.85627,0],[107.339959,-6.855531,0],[107.340709,-6.854732,0],[107.341123,-6.853727,0],[107.341214,-6.852294,0],[107.341234,-6.850879,0],[107.341625,-6.849913,0],[107.341981,-6.849457,0],[107.342858,-6.848955,0],[107.343495,-6.848949,0],[107.343875,-6.84919,0],[107.343991,-6.849619,0],[107.343958,-6.850104,0],[107.343695,-6.850762,0],[107.342965,-6.851924,0],[107.342747,-6.852316,0],[107.342655,-6.85259,0],[107.342586,-6.85295,0],[107.342689,-6.853231,0],[107.342886,-6.853379,0],[107.343117,-6.853423,0],[107.343424,-6.853381,0],[107.344885,-6.852705,0],[107.346601,-6.852444,0],[107.347883,-6.852419,0],[107.348569,-6.852516,0],[107.349073,-6.852893,0],[107.349453,-6.853515,0],[107.349731,-6.854552,0],[107.350132,-6.855436,0],[107.35001,-6.856552,0],[107.348987,-6.858329,0],[107.348163,-6.859203,0],[107.347391,-6.860051,0],[107.347025,-6.860568,0],[107.346865,-6.860971,0],[107.346941,-6.861368,0],[107.347392,-6.862355,0],[107.347802,-6.863135,0],[107.348168,-6.863712,0],[107.348574,-6.864137,0],[107.349131,-6.864702,0],[107.349276,-6.865112,0],[107.349309,-6.865428,0],[107.349327,-6.865817,0],[107.349155,-6.866161,0],[107.348639,-6.866597,0],[107.34808,-6.866953,0],[107.347521,-6.867371,0],[107.347344,-6.867661,0],[107.34721,-6.86806,0],[107.347203,-6.868403,0],[107.34727,-6.869334,0],[107.347106,-6.870085,0],[107.347023,-6.87042,0],[107.346774,-6.870674,0],[107.345828,-6.870909,0],[107.34487,-6.871009,0],[107.344578,-6.871117,0],[107.344306,-6.871192,0],[107.343847,-6.871484,0],[107.343598,-6.871864,0],[107.343641,-6.872199,0],[107.343685,-6.872569,0],[107.34373,-6.873156,0],[107.343732,-6.873572,0],[107.343021,-6.873829,0],[107.342478,-6.874039,0],[107.34219,-6.874175,0],[107.341706,-6.874589,0],[107.34136,-6.874944,0],[107.341394,-6.874966,0],[107.341202,-6.875627,0],[107.341309,-6.875934,0],[107.341699,-6.876556,0],[107.341724,-6.876854,0],[107.341749,-6.877152,0],[107.341962,-6.877585,0],[107.342269,-6.878026,0],[107.342611,-6.878359,0],[107.343059,-6.878953,0],[107.342991,-6.879505,0],[107.342665,-6.879922,0],[107.342128,-6.880449,0],[107.341813,-6.88074,0],[107.3415,-6.881401,0],[107.341525,-6.881709,0],[107.341622,-6.882323,0],[107.341777,-6.883,0],[107.34177,-6.883886,0],[107.341655,-6.884302,0],[107.341295,-6.88509,0],[107.34113,-6.885485,0],[107.341136,-6.885738,0],[107.340916,-6.885803,0],[107.340854,-6.885782,0],[107.340839,-6.885795,0],[107.341685,-6.886237,0],[107.341917,-6.886358,0],[107.342106,-6.886555,0],[107.342267,-6.886908,0],[107.342352,-6.887183,0],[107.34231,-6.887283,0],[107.342421,-6.887366,0],[107.342388,-6.887658,0],[107.342606,-6.887875,0],[107.342595,-6.888239,0],[107.34247,-6.888761,0],[107.342395,-6.889264,0],[107.34245,-6.889496,0],[107.342487,-6.889765,0],[107.342631,-6.890051,0],[107.343242,-6.89028,0],[107.343457,-6.890351,0],[107.34369,-6.890421,0],[107.344013,-6.890491,0],[107.34448,-6.89062,0],[107.344499,-6.890627,0],[107.344776,-6.890724,0],[107.345086,-6.890877,0],[107.345195,-6.890984,0],[107.34537,-6.89063,0],[107.3454,-6.89052,0],[107.34542,-6.89044,0],[107.34543,-6.89035,0],[107.34543,-6.89026,0],[107.3454,-6.89008,0],[107.34537,-6.88989,0],[107.34537,-6.88977,0],[107.34537,-6.88968,0],[107.34539,-6.88952,0],[107.3454,-6.88931,0],[107.34545,-6.88905,0],[107.34546,-6.88899,0],[107.34562,-6.8887,0],[107.34587,-6.88845,0],[107.34592,-6.88842,0],[107.34626,-6.88824,0],[107.34656,-6.888,0],[107.34664,-6.88795,0],[107.34693,-6.88772,0],[107.34715,-6.88759,0],[107.3474,-6.88739,0],[107.34767,-6.88715,0],[107.34783,-6.88698,0],[107.3481,-6.88669,0],[107.34831,-6.88645,0],[107.34854,-6.88625,0],[107.34868,-6.88608,0],[107.34884,-6.88588,0],[107.34888,-6.88582,0],[107.34903,-6.8856,0],[107.34926,-6.88519,0],[107.34933,-6.88498,0],[107.34957,-6.8844,0],[107.34981,-6.88404,0],[107.3499,-6.88395,0],[107.35013,-6.8837,0],[107.3504,-6.88345,0],[107.35095,-6.88254,0],[107.35209,-6.88172,0],[107.352172,-6.881698,0],[107.352309,-6.881554,0],[107.352808,-6.881524,0],[107.35341,-6.88136,0],[107.35406,-6.88146,0],[107.354987,-6.882298,0],[107.355801,-6.882721,0],[107.356125,-6.882728,0],[107.359186,-6.881668,0],[107.360427,-6.881248,0],[107.360665,-6.881167,0],[107.360882,-6.881046,0],[107.363094,-6.87958,0],[107.365009,-6.878093,0],[107.366782,-6.877788,0],[107.367195,-6.877904,0],[107.367956,-6.878117,0],[107.36864,-6.87828,0],[107.37006,-6.87873,0],[107.37073,-6.87894,0],[107.37209,-6.87932,0],[107.37386,-6.8795,0],[107.375,-6.87954,0],[107.37548,-6.87966,0],[107.37601,-6.87989,0],[107.37675,-6.88029,0],[107.376965,-6.880403,0],[107.377608,-6.880744,0],[107.37798,-6.88094,0],[107.37893,-6.88127,0],[107.3801,-6.88154,0],[107.38094,-6.88164,0],[107.381641,-6.881614,0],[107.38176,-6.88161,0],[107.38297,-6.88131,0],[107.384001,-6.881007,0],[107.38423,-6.88094,0],[107.38551,-6.88052,0],[107.38658,-6.88033,0],[107.386725,-6.880325,0],[107.38769,-6.88029,0],[107.38873,-6.88004,0],[107.38965,-6.87986,0],[107.39038,-6.87942,0],[107.39109,-6.87886,0],[107.39141,-6.87851,0],[107.39182,-6.87746,0],[107.392052,-6.876592,0],[107.39213,-6.8763,0],[107.39244,-6.87533,0],[107.39257,-6.875,0],[107.39261,-6.87492,0],[107.39262,-6.87476,0],[107.39262,-6.87462,0],[107.39262,-6.87446,0],[107.39271,-6.87402,0],[107.39279,-6.87363,0],[107.3928,-6.87293,0],[107.39278,-6.87256,0],[107.39269,-6.87229,0],[107.39239,-6.87195,0],[107.39208,-6.8716,0],[107.39189,-6.87127,0],[107.3918,-6.87091,0],[107.39181,-6.87059,0],[107.39182,-6.870546,0]]]]},"properties":{"kd_propinsi":"32","kd_dati2":"17","kd_kecamatan":"007","nm_kecamatan":"Cipatat"}},{"type":"Feature","geometry":{"type":"MultiPolygon","coordinates":[[[[107.519673,-6.875719,0],[107.519747,-6.875662,0],[107.51999,-6.875505,0],[107.520115,-6.875427,0],[107.518746,-6.875,0],[107.51852,-6.87493,0],[107.51825,-6.874889,0],[107.51819,-6.87488,0],[107.51777,-6.87466,0],[107.51762,-6.87452,0],[107.51751,-6.87446,0],[107.5173,-6.87427,0],[107.517058,-6.874084,0],[107.51678,-6.87387,0],[107.5167,-6.87385,0],[107.51651,-6.87378,0],[107.51629,-6.87368,0],[107.51609,-6.87358,0],[107.516029,-6.873559,0],[107.51547,-6.87337,0],[107.51496,-6.87324,0],[107.51484,-6.87319,0],[107.51467,-6.87313,0],[107.5145,-6.87317,0],[107.51401,-6.87327,0],[107.51391,-6.87329,0],[107.51345,-6.87332,0],[107.51336,-6.87329,0],[107.51323,-6.87322,0],[107.51306,-6.87311,0],[107.51294,-6.87301,0],[107.512801,-6.8731,0],[107.5128,-6.8731,0],[107.51273,-6.87304,0],[107.51264,-6.87298,0],[107.51226,-6.87297,0],[107.512216,-6.872955,0],[107.51199,-6.87288,0],[107.511658,-6.872787,0],[107.511565,-6.872761,0],[107.511342,-6.872713,0],[107.511241,-6.872788,0],[107.51107,-6.87277,0],[107.510874,-6.872665,0],[107.510704,-6.872734,0],[107.510609,-6.872766,0],[107.510513,-6.872724,0],[107.510401,-6.872628,0],[107.50995,-6.87266,0],[107.50967,-6.87266,0],[107.50957,-6.872615,0],[107.509296,-6.87249,0],[107.509165,-6.87278,0],[107.508998,-6.872836,0],[107.508813,-6.872889,0],[107.5087,-6.872973,0],[107.508415,-6.873038,0],[107.508135,-6.873133,0],[107.507986,-6.873062,0],[107.507707,-6.872949,0],[107.507576,-6.872925,0],[107.507285,-6.872859,0],[107.507035,-6.8728,0],[107.506838,-6.872808,0],[107.506524,-6.87283,0],[107.506317,-6.87288,0],[107.506089,-6.872915,0],[107.505946,-6.87293,0],[107.505853,-6.872937,0],[107.505746,-6.872987,0],[107.505646,-6.873065,0],[107.505518,-6.873144,0],[107.505382,-6.873187,0],[107.505247,-6.873187,0],[107.505032,-6.873187,0],[107.504823,-6.873142,0],[107.504671,-6.87318,0],[107.504488,-6.873195,0],[107.50436,-6.873154,0],[107.504259,-6.873234,0],[107.504163,-6.873303,0],[107.504055,-6.873309,0],[107.503872,-6.873279,0],[107.50383,-6.873266,0],[107.50372,-6.873233,0],[107.503523,-6.873188,0],[107.503287,-6.873119,0],[107.503036,-6.873074,0],[107.502671,-6.872983,0],[107.502595,-6.873,0],[107.502473,-6.87316,0],[107.502266,-6.873213,0],[107.502165,-6.873372,0],[107.501931,-6.873569,0],[107.501753,-6.873666,0],[107.501315,-6.873903,0],[107.500895,-6.874201,0],[107.500831,-6.87436,0],[107.500709,-6.87444,0],[107.500518,-6.874467,0],[107.500417,-6.874525,0],[107.500268,-6.874716,0],[107.50013,-6.874833,0],[107.500077,-6.874934,0],[107.499838,-6.875104,0],[107.499694,-6.875072,0],[107.499573,-6.875098,0],[107.49924,-6.875396,0],[107.499231,-6.875404,0],[107.49908,-6.8756,0],[107.49903,-6.87619,0],[107.49906,-6.87688,0],[107.499058,-6.876947,0],[107.49905,-6.87726,0],[107.49901,-6.87782,0],[107.498912,-6.878396,0],[107.498854,-6.878822,0],[107.498672,-6.878837,0],[107.498664,-6.87905,0],[107.498398,-6.879339,0],[107.498124,-6.87946,0],[107.497972,-6.87943,0],[107.497554,-6.879658,0],[107.496954,-6.879894,0],[107.496807,-6.880116,0],[107.496781,-6.880238,0],[107.496544,-6.880235,0],[107.496399,-6.880359,0],[107.496297,-6.880327,0],[107.49615,-6.88028,0],[107.496024,-6.880329,0],[107.495987,-6.880679,0],[107.495934,-6.880787,0],[107.495636,-6.880821,0],[107.495247,-6.880767,0],[107.49498,-6.880723,0],[107.49476,-6.88088,0],[107.49431,-6.88092,0],[107.493952,-6.881097,0],[107.493763,-6.881063,0],[107.493331,-6.880985,0],[107.49304,-6.881115,0],[107.492768,-6.881148,0],[107.492451,-6.88138,0],[107.492317,-6.881454,0],[107.492311,-6.881475,0],[107.492054,-6.8817,0],[107.492014,-6.881462,0],[107.491907,-6.881334,0],[107.491828,-6.881162,0],[107.491842,-6.881013,0],[107.4919,-6.88082,0],[107.492071,-6.880534,0],[107.492021,-6.880413,0],[107.491878,-6.880341,0],[107.491778,-6.880406,0],[107.491628,-6.88047,0],[107.491457,-6.880641,0],[107.491328,-6.880591,0],[107.491229,-6.879749,0],[107.491129,-6.879049,0],[107.491171,-6.878507,0],[107.491657,-6.878321,0],[107.491842,-6.878336,0],[107.491942,-6.878207,0],[107.492628,-6.877936,0],[107.492828,-6.877964,0],[107.492999,-6.877736,0],[107.493413,-6.877493,0],[107.49367,-6.877436,0],[107.493813,-6.877293,0],[107.494298,-6.877079,0],[107.494526,-6.877065,0],[107.49476,-6.876716,0],[107.494896,-6.876663,0],[107.495194,-6.876407,0],[107.495515,-6.876419,0],[107.495688,-6.876312,0],[107.495943,-6.876359,0],[107.496051,-6.876276,0],[107.496068,-6.876044,0],[107.496104,-6.875931,0],[107.496062,-6.875836,0],[107.496015,-6.875836,0],[107.495961,-6.875794,0],[107.496009,-6.875681,0],[107.495926,-6.875348,0],[107.495854,-6.875348,0],[107.495783,-6.875277,0],[107.495783,-6.875146,0],[107.495753,-6.875069,0],[107.495813,-6.874956,0],[107.495783,-6.874652,0],[107.49586,-6.874509,0],[107.495819,-6.874164,0],[107.495759,-6.874034,0],[107.4957,-6.873813,0],[107.495622,-6.872172,0],[107.495628,-6.871946,0],[107.495676,-6.871916,0],[107.495682,-6.871725,0],[107.495544,-6.871724,0],[107.495587,-6.870938,0],[107.495673,-6.870596,0],[107.495944,-6.870196,0],[107.496658,-6.870239,0],[107.497186,-6.87011,0],[107.497814,-6.87021,0],[107.499099,-6.869782,0],[107.499727,-6.869562,0],[107.50064,-6.869343,0],[107.502239,-6.868239,0],[107.502696,-6.868392,0],[107.503096,-6.864584,0],[107.502163,-6.864451,0],[107.501878,-6.865917,0],[107.49986,-6.865707,0],[107.494244,-6.865308,0],[107.494378,-6.863994,0],[107.494987,-6.86407,0],[107.496193,-6.864256,0],[107.496276,-6.863679,0],[107.498185,-6.863899,0],[107.499018,-6.863138,0],[107.498989,-6.86287,0],[107.498809,-6.862431,0],[107.498584,-6.86188,0],[107.49848,-6.86166,0],[107.500061,-6.860511,0],[107.499765,-6.860143,0],[107.499624,-6.859991,0],[107.499405,-6.859726,0],[107.498966,-6.859215,0],[107.498887,-6.859029,0],[107.49882,-6.858815,0],[107.498786,-6.858613,0],[107.498758,-6.858321,0],[107.498746,-6.857996,0],[107.49874,-6.857946,0],[107.49874,-6.857945,0],[107.498727,-6.857823,0],[107.498623,-6.856758,0],[107.49855,-6.856456,0],[107.498494,-6.856222,0],[107.498399,-6.855892,0],[107.498237,-6.855332,0],[107.498075,-6.854775,0],[107.497997,-6.854491,0],[107.497854,-6.853957,0],[107.497852,-6.853949,0],[107.497826,-6.853766,0],[107.497813,-6.85367,0],[107.498092,-6.853865,0],[107.49826,-6.853994,0],[107.498266,-6.853969,0],[107.498282,-6.853904,0],[107.498282,-6.853776,0],[107.498265,-6.853614,0],[107.498489,-6.853279,0],[107.498517,-6.853156,0],[107.498472,-6.853111,0],[107.498433,-6.853033,0],[107.498399,-6.852932,0],[107.49836,-6.852815,0],[107.498293,-6.852698,0],[107.498265,-6.852597,0],[107.498265,-6.852596,0],[107.498232,-6.852519,0],[107.498215,-6.852396,0],[107.49824,-6.85227,0],[107.49822,-6.85216,0],[107.49825,-6.85203,0],[107.498366,-6.851827,0],[107.498389,-6.851693,0],[107.498461,-6.851519,0],[107.498521,-6.851456,0],[107.498578,-6.851397,0],[107.498621,-6.851406,0],[107.498751,-6.851335,0],[107.498807,-6.851296,0],[107.49888,-6.851201,0],[107.498941,-6.851151,0],[107.498991,-6.851151,0],[107.499092,-6.851089,0],[107.499153,-6.850995,0],[107.499137,-6.850883,0],[107.499109,-6.850833,0],[107.499125,-6.850782,0],[107.499226,-6.850721,0],[107.49946,-6.850726,0],[107.49963,-6.85076,0],[107.499654,-6.850745,0],[107.499851,-6.85062,0],[107.499946,-6.85062,0],[107.500019,-6.850514,0],[107.500008,-6.850505,0],[107.49998,-6.850481,0],[107.499952,-6.850386,0],[107.499991,-6.850285,0],[107.499957,-6.85014,0],[107.49982,-6.849944,0],[107.499812,-6.849861,0],[107.499712,-6.849777,0],[107.49965,-6.849738,0],[107.499662,-6.849712,0],[107.49979,-6.849431,0],[107.499885,-6.849168,0],[107.499846,-6.849107,0],[107.499779,-6.849029,0],[107.49975,-6.848982,0],[107.49965,-6.848816,0],[107.499511,-6.848733,0],[107.499444,-6.848643,0],[107.499231,-6.848576,0],[107.499109,-6.84852,0],[107.49904,-6.84846,0],[107.499053,-6.848291,0],[107.499058,-6.848213,0],[107.498997,-6.848152,0],[107.499008,-6.847979,0],[107.49902,-6.847924,0],[107.499086,-6.847627,0],[107.499148,-6.847498,0],[107.499164,-6.847253,0],[107.499086,-6.847052,0],[107.499086,-6.847051,0],[107.499008,-6.846923,0],[107.498896,-6.846767,0],[107.498892,-6.846502,0],[107.498891,-6.846415,0],[107.499014,-6.846259,0],[107.499002,-6.846085,0],[107.498996,-6.846076,0],[107.498908,-6.84594,0],[107.498801,-6.845968,0],[107.498718,-6.845835,0],[107.498673,-6.845762,0],[107.498712,-6.845667,0],[107.498761,-6.845549,0],[107.498774,-6.845354,0],[107.498913,-6.845125,0],[107.499002,-6.845075,0],[107.499042,-6.844963,0],[107.49899,-6.84485,0],[107.498991,-6.844848,0],[107.499025,-6.844723,0],[107.499064,-6.844611,0],[107.49915,-6.84454,0],[107.49917,-6.84448,0],[107.4992,-6.84437,0],[107.49928,-6.84418,0],[107.49933,-6.84401,0],[107.499382,-6.843875,0],[107.49941,-6.8438,0],[107.49949,-6.84359,0],[107.49948,-6.84351,0],[107.49955,-6.8434,0],[107.49963,-6.84333,0],[107.49974,-6.84335,0],[107.49979,-6.8433,0],[107.49988,-6.84316,0],[107.49992,-6.84297,0],[107.499924,-6.842839,0],[107.49993,-6.84266,0],[107.500019,-6.842411,0],[107.500054,-6.842334,0],[107.500008,-6.842232,0],[107.500141,-6.842134,0],[107.500022,-6.84198,0],[107.500021,-6.841883,0],[107.500098,-6.841811,0],[107.5002,-6.841816,0],[107.500297,-6.84161,0],[107.500321,-6.841481,0],[107.49998,-6.8415,0],[107.49992,-6.84148,0],[107.49983,-6.84146,0],[107.49982,-6.84128,0],[107.49971,-6.84068,0],[107.49955,-6.84008,0],[107.49938,-6.83966,0],[107.49926,-6.83942,0],[107.49906,-6.83919,0],[107.49886,-6.83899,0],[107.498639,-6.838953,0],[107.498434,-6.838881,0],[107.498196,-6.83874,0],[107.498082,-6.838851,0],[107.497996,-6.838994,0],[107.497986,-6.839009,0],[107.49786,-6.8392,0],[107.49781,-6.83931,0],[107.49777,-6.83949,0],[107.49773,-6.83957,0],[107.497698,-6.83959,0],[107.497594,-6.839558,0],[107.497544,-6.839533,0],[107.497509,-6.839501,0],[107.497402,-6.839497,0],[107.497387,-6.839576,0],[107.497227,-6.839586,0],[107.49713,-6.83977,0],[107.496993,-6.839925,0],[107.496948,-6.839975,0],[107.49678,-6.84034,0],[107.496693,-6.840229,0],[107.496429,-6.839958,0],[107.496244,-6.839826,0],[107.496022,-6.839686,0],[107.495655,-6.839472,0],[107.495626,-6.839461,0],[107.495387,-6.839369,0],[107.495301,-6.839327,0],[107.494966,-6.839165,0],[107.494798,-6.839062,0],[107.494797,-6.839061,0],[107.494539,-6.838896,0],[107.49448,-6.838858,0],[107.494334,-6.838758,0],[107.494077,-6.838598,0],[107.493856,-6.838501,0],[107.493649,-6.838424,0],[107.493581,-6.838398,0],[107.493217,-6.838276,0],[107.492819,-6.838149,0],[107.49276,-6.838137,0],[107.49245,-6.838071,0],[107.492203,-6.838019,0],[107.492066,-6.837884,0],[107.49066,-6.836825,0],[107.490295,-6.836652,0],[107.490058,-6.836553,0],[107.489655,-6.836404,0],[107.488986,-6.836171,0],[107.488518,-6.83593,0],[107.488252,-6.835773,0],[107.488035,-6.835473,0],[107.487912,-6.83523,0],[107.487647,-6.834558,0],[107.487431,-6.834396,0],[107.487256,-6.834231,0],[107.486653,-6.833663,0],[107.486249,-6.833331,0],[107.485825,-6.83273,0],[107.485648,-6.832761,0],[107.485106,-6.832874,0],[107.484738,-6.832989,0],[107.48447,-6.833082,0],[107.48421,-6.833176,0],[107.483353,-6.833531,0],[107.482827,-6.833614,0],[107.482296,-6.833614,0],[107.481835,-6.833661,0],[107.48153,-6.833733,0],[107.48146,-6.83375,0],[107.48136,-6.83386,0],[107.481221,-6.83421,0],[107.481148,-6.834307,0],[107.481079,-6.834399,0],[107.48076,-6.834541,0],[107.480412,-6.834624,0],[107.480134,-6.834618,0],[107.480078,-6.8346,0],[107.480002,-6.834575,0],[107.479881,-6.83445,0],[107.47987,-6.834362,0],[107.479859,-6.834229,0],[107.479963,-6.833943,0],[107.48017,-6.833408,0],[107.480198,-6.833226,0],[107.479963,-6.832955,0],[107.479848,-6.832862,0],[107.479663,-6.832754,0],[107.479395,-6.832598,0],[107.479177,-6.832519,0],[107.47902,-6.832455,0],[107.478885,-6.832298,0],[107.478703,-6.832077,0],[107.478581,-6.831915,0],[107.478571,-6.831902,0],[107.477996,-6.831217,0],[107.47766,-6.83069,0],[107.477649,-6.830665,0],[107.4776,-6.83055,0],[107.47755,-6.83047,0],[107.47748,-6.83041,0],[107.47742,-6.83034,0],[107.47738,-6.83026,0],[107.477082,-6.829061,0],[107.47703,-6.82885,0],[107.477,-6.82855,0],[107.477,-6.82788,0],[107.477,-6.82755,0],[107.47704,-6.82676,0],[107.477064,-6.826543,0],[107.47713,-6.82596,0],[107.47723,-6.82556,0],[107.477241,-6.825538,0],[107.47745,-6.825146,0],[107.47766,-6.82475,0],[107.47787,-6.82463,0],[107.47813,-6.82472,0],[107.47846,-6.82473,0],[107.47842,-6.82441,0],[107.478406,-6.824301,0],[107.47823,-6.82297,0],[107.47823,-6.82224,0],[107.478289,-6.822014,0],[107.4783,-6.82197,0],[107.47828,-6.82184,0],[107.47838,-6.82134,0],[107.47853,-6.82082,0],[107.478573,-6.820278,0],[107.478456,-6.820021,0],[107.478233,-6.819921,0],[107.478054,-6.819815,0],[107.477741,-6.819658,0],[107.477535,-6.819463,0],[107.477468,-6.819312,0],[107.47749,-6.819185,0],[107.47753,-6.818965,0],[107.477181,-6.818649,0],[107.476885,-6.818662,0],[107.476786,-6.818629,0],[107.476522,-6.81834,0],[107.476397,-6.817898,0],[107.476121,-6.81778,0],[107.476024,-6.817595,0],[107.476137,-6.817596,0],[107.476731,-6.817583,0],[107.477445,-6.817558,0],[107.477628,-6.817502,0],[107.47783,-6.81744,0],[107.47867,-6.817147,0],[107.478828,-6.817116,0],[107.478992,-6.817128,0],[107.479188,-6.817147,0],[107.479384,-6.817217,0],[107.479662,-6.81735,0],[107.479997,-6.817583,0],[107.48035,-6.817817,0],[107.480597,-6.817994,0],[107.480904,-6.818151,0],[107.480919,-6.818158,0],[107.481645,-6.818057,0],[107.482214,-6.818354,0],[107.482586,-6.818455,0],[107.482789,-6.818455,0],[107.483395,-6.818038,0],[107.483625,-6.817774,0],[107.483692,-6.817697,0],[107.484058,-6.817545,0],[107.484134,-6.817513,0],[107.48445,-6.817381,0],[107.484715,-6.817261,0],[107.484892,-6.817211,0],[107.485657,-6.817258,0],[107.48569,-6.81726,0],[107.485711,-6.817256,0],[107.486166,-6.817256,0],[107.487388,-6.816997,0],[107.487606,-6.816913,0],[107.487609,-6.81691,0],[107.487633,-6.816889,0],[107.487843,-6.816704,0],[107.488088,-6.816425,0],[107.488119,-6.816391,0],[107.488422,-6.816145,0],[107.488644,-6.815986,0],[107.48918,-6.81582,0],[107.489181,-6.81582,0],[107.489295,-6.815781,0],[107.489599,-6.815676,0],[107.489615,-6.815671,0],[107.489655,-6.815652,0],[107.48983,-6.815569,0],[107.48987,-6.815534,0],[107.489881,-6.81553,0],[107.489976,-6.815472,0],[107.49021,-6.81533,0],[107.4904,-6.815183,0],[107.490422,-6.815166,0],[107.490523,-6.81509,0],[107.490759,-6.814935,0],[107.490903,-6.814882,0],[107.4911,-6.814868,0],[107.491365,-6.814847,0],[107.491584,-6.814779,0],[107.49176,-6.814676,0],[107.491801,-6.814631,0],[107.491876,-6.814548,0],[107.49188,-6.81454,0],[107.49198,-6.81439,0],[107.492001,-6.814371,0],[107.49211,-6.81427,0],[107.492116,-6.814261,0],[107.49227,-6.81414,0],[107.492688,-6.81396,0],[107.492696,-6.813951,0],[107.4927,-6.81395,0],[107.49272,-6.813921,0],[107.49275,-6.81388,0],[107.49283,-6.81371,0],[107.49301,-6.81328,0],[107.49309,-6.81296,0],[107.49318,-6.8124,0],[107.49323,-6.81219,0],[107.49333,-6.81197,0],[107.493336,-6.811964,0],[107.49344,-6.81186,0],[107.49389,-6.81154,0],[107.49402,-6.81142,0],[107.4945,-6.81107,0],[107.49453,-6.811,0],[107.49466,-6.81082,0],[107.49478,-6.81061,0],[107.49496,-6.81029,0],[107.49516,-6.81019,0],[107.49535,-6.81014,0],[107.49553,-6.81009,0],[107.49598,-6.8099,0],[107.496029,-6.80987,0],[107.496153,-6.809793,0],[107.496375,-6.809664,0],[107.496504,-6.809584,0],[107.496756,-6.809456,0],[107.496872,-6.809396,0],[107.497045,-6.809371,0],[107.497071,-6.809358,0],[107.497483,-6.809138,0],[107.497572,-6.809073,0],[107.49781,-6.8089,0],[107.498,-6.80875,0],[107.49809,-6.8085,0],[107.49816,-6.80798,0],[107.498183,-6.807584,0],[107.4982,-6.80728,0],[107.49821,-6.80644,0],[107.49821,-6.80574,0],[107.49821,-6.805732,0],[107.49826,-6.80464,0],[107.498217,-6.804348,0],[107.497981,-6.804236,0],[107.49737,-6.80355,0],[107.49678,-6.80298,0],[107.496576,-6.802709,0],[107.49629,-6.80233,0],[107.49598,-6.80197,0],[107.49554,-6.80154,0],[107.49522,-6.80122,0],[107.49478,-6.80099,0],[107.49429,-6.800824,0],[107.49425,-6.80081,0],[107.49368,-6.8006,0],[107.49336,-6.80045,0],[107.49271,-6.80007,0],[107.492,-6.79964,0],[107.49145,-6.79927,0],[107.490948,-6.799052,0],[107.490918,-6.799116,0],[107.490586,-6.79839,0],[107.491232,-6.797819,0],[107.491779,-6.797444,0],[107.493164,-6.796394,0],[107.493505,-6.795812,0],[107.493566,-6.795758,0],[107.49355,-6.795736,0],[107.493557,-6.795722,0],[107.49363,-6.79525,0],[107.493554,-6.794953,0],[107.49313,-6.794682,0],[107.493103,-6.79431,0],[107.492804,-6.794088,0],[107.492581,-6.794089,0],[107.492317,-6.794003,0],[107.492033,-6.793602,0],[107.491982,-6.793496,0],[107.491861,-6.792888,0],[107.491902,-6.792018,0],[107.491774,-6.791276,0],[107.491654,-6.791221,0],[107.491472,-6.790992,0],[107.49116,-6.790994,0],[107.490844,-6.790849,0],[107.490542,-6.7908,0],[107.490503,-6.790774,0],[107.490439,-6.790783,0],[107.48973,-6.790669,0],[107.489148,-6.790451,0],[107.488563,-6.790138,0],[107.488223,-6.790106,0],[107.487934,-6.789998,0],[107.487517,-6.790139,0],[107.486751,-6.790322,0],[107.485925,-6.790503,0],[107.48571,-6.790504,0],[107.485492,-6.790598,0],[107.485362,-6.790626,0],[107.484693,-6.790928,0],[107.484024,-6.79108,0],[107.483182,-6.79168,0],[107.483157,-6.791705,0],[107.483057,-6.791754,0],[107.482682,-6.792154,0],[107.481996,-6.792803,0],[107.481783,-6.793075,0],[107.481581,-6.793245,0],[107.480841,-6.793743,0],[107.480164,-6.794303,0],[107.47967,-6.794553,0],[107.478931,-6.795051,0],[107.478315,-6.795487,0],[107.477637,-6.795985,0],[107.477083,-6.796544,0],[107.476408,-6.797475,0],[107.475546,-6.798159,0],[107.47487,-6.79842,0],[107.47427,-6.79846,0],[107.47371,-6.7985,0],[107.472931,-6.798593,0],[107.47262,-6.79863,0],[107.4716,-6.79873,0],[107.47061,-6.79876,0],[107.4699,-6.79874,0],[107.46931,-6.79871,0],[107.469362,-6.798594,0],[107.46943,-6.79844,0],[107.46961,-6.79806,0],[107.47004,-6.79732,0],[107.47015,-6.79697,0],[107.47031,-6.796422,0],[107.47043,-6.79601,0],[107.47058,-6.79576,0],[107.47083,-6.79551,0],[107.47122,-6.79524,0],[107.47132,-6.79497,0],[107.47139,-6.79478,0],[107.47143,-6.79454,0],[107.47137,-6.7941,0],[107.47128,-6.79372,0],[107.47118,-6.79352,0],[107.47125,-6.79345,0],[107.47135,-6.79335,0],[107.4714,-6.79326,0],[107.47156,-6.79303,0],[107.47166,-6.79278,0],[107.47171,-6.79261,0],[107.47184,-6.79247,0],[107.4718,-6.79221,0],[107.47183,-6.79215,0],[107.47195,-6.79205,0],[107.47175,-6.79161,0],[107.47173,-6.79153,0],[107.47166,-6.79137,0],[107.47137,-6.79074,0],[107.471,-6.78997,0],[107.470629,-6.789926,0],[107.47049,-6.78991,0],[107.46911,-6.78988,0],[107.46885,-6.78983,0],[107.4687,-6.78974,0],[107.46858,-6.78959,0],[107.46846,-6.7894,0],[107.46819,-6.78884,0],[107.46794,-6.78838,0],[107.46785,-6.78817,0],[107.46781,-6.78811,0],[107.46773,-6.78797,0],[107.4675,-6.78777,0],[107.46721,-6.78748,0],[107.46704,-6.78727,0],[107.46681,-6.78688,0],[107.46662,-6.78663,0],[107.466497,-6.78653,0],[107.46646,-6.7865,0],[107.46566,-6.78559,0],[107.46532,-6.78506,0],[107.46514,-6.78473,0],[107.464897,-6.784235,0],[107.464813,-6.78426,0],[107.464703,-6.78441,0],[107.464685,-6.784496,0],[107.464685,-6.784664,0],[107.464472,-6.784864,0],[107.46428,-6.785,0],[107.464113,-6.785087,0],[107.463854,-6.785146,0],[107.463699,-6.785078,0],[107.463558,-6.784819,0],[107.463454,-6.784751,0],[107.463372,-6.784742,0],[107.463254,-6.784814,0],[107.46317,-6.7849,0],[107.463086,-6.784928,0],[107.462995,-6.785005,0],[107.46269,-6.785023,0],[107.462472,-6.784992,0],[107.462268,-6.784954,0],[107.462163,-6.78491,0],[107.462072,-6.784937,0],[107.461986,-6.785023,0],[107.461941,-6.785196,0],[107.461918,-6.785305,0],[107.461827,-6.785487,0],[107.461784,-6.785546,0],[107.46173,-6.78562,0],[107.461627,-6.785746,0],[107.461477,-6.7858,0],[107.461423,-6.7861,0],[107.461309,-6.786259,0],[107.461141,-6.786368,0],[107.460718,-6.786482,0],[107.460523,-6.786582,0],[107.460446,-6.786736,0],[107.460328,-6.786836,0],[107.460273,-6.786841,0],[107.460178,-6.78685,0],[107.459964,-6.786936,0],[107.459887,-6.787064,0],[107.4598,-6.787241,0],[107.459723,-6.787327,0],[107.459696,-6.787591,0],[107.459579,-6.787832,0],[107.459514,-6.788181,0],[107.459351,-6.788277,0],[107.45921,-6.788327,0],[107.459142,-6.78844,0],[107.459164,-6.788636,0],[107.459178,-6.788867,0],[107.459002,-6.788994,0],[107.458754,-6.789175,0],[107.457647,-6.789748,0],[107.457301,-6.790074,0],[107.457129,-6.790113,0],[107.45698,-6.79022,0],[107.456276,-6.790989,0],[107.456133,-6.791418,0],[107.455848,-6.791513,0],[107.455443,-6.791656,0],[107.455229,-6.791775,0],[107.455058,-6.792117,0],[107.454896,-6.792222,0],[107.454601,-6.792279,0],[107.45441,-6.792231,0],[107.454296,-6.792279,0],[107.454115,-6.792546,0],[107.453982,-6.79286,0],[107.453811,-6.792964,0],[107.453487,-6.792907,0],[107.453297,-6.792745,0],[107.453002,-6.792841,0],[107.452821,-6.793164,0],[107.45264,-6.793554,0],[107.45265,-6.793821,0],[107.452726,-6.793888,0],[107.452907,-6.793973,0],[107.453106,-6.793992,0],[107.453373,-6.79403,0],[107.453497,-6.794202,0],[107.453468,-6.794449,0],[107.453344,-6.794554,0],[107.453135,-6.794678,0],[107.452973,-6.794811,0],[107.452802,-6.795039,0],[107.452849,-6.795372,0],[107.452783,-6.795544,0],[107.452612,-6.795715,0],[107.45245,-6.795772,0],[107.452326,-6.796058,0],[107.452278,-6.796267,0],[107.451945,-6.796305,0],[107.451698,-6.796324,0],[107.45145,-6.796457,0],[107.45145,-6.796695,0],[107.451412,-6.796905,0],[107.451289,-6.797124,0],[107.451136,-6.797333,0],[107.450917,-6.797428,0],[107.450613,-6.797561,0],[107.450384,-6.797723,0],[107.45007,-6.797942,0],[107.449775,-6.798066,0],[107.449594,-6.79799,0],[107.449356,-6.797904,0],[107.449157,-6.79778,0],[107.448881,-6.79778,0],[107.448557,-6.797818,0],[107.448243,-6.797752,0],[107.448072,-6.797908,0],[107.447972,-6.798094,0],[107.447429,-6.798294,0],[107.446794,-6.79805,0],[107.44662,-6.79825,0],[107.44654,-6.79838,0],[107.44644,-6.79901,0],[107.44642,-6.79914,0],[107.44635,-6.79922,0],[107.44615,-6.79923,0],[107.446017,-6.799253,0],[107.445836,-6.799657,0],[107.445764,-6.799829,0],[107.44575,-6.800128,0],[107.445907,-6.800528,0],[107.446078,-6.800828,0],[107.445921,-6.801085,0],[107.445807,-6.80137,0],[107.445807,-6.802527,0],[107.445778,-6.80277,0],[107.445807,-6.803512,0],[107.445921,-6.804055,0],[107.446349,-6.804526,0],[107.446921,-6.805154,0],[107.44746,-6.80515,0],[107.44775,-6.80513,0],[107.44809,-6.80545,0],[107.448188,-6.805558,0],[107.44858,-6.80599,0],[107.44884,-6.80635,0],[107.448855,-6.806374,0],[107.448868,-6.806396,0],[107.448992,-6.806595,0],[107.44918,-6.8069,0],[107.449234,-6.806994,0],[107.4494,-6.80728,0],[107.4506,-6.80851,0],[107.45117,-6.80924,0],[107.45152,-6.80987,0],[107.45199,-6.81111,0],[107.45235,-6.81226,0],[107.45266,-6.81309,0],[107.45304,-6.81418,0],[107.45332,-6.81505,0],[107.4536,-6.81612,0],[107.45372,-6.81669,0],[107.4538,-6.81707,0],[107.4539,-6.81741,0],[107.45405,-6.81793,0],[107.454056,-6.817985,0],[107.45407,-6.81813,0],[107.45408,-6.81845,0],[107.45408,-6.81871,0],[107.45403,-6.81895,0],[107.45387,-6.81917,0],[107.45372,-6.81951,0],[107.45365,-6.81972,0],[107.45356,-6.81981,0],[107.45331,-6.8198,0],[107.45311,-6.81985,0],[107.45302,-6.81993,0],[107.45299,-6.8201,0],[107.45256,-6.82093,0],[107.45217,-6.82136,0],[107.45156,-6.82211,0],[107.451268,-6.822541,0],[107.45108,-6.82282,0],[107.45073,-6.82363,0],[107.45064,-6.82424,0],[107.45068,-6.824387,0],[107.45075,-6.82464,0],[107.45102,-6.82538,0],[107.45136,-6.82606,0],[107.45186,-6.82687,0],[107.45235,-6.82761,0],[107.45283,-6.82829,0],[107.45303,-6.82878,0],[107.45312,-6.82918,0],[107.45314,-6.82945,0],[107.453086,-6.829765,0],[107.45307,-6.82986,0],[107.45285,-6.83045,0],[107.452661,-6.830783,0],[107.452572,-6.830998,0],[107.452416,-6.830931,0],[107.452206,-6.831071,0],[107.452054,-6.83134,0],[107.452008,-6.831646,0],[107.452057,-6.831928,0],[107.45208,-6.832194,0],[107.451845,-6.83273,0],[107.451777,-6.832787,0],[107.451624,-6.832806,0],[107.45158,-6.832812,0],[107.451421,-6.832879,0],[107.451395,-6.832891,0],[107.451222,-6.832982,0],[107.450995,-6.833034,0],[107.450867,-6.833012,0],[107.45072,-6.832994,0],[107.450635,-6.833012,0],[107.450471,-6.833169,0],[107.450462,-6.833177,0],[107.450282,-6.833356,0],[107.450248,-6.833397,0],[107.450247,-6.833398,0],[107.450199,-6.833456,0],[107.450087,-6.833595,0],[107.449978,-6.833647,0],[107.449843,-6.833655,0],[107.449782,-6.833658,0],[107.449471,-6.833733,0],[107.449358,-6.833805,0],[107.449285,-6.833851,0],[107.449196,-6.833901,0],[107.449025,-6.833947,0],[107.448843,-6.833979,0],[107.4487,-6.834097,0],[107.448504,-6.834126,0],[107.448291,-6.834424,0],[107.448202,-6.834431,0],[107.447947,-6.83445,0],[107.447826,-6.834525,0],[107.447726,-6.8346,0],[107.447465,-6.834786,0],[107.447322,-6.834829,0],[107.447115,-6.834875,0],[107.446973,-6.8349,0],[107.446841,-6.83495,0],[107.446687,-6.835018,0],[107.446503,-6.835135,0],[107.446255,-6.835253,0],[107.446062,-6.83545,0],[107.44598,-6.835496,0],[107.44587,-6.835496,0],[107.445723,-6.835421,0],[107.445506,-6.835196,0],[107.445445,-6.835136,0],[107.445327,-6.83515,0],[107.445264,-6.835288,0],[107.445252,-6.835416,0],[107.445132,-6.835591,0],[107.445005,-6.835798,0],[107.444973,-6.835898,0],[107.444977,-6.836041,0],[107.444885,-6.83634,0],[107.444826,-6.836399,0],[107.44475,-6.836399,0],[107.444682,-6.83638,0],[107.444623,-6.836312,0],[107.444527,-6.83636,0],[107.444376,-6.836447,0],[107.444081,-6.836467,0],[107.44389,-6.836427,0],[107.443746,-6.836443,0],[107.443704,-6.836454,0],[107.44318,-6.83659,0],[107.442807,-6.836617,0],[107.44249,-6.83664,0],[107.44191,-6.83658,0],[107.44184,-6.83657,0],[107.441802,-6.836567,0],[107.44131,-6.83653,0],[107.44072,-6.83653,0],[107.44002,-6.83674,0],[107.43985,-6.83688,0],[107.43975,-6.83702,0],[107.43974,-6.83719,0],[107.438202,-6.838113,0],[107.435507,-6.838835,0],[107.435775,-6.846334,0],[107.437572,-6.845883,0],[107.43935,-6.84616,0],[107.43929,-6.84663,0],[107.43934,-6.84724,0],[107.43941,-6.84769,0],[107.43965,-6.84807,0],[107.44011,-6.84857,0],[107.440603,-6.848874,0],[107.440765,-6.848974,0],[107.44126,-6.84928,0],[107.44207,-6.84957,0],[107.443231,-6.849874,0],[107.44371,-6.85,0],[107.443838,-6.850061,0],[107.444037,-6.850352,0],[107.444133,-6.850503,0],[107.44423,-6.85073,0],[107.44438,-6.850886,0],[107.444563,-6.851001,0],[107.4447,-6.85105,0],[107.444776,-6.851084,0],[107.444913,-6.851081,0],[107.444993,-6.851126,0],[107.445112,-6.851168,0],[107.445211,-6.851233,0],[107.445248,-6.851296,0],[107.445256,-6.851344,0],[107.4453,-6.851372,0],[107.445367,-6.851364,0],[107.445455,-6.851427,0],[107.44564,-6.85148,0],[107.44573,-6.851523,0],[107.445794,-6.851563,0],[107.445801,-6.851642,0],[107.445825,-6.851726,0],[107.445805,-6.851869,0],[107.445901,-6.851893,0],[107.445925,-6.85218,0],[107.445981,-6.85228,0],[107.44606,-6.852297,0],[107.446144,-6.852268,0],[107.44622,-6.852212,0],[107.44663,-6.85246,0],[107.44695,-6.85263,0],[107.44715,-6.85289,0],[107.447164,-6.853009,0],[107.447213,-6.853066,0],[107.447263,-6.853124,0],[107.447383,-6.853212,0],[107.447427,-6.853291,0],[107.447578,-6.853383,0],[107.44767,-6.853498,0],[107.44765,-6.853674,0],[107.44766,-6.85396,0],[107.44769,-6.85412,0],[107.447793,-6.854275,0],[107.447829,-6.854387,0],[107.447905,-6.854458,0],[107.448024,-6.854438,0],[107.448076,-6.854478,0],[107.448076,-6.854673,0],[107.448112,-6.854757,0],[107.448215,-6.8549,0],[107.448219,-6.85506,0],[107.448291,-6.855163,0],[107.448295,-6.855263,0],[107.448301,-6.855304,0],[107.448331,-6.855351,0],[107.448311,-6.85545,0],[107.448231,-6.855518,0],[107.448263,-6.855805,0],[107.448343,-6.856183,0],[107.448379,-6.856235,0],[107.44847,-6.856322,0],[107.448498,-6.856382,0],[107.448506,-6.856462,0],[107.448465,-6.856527,0],[107.448394,-6.856561,0],[107.448259,-6.856661,0],[107.448231,-6.856956,0],[107.448223,-6.857083,0],[107.448283,-6.857246,0],[107.448335,-6.857338,0],[107.448534,-6.857529,0],[107.448613,-6.857629,0],[107.448757,-6.858059,0],[107.448809,-6.858278,0],[107.448892,-6.858541,0],[107.448944,-6.85868,0],[107.448952,-6.85872,0],[107.44892,-6.858732,0],[107.448845,-6.858728,0],[107.448693,-6.858736,0],[107.448708,-6.858801,0],[107.44867,-6.85887,0],[107.448641,-6.858923,0],[107.448653,-6.859118,0],[107.448729,-6.859246,0],[107.448777,-6.859401,0],[107.448797,-6.859521,0],[107.448777,-6.859676,0],[107.448741,-6.85972,0],[107.448737,-6.85978,0],[107.448789,-6.859871,0],[107.448932,-6.859951,0],[107.448996,-6.86005,0],[107.449271,-6.86025,0],[107.449561,-6.860218,0],[107.449615,-6.860179,0],[107.449816,-6.860206,0],[107.449888,-6.86017,0],[107.450047,-6.860182,0],[107.450123,-6.860281,0],[107.45024,-6.86039,0],[107.450474,-6.860333,0],[107.450836,-6.860254,0],[107.45092,-6.860142,0],[107.451175,-6.86015,0],[107.451197,-6.860168,0],[107.451318,-6.860262,0],[107.451401,-6.860246,0],[107.451497,-6.860274,0],[107.451553,-6.860329,0],[107.451641,-6.860222,0],[107.451736,-6.860178,0],[107.451872,-6.86015,0],[107.452055,-6.860078,0],[107.452268,-6.860032,0],[107.452304,-6.860023,0],[107.452412,-6.860023,0],[107.45262,-6.860062,0],[107.452768,-6.860102,0],[107.452882,-6.860106,0],[107.452979,-6.860098,0],[107.453106,-6.860058,0],[107.453182,-6.860027,0],[107.453202,-6.859899,0],[107.453185,-6.859786,0],[107.453222,-6.859671,0],[107.453306,-6.859553,0],[107.453397,-6.859569,0],[107.453489,-6.859557,0],[107.45362,-6.859481,0],[107.453624,-6.859405,0],[107.45359,-6.859332,0],[107.453556,-6.859258,0],[107.453513,-6.859204,0],[107.453457,-6.859142,0],[107.453456,-6.859094,0],[107.45349,-6.859068,0],[107.453551,-6.859071,0],[107.45362,-6.859103,0],[107.453811,-6.859162,0],[107.453859,-6.859222,0],[107.453885,-6.859307,0],[107.453928,-6.859325,0],[107.454009,-6.859307,0],[107.454058,-6.859314,0],[107.454198,-6.85933,0],[107.454357,-6.859409,0],[107.454484,-6.859437,0],[107.454577,-6.859429,0],[107.45464,-6.859409,0],[107.454724,-6.859388,0],[107.454791,-6.859339,0],[107.454929,-6.85931,0],[107.455002,-6.859266,0],[107.455163,-6.859285,0],[107.455205,-6.85929,0],[107.455588,-6.859357,0],[107.456038,-6.859501,0],[107.456267,-6.859444,0],[107.45639,-6.859544,0],[107.456589,-6.859643,0],[107.456736,-6.859737,0],[107.45678,-6.859766,0],[107.456922,-6.859739,0],[107.457018,-6.859712,0],[107.45714,-6.85972,0],[107.457377,-6.859582,0],[107.457401,-6.859569,0],[107.457768,-6.859367,0],[107.457791,-6.859122,0],[107.45786,-6.858877,0],[107.45786,-6.858678,0],[107.457944,-6.858472,0],[107.458051,-6.85838,0],[107.458235,-6.858334,0],[107.458442,-6.85838,0],[107.458541,-6.858459,0],[107.458595,-6.858502,0],[107.45872,-6.85875,0],[107.458824,-6.858832,0],[107.459115,-6.858824,0],[107.459429,-6.858701,0],[107.459598,-6.858663,0],[107.459674,-6.858686,0],[107.459697,-6.858847,0],[107.459613,-6.859046,0],[107.459759,-6.859214,0],[107.459965,-6.859459,0],[107.459988,-6.859681,0],[107.460011,-6.859896,0],[107.460348,-6.860225,0],[107.460448,-6.860347,0],[107.460443,-6.860398,0],[107.460432,-6.860516,0],[107.46016,-6.86086,0],[107.46011,-6.86107,0],[107.460112,-6.861073,0],[107.460149,-6.861179,0],[107.460218,-6.86126,0],[107.460325,-6.86139,0],[107.460358,-6.861504,0],[107.460355,-6.861622,0],[107.460319,-6.861745,0],[107.460286,-6.861897,0],[107.460294,-6.862051,0],[107.460346,-6.862527,0],[107.460338,-6.862869,0],[107.46031,-6.863113,0],[107.460184,-6.863398,0],[107.460058,-6.863574,0],[107.459786,-6.86381,0],[107.459474,-6.864125,0],[107.459348,-6.864379,0],[107.45936,-6.864692,0],[107.459461,-6.865405,0],[107.459617,-6.866361,0],[107.459578,-6.866817,0],[107.459519,-6.867357,0],[107.459584,-6.867937,0],[107.459731,-6.868392,0],[107.459734,-6.868848,0],[107.459694,-6.869284,0],[107.459884,-6.869884,0],[107.460305,-6.870939,0],[107.460309,-6.871727,0],[107.460189,-6.87264,0],[107.460091,-6.873698,0],[107.460096,-6.874796,0],[107.460202,-6.875962,0],[107.459534,-6.876487,0],[107.458747,-6.876997,0],[107.457929,-6.877285,0],[107.457049,-6.877304,0],[107.456125,-6.877309,0],[107.455723,-6.877385,0],[107.455352,-6.877715,0],[107.455086,-6.878104,0],[107.454657,-6.878746,0],[107.454211,-6.879062,0],[107.453765,-6.879287,0],[107.453202,-6.879827,0],[107.452638,-6.88044,0],[107.452763,-6.881455,0],[107.452954,-6.881983,0],[107.453335,-6.882547,0],[107.453754,-6.883263,0],[107.453833,-6.883867,0],[107.453799,-6.884546,0],[107.453538,-6.88519,0],[107.453465,-6.885832,0],[107.454791,-6.885642,0],[107.458851,-6.884043,0],[107.462526,-6.882254,0],[107.466254,-6.881183,0],[107.468167,-6.881125,0],[107.470941,-6.88068,0],[107.472179,-6.879574,0],[107.472508,-6.878424,0],[107.473175,-6.877895,0],[107.474083,-6.877508,0],[107.475422,-6.877405,0],[107.475993,-6.876685,0],[107.476518,-6.876491,0],[107.47743,-6.87706,0],[107.477956,-6.876961,0],[107.478553,-6.876729,0],[107.478546,-6.877444,0],[107.478338,-6.878151,0],[107.478094,-6.878682,0],[107.477743,-6.879178,0],[107.477358,-6.879674,0],[107.477009,-6.880487,0],[107.47666,-6.881265,0],[107.476135,-6.88215,0],[107.475538,-6.882929,0],[107.475012,-6.883603,0],[107.47394,-6.884471,0],[107.474225,-6.885115,0],[107.474552,-6.885814,0],[107.474789,-6.88615,0],[107.475216,-6.88631,0],[107.475966,-6.886497,0],[107.477172,-6.88674,0],[107.477967,-6.887,0],[107.478379,-6.887233,0],[107.479249,-6.887757,0],[107.480043,-6.888002,0],[107.48053,-6.888308,0],[107.480655,-6.888471,0],[107.480899,-6.888891,0],[107.481066,-6.889272,0],[107.481256,-6.889605,0],[107.481542,-6.889985,0],[107.481875,-6.890556,0],[107.482232,-6.890842,0],[107.482517,-6.891104,0],[107.482874,-6.891365,0],[107.483255,-6.891437,0],[107.483612,-6.891437,0],[107.483992,-6.891104,0],[107.484254,-6.890675,0],[107.484801,-6.890295,0],[107.485277,-6.890128,0],[107.485563,-6.889724,0],[107.486158,-6.889367,0],[107.486634,-6.889105,0],[107.486935,-6.888887,0],[107.487192,-6.888645,0],[107.48732,-6.888373,0],[107.487577,-6.888131,0],[107.487777,-6.888102,0],[107.488277,-6.888102,0],[107.488619,-6.888073,0],[107.488833,-6.888059,0],[107.489176,-6.887945,0],[107.48929,-6.887931,0],[107.48949,-6.888288,0],[107.489704,-6.888616,0],[107.489933,-6.88883,0],[107.490147,-6.888959,0],[107.49049,-6.889144,0],[107.490719,-6.888716,0],[107.491475,-6.888916,0],[107.492589,-6.889587,0],[107.493303,-6.889829,0],[107.494273,-6.890158,0],[107.494202,-6.890315,0],[107.495758,-6.890757,0],[107.49917,-6.888002,0],[107.500127,-6.888002,0],[107.501298,-6.888273,0],[107.503319,-6.888051,0],[107.50874,-6.88863,0],[107.50902,-6.88882,0],[107.50937,-6.88897,0],[107.50973,-6.88907,0],[107.51022,-6.88915,0],[107.510502,-6.889227,0],[107.51055,-6.88924,0],[107.51082,-6.8893,0],[107.5111,-6.88932,0],[107.51177,-6.88932,0],[107.511939,-6.889386,0],[107.511936,-6.889361,0],[107.511944,-6.889289,0],[107.512051,-6.889061,0],[107.512294,-6.888411,0],[107.512413,-6.887917,0],[107.512647,-6.887214,0],[107.512768,-6.886849,0],[107.513299,-6.885249,0],[107.51347,-6.884947,0],[107.513813,-6.884673,0],[107.514086,-6.884628,0],[107.514487,-6.884583,0],[107.514774,-6.884496,0],[107.515103,-6.884264,0],[107.515331,-6.884048,0],[107.51576,-6.883644,0],[107.51607,-6.883143,0],[107.516379,-6.882115,0],[107.516405,-6.882077,0],[107.516479,-6.88197,0],[107.516492,-6.881952,0],[107.516525,-6.881877,0],[107.516564,-6.881814,0],[107.516651,-6.8817,0],[107.516708,-6.881655,0],[107.516775,-6.881591,0],[107.516803,-6.881565,0],[107.516887,-6.881499,0],[107.516895,-6.88149,0],[107.51697,-6.881412,0],[107.517027,-6.881331,0],[107.517082,-6.881261,0],[107.517088,-6.881254,0],[107.517122,-6.881208,0],[107.517187,-6.881131,0],[107.517224,-6.881074,0],[107.517281,-6.88099,0],[107.517479,-6.880904,0],[107.517592,-6.880849,0],[107.517741,-6.880777,0],[107.517837,-6.880705,0],[107.517884,-6.880678,0],[107.517956,-6.880638,0],[107.518105,-6.880548,0],[107.518242,-6.880481,0],[107.518439,-6.880349,0],[107.518927,-6.880011,0],[107.518952,-6.879986,0],[107.519198,-6.879735,0],[107.519529,-6.879405,0],[107.519677,-6.879258,0],[107.51979,-6.879137,0],[107.51982,-6.879018,0],[107.519885,-6.878762,0],[107.519921,-6.878636,0],[107.519956,-6.878512,0],[107.519973,-6.878432,0],[107.519986,-6.878367,0],[107.520009,-6.878249,0],[107.520039,-6.8781,0],[107.520058,-6.877824,0],[107.520066,-6.877698,0],[107.520061,-6.877612,0],[107.520007,-6.877386,0],[107.519986,-6.877297,0],[107.519947,-6.877136,0],[107.519897,-6.876849,0],[107.519876,-6.876656,0],[107.519841,-6.876507,0],[107.519831,-6.876466,0],[107.519795,-6.876386,0],[107.519693,-6.876135,0],[107.519635,-6.875944,0],[107.519618,-6.875876,0],[107.519612,-6.875833,0],[107.519616,-6.875774,0],[107.519673,-6.875719,0]]]]},"properties":{"kd_propinsi":"32","kd_dati2":"17","kd_kecamatan":"008","nm_kecamatan":"Padalarang"}},{"type":"Feature","geometry":{"type":"MultiPolygon","coordinates":[[[[107.524809,-6.924849,0],[107.52481,-6.924847,0],[107.525401,-6.92232,0],[107.525659,-6.921212,0],[107.525534,-6.921083,0],[107.525466,-6.921012,0],[107.525177,-6.920808,0],[107.52505,-6.92075,0],[107.52479,-6.92063,0],[107.52467,-6.92057,0],[107.52456,-6.92048,0],[107.52437,-6.92033,0],[107.52427,-6.92029,0],[107.524078,-6.920272,0],[107.523795,-6.92013,0],[107.523655,-6.920064,0],[107.523552,-6.920016,0],[107.523373,-6.919919,0],[107.523324,-6.919844,0],[107.523245,-6.919787,0],[107.523159,-6.91973,0],[107.522881,-6.919637,0],[107.522317,-6.919544,0],[107.521753,-6.91938,0],[107.521549,-6.919213,0],[107.521158,-6.918977,0],[107.520997,-6.918905,0],[107.520542,-6.918741,0],[107.520388,-6.918729,0],[107.520187,-6.918662,0],[107.5198,-6.918631,0],[107.519565,-6.918692,0],[107.519464,-6.91871,0],[107.519338,-6.918729,0],[107.519219,-6.918765,0],[107.51913,-6.918832,0],[107.51901,-6.91888,0],[107.518983,-6.918824,0],[107.51895,-6.918758,0],[107.518901,-6.918593,0],[107.518875,-6.918505,0],[107.518816,-6.918308,0],[107.518749,-6.918083,0],[107.518681,-6.917854,0],[107.51867,-6.917726,0],[107.518658,-6.917567,0],[107.518648,-6.917496,0],[107.518477,-6.917539,0],[107.518314,-6.917575,0],[107.518294,-6.917576,0],[107.51811,-6.917585,0],[107.518084,-6.917576,0],[107.518082,-6.917578,0],[107.517982,-6.917444,0],[107.517925,-6.917336,0],[107.517904,-6.917229,0],[107.517904,-6.917101,0],[107.517918,-6.916987,0],[107.517946,-6.916901,0],[107.518003,-6.916837,0],[107.518146,-6.916822,0],[107.518296,-6.916801,0],[107.518339,-6.916751,0],[107.518346,-6.916673,0],[107.518303,-6.916544,0],[107.518225,-6.916451,0],[107.518125,-6.91633,0],[107.517917,-6.916083,0],[107.517806,-6.915972,0],[107.517682,-6.915845,0],[107.517625,-6.915723,0],[107.517583,-6.915583,0],[107.517552,-6.915469,0],[107.517518,-6.915345,0],[107.517458,-6.915159,0],[107.517389,-6.915,0],[107.51729,-6.914824,0],[107.517183,-6.914674,0],[107.51704,-6.914495,0],[107.516633,-6.914088,0],[107.516444,-6.913889,0],[107.516392,-6.913815,0],[107.515753,-6.912907,0],[107.51567,-6.912693,0],[107.51567,-6.912502,0],[107.515763,-6.912349,0],[107.515881,-6.912211,0],[107.516253,-6.911777,0],[107.516479,-6.911634,0],[107.516745,-6.91153,0],[107.516926,-6.911484,0],[107.517118,-6.91149,0],[107.517283,-6.911462,0],[107.517418,-6.911434,0],[107.517572,-6.911373,0],[107.517686,-6.911319,0],[107.518219,-6.911014,0],[107.518314,-6.910891,0],[107.518367,-6.91077,0],[107.518362,-6.910529,0],[107.518333,-6.910358,0],[107.518319,-6.91017,0],[107.518376,-6.909902,0],[107.518423,-6.909741,0],[107.518491,-6.90963,0],[107.518612,-6.909527,0],[107.518797,-6.909323,0],[107.519031,-6.909087,0],[107.519025,-6.909021,0],[107.518789,-6.908974,0],[107.518483,-6.90886,0],[107.518337,-6.908744,0],[107.518048,-6.908433,0],[107.517891,-6.908333,0],[107.517595,-6.908338,0],[107.517452,-6.908414,0],[107.517309,-6.9085,0],[107.517109,-6.908576,0],[107.516909,-6.908643,0],[107.51669,-6.908681,0],[107.516529,-6.908671,0],[107.516319,-6.908643,0],[107.516176,-6.908567,0],[107.516129,-6.908452,0],[107.51611,-6.908357,0],[107.5161,-6.908195,0],[107.516034,-6.908072,0],[107.515977,-6.907977,0],[107.5159,-6.907891,0],[107.515862,-6.907767,0],[107.515862,-6.907615,0],[107.5159,-6.907463,0],[107.515957,-6.907367,0],[107.516053,-6.90731,0],[107.516157,-6.90732,0],[107.516243,-6.90731,0],[107.516329,-6.907196,0],[107.516416,-6.90703,0],[107.516175,-6.906681,0],[107.516175,-6.906679,0],[107.516467,-6.906498,0],[107.516714,-6.90636,0],[107.516712,-6.906351,0],[107.516686,-6.906254,0],[107.516579,-6.905856,0],[107.516532,-6.905698,0],[107.516446,-6.905409,0],[107.516357,-6.905278,0],[107.516265,-6.905235,0],[107.516172,-6.905214,0],[107.516043,-6.905206,0],[107.515779,-6.905171,0],[107.515536,-6.905056,0],[107.515287,-6.904835,0],[107.515001,-6.9046,0],[107.514891,-6.904434,0],[107.51473,-6.90419,0],[107.514728,-6.904187,0],[107.51469,-6.904126,0],[107.514553,-6.903907,0],[107.514374,-6.903684,0],[107.514366,-6.903675,0],[107.514317,-6.90363,0],[107.51413,-6.903457,0],[107.513755,-6.903249,0],[107.513749,-6.903246,0],[107.513628,-6.903205,0],[107.513432,-6.903109,0],[107.5134,-6.903094,0],[107.513309,-6.903049,0],[107.513298,-6.903043,0],[107.513262,-6.903021,0],[107.512964,-6.902958,0],[107.512871,-6.902912,0],[107.512829,-6.902892,0],[107.51271,-6.90283,0],[107.512624,-6.902797,0],[107.512603,-6.902789,0],[107.512561,-6.902771,0],[107.512526,-6.902756,0],[107.512424,-6.902729,0],[107.512421,-6.902729,0],[107.512395,-6.902725,0],[107.512329,-6.902714,0],[107.512305,-6.902709,0],[107.512299,-6.902708,0],[107.512299,-6.902708,0],[107.512139,-6.902637,0],[107.512017,-6.902465,0],[107.511933,-6.902156,0],[107.51182,-6.901959,0],[107.511743,-6.901906,0],[107.511664,-6.901854,0],[107.511639,-6.901838,0],[107.511624,-6.901828,0],[107.511279,-6.901596,0],[107.511095,-6.901442,0],[107.510976,-6.901305,0],[107.510888,-6.901201,0],[107.510885,-6.901198,0],[107.510903,-6.901005,0],[107.510898,-6.900791,0],[107.510887,-6.900682,0],[107.51086,-6.90041,0],[107.510845,-6.900323,0],[107.510827,-6.900219,0],[107.510724,-6.899953,0],[107.510662,-6.899821,0],[107.510596,-6.899682,0],[107.510539,-6.899482,0],[107.510499,-6.899342,0],[107.510474,-6.899253,0],[107.510353,-6.898675,0],[107.510351,-6.898662,0],[107.510325,-6.898468,0],[107.510319,-6.898184,0],[107.510535,-6.897155,0],[107.510589,-6.896941,0],[107.510775,-6.896197,0],[107.510746,-6.896094,0],[107.510789,-6.895827,0],[107.510865,-6.895838,0],[107.510935,-6.895848,0],[107.510943,-6.895815,0],[107.510999,-6.895584,0],[107.511024,-6.895498,0],[107.511076,-6.895349,0],[107.511121,-6.895322,0],[107.511179,-6.89523,0],[107.511227,-6.895073,0],[107.511537,-6.89485,0],[107.511744,-6.894615,0],[107.511933,-6.89421,0],[107.512086,-6.893965,0],[107.512215,-6.893644,0],[107.512343,-6.893251,0],[107.512386,-6.89303,0],[107.512393,-6.892844,0],[107.512372,-6.89263,0],[107.5123,-6.892223,0],[107.512258,-6.891995,0],[107.512236,-6.891852,0],[107.512215,-6.891574,0],[107.512215,-6.891402,0],[107.512215,-6.891124,0],[107.5122,-6.890938,0],[107.512129,-6.890496,0],[107.512058,-6.890146,0],[107.512022,-6.889925,0],[107.511958,-6.889559,0],[107.511944,-6.889439,0],[107.511939,-6.889386,0],[107.51177,-6.88932,0],[107.5111,-6.88932,0],[107.51082,-6.8893,0],[107.51055,-6.88924,0],[107.510502,-6.889227,0],[107.51022,-6.88915,0],[107.50973,-6.88907,0],[107.50937,-6.88897,0],[107.50902,-6.88882,0],[107.50874,-6.88863,0],[107.503319,-6.888051,0],[107.501298,-6.888273,0],[107.500127,-6.888002,0],[107.49917,-6.888002,0],[107.495758,-6.890757,0],[107.494202,-6.890315,0],[107.494273,-6.890158,0],[107.493303,-6.889829,0],[107.492589,-6.889587,0],[107.491475,-6.888916,0],[107.490719,-6.888716,0],[107.49049,-6.889144,0],[107.490147,-6.888959,0],[107.489933,-6.88883,0],[107.489704,-6.888616,0],[107.48949,-6.888288,0],[107.48929,-6.887931,0],[107.489176,-6.887945,0],[107.488833,-6.888059,0],[107.488619,-6.888073,0],[107.488277,-6.888102,0],[107.487777,-6.888102,0],[107.487577,-6.888131,0],[107.48732,-6.888373,0],[107.487192,-6.888645,0],[107.486935,-6.888887,0],[107.486634,-6.889105,0],[107.486158,-6.889367,0],[107.485563,-6.889724,0],[107.485277,-6.890128,0],[107.484801,-6.890295,0],[107.484254,-6.890675,0],[107.483992,-6.891104,0],[107.483612,-6.891437,0],[107.483255,-6.891437,0],[107.482874,-6.891365,0],[107.482517,-6.891104,0],[107.482232,-6.890842,0],[107.481875,-6.890556,0],[107.481542,-6.889985,0],[107.481256,-6.889605,0],[107.481066,-6.889272,0],[107.480899,-6.888891,0],[107.480655,-6.888471,0],[107.48053,-6.888308,0],[107.480043,-6.888002,0],[107.479249,-6.887757,0],[107.478379,-6.887233,0],[107.477967,-6.887,0],[107.477172,-6.88674,0],[107.475966,-6.886497,0],[107.475216,-6.88631,0],[107.474789,-6.88615,0],[107.474552,-6.885814,0],[107.474225,-6.885115,0],[107.47394,-6.884471,0],[107.475012,-6.883603,0],[107.475538,-6.882929,0],[107.476135,-6.88215,0],[107.47666,-6.881265,0],[107.477009,-6.880487,0],[107.477358,-6.879674,0],[107.477743,-6.879178,0],[107.478094,-6.878682,0],[107.478338,-6.878151,0],[107.478546,-6.877444,0],[107.478553,-6.876729,0],[107.477956,-6.876961,0],[107.47743,-6.87706,0],[107.476518,-6.876491,0],[107.475993,-6.876685,0],[107.475422,-6.877405,0],[107.474083,-6.877508,0],[107.473175,-6.877895,0],[107.472508,-6.878424,0],[107.472179,-6.879574,0],[107.470941,-6.88068,0],[107.468167,-6.881125,0],[107.466254,-6.881183,0],[107.462526,-6.882254,0],[107.458851,-6.884043,0],[107.454791,-6.885642,0],[107.453465,-6.885832,0],[107.453466,-6.885839,0],[107.453553,-6.886943,0],[107.452803,-6.886898,0],[107.45217,-6.887056,0],[107.45179,-6.887079,0],[107.451452,-6.887271,0],[107.451221,-6.887631,0],[107.450927,-6.887992,0],[107.450126,-6.888503,0],[107.449431,-6.88912,0],[107.449073,-6.889248,0],[107.448628,-6.889187,0],[107.448416,-6.889062,0],[107.448309,-6.888872,0],[107.448223,-6.88864,0],[107.448011,-6.888514,0],[107.447715,-6.888537,0],[107.447378,-6.888708,0],[107.44704,-6.888815,0],[107.44668,-6.888753,0],[107.44651,-6.888606,0],[107.446361,-6.888332,0],[107.446148,-6.88808,0],[107.445978,-6.887954,0],[107.445682,-6.887892,0],[107.445429,-6.887999,0],[107.44507,-6.888233,0],[107.444711,-6.88832,0],[107.444288,-6.88828,0],[107.443886,-6.888282,0],[107.443549,-6.888474,0],[107.44336,-6.88877,0],[107.44313,-6.889363,0],[107.442772,-6.889619,0],[107.44235,-6.889727,0],[107.44199,-6.889623,0],[107.441566,-6.889435,0],[107.441121,-6.88931,0],[107.440952,-6.889375,0],[107.440869,-6.889713,0],[107.440724,-6.890221,0],[107.440578,-6.890623,0],[107.440304,-6.890857,0],[107.439819,-6.891156,0],[107.439399,-6.89175,0],[107.439084,-6.892174,0],[107.438325,-6.892601,0],[107.437365,-6.893179,0],[107.437456,-6.894215,0],[107.437421,-6.895725,0],[107.437295,-6.896416,0],[107.437039,-6.896979,0],[107.436609,-6.897369,0],[107.435791,-6.897805,0],[107.435491,-6.898238,0],[107.435493,-6.898713,0],[107.435626,-6.899273,0],[107.436148,-6.900047,0],[107.436498,-6.901081,0],[107.43633,-6.901988,0],[107.437465,-6.902435,0],[107.439315,-6.90322,0],[107.440632,-6.903721,0],[107.44165,-6.904044,0],[107.443084,-6.904096,0],[107.44428,-6.904329,0],[107.445268,-6.904742,0],[107.445838,-6.905306,0],[107.446528,-6.90587,0],[107.447337,-6.906284,0],[107.448204,-6.906548,0],[107.45039,-6.907552,0],[107.452336,-6.908347,0],[107.452875,-6.908703,0],[107.454082,-6.908706,0],[107.454938,-6.908487,0],[107.456308,-6.908223,0],[107.456993,-6.90822,0],[107.457895,-6.908558,0],[107.45897,-6.90928,0],[107.460475,-6.910471,0],[107.461678,-6.911107,0],[107.462409,-6.911532,0],[107.46297,-6.911821,0],[107.463397,-6.912041,0],[107.464212,-6.912165,0],[107.464896,-6.911862,0],[107.464913,-6.911835,0],[107.465406,-6.911088,0],[107.466044,-6.910228,0],[107.466429,-6.910012,0],[107.4669,-6.910053,0],[107.467502,-6.910349,0],[107.467933,-6.910775,0],[107.468452,-6.9118,0],[107.468491,-6.911862,0],[107.469186,-6.912953,0],[107.469878,-6.914019,0],[107.47031,-6.914745,0],[107.470443,-6.915558,0],[107.470403,-6.916201,0],[107.470277,-6.916758,0],[107.470579,-6.917099,0],[107.471051,-6.917182,0],[107.471779,-6.91705,0],[107.472205,-6.916662,0],[107.472544,-6.91589,0],[107.473483,-6.915114,0],[107.473994,-6.914555,0],[107.474163,-6.914168,0],[107.474545,-6.91435,0],[107.475002,-6.914348,0],[107.475625,-6.914053,0],[107.47602,-6.913968,0],[107.476416,-6.91407,0],[107.476625,-6.914339,0],[107.476691,-6.914859,0],[107.476694,-6.915482,0],[107.476738,-6.916023,0],[107.476907,-6.916542,0],[107.477097,-6.916874,0],[107.477306,-6.917122,0],[107.477723,-6.917224,0],[107.478283,-6.916992,0],[107.478905,-6.916428,0],[107.479422,-6.915947,0],[107.479733,-6.915571,0],[107.480044,-6.915423,0],[107.48046,-6.9154,0],[107.480877,-6.915585,0],[107.481212,-6.915896,0],[107.481359,-6.916228,0],[107.481465,-6.916664,0],[107.481551,-6.917204,0],[107.481828,-6.918367,0],[107.481314,-6.919513,0],[107.481026,-6.92018,0],[107.480884,-6.920867,0],[107.480887,-6.92145,0],[107.481077,-6.921969,0],[107.481308,-6.922425,0],[107.481644,-6.922964,0],[107.482335,-6.92375,0],[107.482982,-6.924205,0],[107.483733,-6.924575,0],[107.484505,-6.924966,0],[107.485048,-6.925192,0],[107.485235,-6.925253,0],[107.486003,-6.924917,0],[107.48623,-6.924714,0],[107.486708,-6.924289,0],[107.487184,-6.923829,0],[107.487661,-6.923515,0],[107.488201,-6.923345,0],[107.488659,-6.923301,0],[107.489346,-6.923381,0],[107.489951,-6.923627,0],[107.490306,-6.923896,0],[107.490662,-6.924351,0],[107.490893,-6.924683,0],[107.491144,-6.925077,0],[107.491458,-6.925345,0],[107.491771,-6.925489,0],[107.492333,-6.92559,0],[107.493375,-6.925835,0],[107.493959,-6.926102,0],[107.494418,-6.926349,0],[107.494941,-6.926804,0],[107.495632,-6.92759,0],[107.497937,-6.930593,0],[107.498502,-6.931277,0],[107.499212,-6.93171,0],[107.500777,-6.932616,0],[107.501277,-6.932697,0],[107.501777,-6.932757,0],[107.502588,-6.932752,0],[107.503379,-6.932644,0],[107.504127,-6.932536,0],[107.504897,-6.932574,0],[107.50546,-6.932737,0],[107.506274,-6.933107,0],[107.5069,-6.93352,0],[107.507507,-6.934203,0],[107.508345,-6.935176,0],[107.509264,-6.935878,0],[107.510142,-6.936684,0],[107.510624,-6.937139,0],[107.511438,-6.937592,0],[107.511833,-6.937673,0],[107.512894,-6.937626,0],[107.513643,-6.93756,0],[107.514287,-6.93739,0],[107.514619,-6.93716,0],[107.514722,-6.936847,0],[107.51474,-6.93639,0],[107.514674,-6.935808,0],[107.51461,-6.935371,0],[107.514713,-6.935163,0],[107.515128,-6.935077,0],[107.515712,-6.935241,0],[107.516421,-6.935507,0],[107.517067,-6.935649,0],[107.517962,-6.935707,0],[107.518857,-6.935786,0],[107.519566,-6.936011,0],[107.520107,-6.936049,0],[107.520664,-6.935984,0],[107.520943,-6.935827,0],[107.521257,-6.935647,0],[107.521508,-6.935472,0],[107.521691,-6.935361,0],[107.521878,-6.935278,0],[107.522015,-6.935264,0],[107.522107,-6.9353,0],[107.522148,-6.935363,0],[107.52215,-6.935574,0],[107.52215,-6.935621,0],[107.522196,-6.935621,0],[107.522239,-6.935564,0],[107.522242,-6.935528,0],[107.5223,-6.935467,0],[107.522365,-6.935453,0],[107.522395,-6.935357,0],[107.522524,-6.934936,0],[107.522524,-6.934921,0],[107.522491,-6.931362,0],[107.522487,-6.930899,0],[107.52261,-6.92977,0],[107.52265,-6.92919,0],[107.52269,-6.92863,0],[107.52274,-6.92836,0],[107.52284,-6.9279,0],[107.52295,-6.92753,0],[107.52305,-6.9272,0],[107.52321,-6.92691,0],[107.523288,-6.92679,0],[107.523667,-6.926204,0],[107.52367,-6.9262,0],[107.523698,-6.926143,0],[107.52384,-6.92585,0],[107.523847,-6.925841,0],[107.523849,-6.925836,0],[107.523909,-6.925758,0],[107.523946,-6.925745,0],[107.52403,-6.92571,0],[107.52409,-6.925692,0],[107.524202,-6.925649,0],[107.524319,-6.92555,0],[107.524496,-6.925426,0],[107.524677,-6.925305,0],[107.52472,-6.925215,0],[107.52472,-6.92509,0],[107.52476,-6.92498,0],[107.524798,-6.924882,0],[107.524809,-6.924849,0]]]]},"properties":{"kd_propinsi":"32","kd_dati2":"17","kd_kecamatan":"009","nm_kecamatan":"Batujajar"}},{"type":"Feature","geometry":{"type":"MultiPolygon","coordinates":[[[[107.501277,-6.932697,0],[107.500777,-6.932616,0],[107.499212,-6.93171,0],[107.498502,-6.931277,0],[107.497937,-6.930593,0],[107.495632,-6.92759,0],[107.494941,-6.926804,0],[107.494418,-6.926349,0],[107.493959,-6.926102,0],[107.493375,-6.925835,0],[107.492333,-6.92559,0],[107.491771,-6.925489,0],[107.491458,-6.925345,0],[107.491144,-6.925077,0],[107.490893,-6.924683,0],[107.490662,-6.924351,0],[107.490306,-6.923896,0],[107.489951,-6.923627,0],[107.489346,-6.923381,0],[107.488659,-6.923301,0],[107.488201,-6.923345,0],[107.487661,-6.923515,0],[107.487184,-6.923829,0],[107.486708,-6.924289,0],[107.48623,-6.924714,0],[107.486003,-6.924917,0],[107.485235,-6.925253,0],[107.485048,-6.925192,0],[107.484505,-6.924966,0],[107.483733,-6.924575,0],[107.482982,-6.924205,0],[107.482335,-6.92375,0],[107.481644,-6.922964,0],[107.481308,-6.922425,0],[107.481077,-6.921969,0],[107.480887,-6.92145,0],[107.480884,-6.920867,0],[107.481026,-6.92018,0],[107.481314,-6.919513,0],[107.481828,-6.918367,0],[107.481551,-6.917204,0],[107.481465,-6.916664,0],[107.481359,-6.916228,0],[107.481212,-6.915896,0],[107.480877,-6.915585,0],[107.48046,-6.9154,0],[107.480044,-6.915423,0],[107.479733,-6.915571,0],[107.479422,-6.915947,0],[107.478905,-6.916428,0],[107.478283,-6.916992,0],[107.477723,-6.917224,0],[107.477306,-6.917122,0],[107.477097,-6.916874,0],[107.476907,-6.916542,0],[107.476738,-6.916023,0],[107.476694,-6.915482,0],[107.476691,-6.914859,0],[107.476625,-6.914339,0],[107.476416,-6.91407,0],[107.47602,-6.913968,0],[107.475625,-6.914053,0],[107.475002,-6.914348,0],[107.474545,-6.91435,0],[107.474163,-6.914168,0],[107.473994,-6.914555,0],[107.473483,-6.915114,0],[107.472544,-6.91589,0],[107.472205,-6.916662,0],[107.471779,-6.91705,0],[107.471051,-6.917182,0],[107.470579,-6.917099,0],[107.470277,-6.916758,0],[107.470403,-6.916201,0],[107.470443,-6.915558,0],[107.47031,-6.914745,0],[107.469878,-6.914019,0],[107.469186,-6.912953,0],[107.468491,-6.911862,0],[107.468452,-6.9118,0],[107.467933,-6.910775,0],[107.467502,-6.910349,0],[107.4669,-6.910053,0],[107.466429,-6.910012,0],[107.466044,-6.910228,0],[107.465406,-6.911088,0],[107.464913,-6.911835,0],[107.464896,-6.911862,0],[107.464212,-6.912165,0],[107.463397,-6.912041,0],[107.46297,-6.911821,0],[107.462409,-6.911532,0],[107.461678,-6.911107,0],[107.460475,-6.910471,0],[107.45897,-6.90928,0],[107.457895,-6.908558,0],[107.456993,-6.90822,0],[107.456308,-6.908223,0],[107.454938,-6.908487,0],[107.454082,-6.908706,0],[107.452875,-6.908703,0],[107.452336,-6.908347,0],[107.45039,-6.907552,0],[107.448204,-6.906548,0],[107.447337,-6.906284,0],[107.446528,-6.90587,0],[107.445838,-6.905306,0],[107.445268,-6.904742,0],[107.44428,-6.904329,0],[107.443084,-6.904096,0],[107.44165,-6.904044,0],[107.440632,-6.903721,0],[107.439315,-6.90322,0],[107.437465,-6.902435,0],[107.43633,-6.901988,0],[107.435728,-6.902509,0],[107.434607,-6.90273,0],[107.433355,-6.902823,0],[107.432277,-6.903088,0],[107.431459,-6.903653,0],[107.430987,-6.904173,0],[107.430342,-6.904651,0],[107.428874,-6.904831,0],[107.427276,-6.904796,0],[107.426196,-6.904715,0],[107.425636,-6.904934,0],[107.425163,-6.905368,0],[107.42478,-6.906362,0],[107.424439,-6.907227,0],[107.42388,-6.907748,0],[107.423148,-6.908183,0],[107.422634,-6.908919,0],[107.422293,-6.909871,0],[107.422082,-6.910907,0],[107.42185,-6.911513,0],[107.421784,-6.911686,0],[107.421008,-6.911948,0],[107.420403,-6.911865,0],[107.419802,-6.911498,0],[107.419493,-6.911309,0],[107.418711,-6.910363,0],[107.417801,-6.909591,0],[107.416458,-6.908778,0],[107.414771,-6.908269,0],[107.413257,-6.907845,0],[107.411552,-6.907713,0],[107.411483,-6.908083,0],[107.411201,-6.908602,0],[107.410711,-6.90907,0],[107.410429,-6.909563,0],[107.410095,-6.91003,0],[107.409814,-6.910833,0],[107.409644,-6.911421,0],[107.40956,-6.911714,0],[107.409279,-6.912413,0],[107.408867,-6.912959,0],[107.408197,-6.913428,0],[107.407319,-6.913898,0],[107.406364,-6.91442,0],[107.405591,-6.914993,0],[107.404483,-6.916033,0],[107.404227,-6.916629,0],[107.403998,-6.917432,0],[107.403973,-6.917918,0],[107.4051,-6.917841,0],[107.406016,-6.918013,0],[107.406969,-6.918465,0],[107.407394,-6.91885,0],[107.407397,-6.919519,0],[107.406769,-6.920753,0],[107.405895,-6.921954,0],[107.405794,-6.922729,0],[107.406044,-6.923537,0],[107.406858,-6.924272,0],[107.408694,-6.925388,0],[107.4106,-6.926258,0],[107.411978,-6.927166,0],[107.412581,-6.928008,0],[107.413323,-6.928602,0],[107.414486,-6.928772,0],[107.415298,-6.929155,0],[107.415759,-6.929891,0],[107.415798,-6.93063,0],[107.415489,-6.932074,0],[107.416274,-6.932483,0],[107.418044,-6.932682,0],[107.419553,-6.932726,0],[107.420699,-6.933084,0],[107.42221,-6.93344,0],[107.424032,-6.933535,0],[107.425644,-6.933423,0],[107.42684,-6.933313,0],[107.428401,-6.933305,0],[107.429079,-6.933665,0],[107.429827,-6.932738,0],[107.43036,-6.932387,0],[107.430871,-6.932291,0],[107.43143,-6.932428,0],[107.432012,-6.932471,0],[107.432592,-6.932236,0],[107.433334,-6.931837,0],[107.434054,-6.931577,0],[107.434612,-6.931528,0],[107.435752,-6.931569,0],[107.436706,-6.93161,0],[107.43731,-6.931468,0],[107.438167,-6.930743,0],[107.438721,-6.929857,0],[107.439204,-6.928948,0],[107.439784,-6.92848,0],[107.440551,-6.928429,0],[107.441366,-6.928541,0],[107.441784,-6.928539,0],[107.442063,-6.928398,0],[107.44256,-6.929482,0],[107.443622,-6.930533,0],[107.445423,-6.93121,0],[107.447613,-6.932083,0],[107.447647,-6.932096,0],[107.450718,-6.93319,0],[107.454899,-6.934066,0],[107.456276,-6.934587,0],[107.457653,-6.935266,0],[107.458504,-6.93616,0],[107.459685,-6.935438,0],[107.461151,-6.934852,0],[107.463289,-6.934841,0],[107.464713,-6.9347,0],[107.466132,-6.934494,0],[107.467305,-6.93433,0],[107.467912,-6.934511,0],[107.468492,-6.934561,0],[107.469282,-6.934385,0],[107.469875,-6.934237,0],[107.470337,-6.934406,0],[107.470931,-6.934601,0],[107.471392,-6.93448,0],[107.471852,-6.93428,0],[107.47238,-6.934303,0],[107.472591,-6.934473,0],[107.472869,-6.934696,0],[107.473265,-6.93472,0],[107.473673,-6.934678,0],[107.474003,-6.934743,0],[107.474308,-6.935044,0],[107.474487,-6.935337,0],[107.47449,-6.93551,0],[107.47448,-6.93603,0],[107.47469,-6.93658,0],[107.474824,-6.936839,0],[107.47485,-6.93689,0],[107.47489,-6.93735,0],[107.47489,-6.93735,0],[107.474728,-6.937969,0],[107.47466,-6.93823,0],[107.47466,-6.93823,0],[107.47455,-6.93888,0],[107.47447,-6.93967,0],[107.47447,-6.93967,0],[107.474383,-6.940221,0],[107.47434,-6.94049,0],[107.47434,-6.94049,0],[107.474316,-6.940609,0],[107.47411,-6.94165,0],[107.47401,-6.942123,0],[107.47387,-6.94278,0],[107.47387,-6.94278,0],[107.473667,-6.943465,0],[107.47355,-6.94386,0],[107.47355,-6.94386,0],[107.47331,-6.944596,0],[107.47324,-6.94481,0],[107.4728,-6.9461,0],[107.4728,-6.9461,0],[107.472716,-6.946423,0],[107.47251,-6.94721,0],[107.47251,-6.94721,0],[107.472439,-6.947555,0],[107.47232,-6.94814,0],[107.47193,-6.94928,0],[107.471898,-6.949345,0],[107.471813,-6.94952,0],[107.471805,-6.949537,0],[107.471614,-6.949927,0],[107.471612,-6.949931,0],[107.47155,-6.950059,0],[107.47152,-6.95012,0],[107.471391,-6.950291,0],[107.471022,-6.950781,0],[107.471022,-6.950781,0],[107.47088,-6.95097,0],[107.470868,-6.950982,0],[107.470399,-6.951431,0],[107.470265,-6.951559,0],[107.470222,-6.9516,0],[107.47016,-6.95166,0],[107.46942,-6.95229,0],[107.468896,-6.952588,0],[107.46884,-6.95262,0],[107.46838,-6.9532,0],[107.46789,-6.9538,0],[107.46748,-6.95438,0],[107.46748,-6.95438,0],[107.467183,-6.955106,0],[107.46712,-6.95526,0],[107.46699,-6.95601,0],[107.46702,-6.95698,0],[107.46731,-6.95784,0],[107.46776,-6.95877,0],[107.468207,-6.959548,0],[107.46822,-6.95957,0],[107.4689,-6.96034,0],[107.47003,-6.96143,0],[107.4711,-6.96228,0],[107.472,-6.963,0],[107.47248,-6.96325,0],[107.47289,-6.96347,0],[107.47315,-6.9636,0],[107.47338,-6.96376,0],[107.47355,-6.96394,0],[107.47367,-6.96412,0],[107.47374,-6.96449,0],[107.47378,-6.96464,0],[107.47396,-6.96487,0],[107.47418,-6.96512,0],[107.47437,-6.96523,0],[107.47467,-6.96534,0],[107.47517,-6.96544,0],[107.47532,-6.96548,0],[107.47542,-6.96556,0],[107.47552,-6.96583,0],[107.47566,-6.96599,0],[107.47572,-6.96602,0],[107.47639,-6.9663,0],[107.47649,-6.96638,0],[107.47677,-6.96667,0],[107.47688,-6.96695,0],[107.47688,-6.96709,0],[107.47682,-6.96731,0],[107.47681,-6.96749,0],[107.47685,-6.9676,0],[107.47693,-6.96765,0],[107.47708,-6.96767,0],[107.47721,-6.96763,0],[107.47731,-6.96755,0],[107.47747,-6.96741,0],[107.47758,-6.96745,0],[107.47791,-6.96754,0],[107.47809,-6.96753,0],[107.47829,-6.96754,0],[107.47842,-6.96758,0],[107.47878,-6.96784,0],[107.47913,-6.96813,0],[107.47928,-6.96837,0],[107.47941,-6.96862,0],[107.47946,-6.96873,0],[107.47955,-6.969,0],[107.4796,-6.96911,0],[107.479581,-6.969123,0],[107.4796,-6.969151,0],[107.479727,-6.968992,0],[107.479728,-6.968992,0],[107.479822,-6.968913,0],[107.48059,-6.96826,0],[107.481193,-6.967719,0],[107.48166,-6.9673,0],[107.48226,-6.9666,0],[107.48257,-6.96607,0],[107.4826,-6.96554,0],[107.48255,-6.96518,0],[107.48231,-6.96421,0],[107.48224,-6.96375,0],[107.48336,-6.9635,0],[107.4843,-6.96339,0],[107.48524,-6.9634,0],[107.48606,-6.96341,0],[107.48682,-6.96339,0],[107.4875,-6.96337,0],[107.48847,-6.96346,0],[107.488652,-6.963504,0],[107.48905,-6.9636,0],[107.48984,-6.96379,0],[107.49042,-6.96405,0],[107.4908,-6.96428,0],[107.49148,-6.96506,0],[107.491958,-6.965768,0],[107.492,-6.96583,0],[107.49237,-6.96638,0],[107.49269,-6.967399,0],[107.49269,-6.9674,0],[107.49272,-6.96747,0],[107.49273,-6.96767,0],[107.4928,-6.96783,0],[107.49289,-6.96792,0],[107.49311,-6.96816,0],[107.49314,-6.96826,0],[107.49319,-6.96849,0],[107.49331,-6.96861,0],[107.493332,-6.968643,0],[107.49337,-6.9687,0],[107.49343,-6.96884,0],[107.49338,-6.96899,0],[107.49324,-6.96921,0],[107.49331,-6.96939,0],[107.49331,-6.96953,0],[107.49331,-6.96966,0],[107.49333,-6.96982,0],[107.49335,-6.96988,0],[107.49334,-6.96995,0],[107.49334,-6.97003,0],[107.4934,-6.97019,0],[107.49357,-6.97041,0],[107.49407,-6.97103,0],[107.49459,-6.9718,0],[107.49449,-6.97224,0],[107.49431,-6.97321,0],[107.494162,-6.973983,0],[107.49413,-6.97415,0],[107.49403,-6.97524,0],[107.49401,-6.97637,0],[107.49404,-6.97735,0],[107.494327,-6.978857,0],[107.494382,-6.979149,0],[107.494404,-6.979138,0],[107.494791,-6.978935,0],[107.495221,-6.978698,0],[107.495368,-6.978554,0],[107.495436,-6.978458,0],[107.495616,-6.978333,0],[107.495725,-6.978222,0],[107.495883,-6.97813,0],[107.496208,-6.978033,0],[107.496441,-6.977972,0],[107.496691,-6.977925,0],[107.496973,-6.977876,0],[107.497211,-6.977852,0],[107.497315,-6.977838,0],[107.497408,-6.977805,0],[107.497507,-6.977718,0],[107.497593,-6.977654,0],[107.497725,-6.977602,0],[107.497886,-6.977553,0],[107.497939,-6.977547,0],[107.497991,-6.977547,0],[107.498022,-6.977558,0],[107.498048,-6.977581,0],[107.498086,-6.977693,0],[107.498114,-6.977823,0],[107.498136,-6.977895,0],[107.498219,-6.978052,0],[107.498293,-6.978172,0],[107.498361,-6.978302,0],[107.498422,-6.978474,0],[107.498484,-6.978617,0],[107.498533,-6.978733,0],[107.49888,-6.97939,0],[107.498938,-6.979494,0],[107.498993,-6.979583,0],[107.499033,-6.979602,0],[107.499123,-6.979624,0],[107.499488,-6.979746,0],[107.499558,-6.979814,0],[107.499629,-6.979884,0],[107.499664,-6.979929,0],[107.499688,-6.97996,0],[107.499994,-6.980161,0],[107.499999,-6.980171,0],[107.500119,-6.98042,0],[107.500167,-6.980515,0],[107.500229,-6.980559,0],[107.500327,-6.980626,0],[107.500332,-6.980629,0],[107.500526,-6.980782,0],[107.500586,-6.980818,0],[107.500681,-6.980746,0],[107.500782,-6.980602,0],[107.500899,-6.980512,0],[107.501048,-6.980433,0],[107.501227,-6.980213,0],[107.501301,-6.980214,0],[107.501597,-6.98029,0],[107.501622,-6.980298,0],[107.501817,-6.980385,0],[107.50194,-6.98044,0],[107.502083,-6.980495,0],[107.502115,-6.9805,0],[107.502324,-6.980563,0],[107.502538,-6.980675,0],[107.502685,-6.98107,0],[107.502634,-6.981227,0],[107.502681,-6.981471,0],[107.502751,-6.981581,0],[107.502838,-6.981732,0],[107.502899,-6.981857,0],[107.502902,-6.981976,0],[107.502907,-6.98234,0],[107.502952,-6.982442,0],[107.502964,-6.98246,0],[107.503183,-6.982805,0],[107.503316,-6.982914,0],[107.503368,-6.982929,0],[107.503427,-6.982947,0],[107.503454,-6.98294,0],[107.503545,-6.982916,0],[107.503787,-6.982765,0],[107.503822,-6.982602,0],[107.503933,-6.982214,0],[107.504067,-6.98206,0],[107.504239,-6.98194,0],[107.504564,-6.981873,0],[107.5049,-6.981793,0],[107.504954,-6.981689,0],[107.504951,-6.981522,0],[107.504901,-6.981404,0],[107.504792,-6.981225,0],[107.504624,-6.98095,0],[107.504494,-6.980739,0],[107.50431,-6.980375,0],[107.504237,-6.980274,0],[107.504101,-6.979834,0],[107.504094,-6.979468,0],[107.50414,-6.97932,0],[107.504264,-6.979187,0],[107.504394,-6.979111,0],[107.504531,-6.979074,0],[107.504789,-6.979087,0],[107.504933,-6.979145,0],[107.505003,-6.979233,0],[107.505216,-6.979498,0],[107.505336,-6.979565,0],[107.505665,-6.979675,0],[107.505837,-6.979708,0],[107.505869,-6.979645,0],[107.505919,-6.979448,0],[107.505941,-6.979423,0],[107.506049,-6.979366,0],[107.506134,-6.97933,0],[107.506284,-6.979268,0],[107.506514,-6.979102,0],[107.506643,-6.978916,0],[107.506763,-6.978657,0],[107.506799,-6.97845,0],[107.506746,-6.978373,0],[107.50667,-6.97826,0],[107.506676,-6.978132,0],[107.50675,-6.97798,0],[107.506762,-6.97789,0],[107.506755,-6.977558,0],[107.506755,-6.977369,0],[107.506784,-6.977369,0],[107.506953,-6.977338,0],[107.507029,-6.977256,0],[107.507163,-6.977106,0],[107.507281,-6.977052,0],[107.50729,-6.977048,0],[107.507484,-6.976991,0],[107.507709,-6.976994,0],[107.50784,-6.976964,0],[107.507886,-6.976744,0],[107.507914,-6.976349,0],[107.507986,-6.976061,0],[107.508048,-6.975745,0],[107.508189,-6.975403,0],[107.508339,-6.975271,0],[107.508535,-6.97515,0],[107.508684,-6.97503,0],[107.508785,-6.974932,0],[107.508784,-6.974635,0],[107.508789,-6.974405,0],[107.508788,-6.974082,0],[107.508764,-6.973724,0],[107.50874,-6.973129,0],[107.50873,-6.972698,0],[107.508735,-6.972179,0],[107.508769,-6.971873,0],[107.508811,-6.971679,0],[107.508874,-6.971485,0],[107.508967,-6.97132,0],[107.509011,-6.971203,0],[107.509031,-6.971031,0],[107.50908,-6.970794,0],[107.509187,-6.970585,0],[107.509273,-6.97047,0],[107.509415,-6.970355,0],[107.509616,-6.970174,0],[107.509665,-6.970045,0],[107.5097,-6.969801,0],[107.509749,-6.969578,0],[107.509969,-6.969182,0],[107.510067,-6.969051,0],[107.51048,-6.968606,0],[107.510894,-6.968167,0],[107.511193,-6.967727,0],[107.51236,-6.96631,0],[107.51286,-6.96623,0],[107.51299,-6.96614,0],[107.51302,-6.96603,0],[107.51299,-6.96595,0],[107.51291,-6.96583,0],[107.51287,-6.9657,0],[107.51287,-6.96514,0],[107.51292,-6.96494,0],[107.51303,-6.96481,0],[107.51342,-6.96457,0],[107.51361,-6.96442,0],[107.51374,-6.9643,0],[107.5139,-6.96417,0],[107.51398,-6.9641,0],[107.514212,-6.963895,0],[107.51441,-6.96372,0],[107.514478,-6.963691,0],[107.514533,-6.963521,0],[107.514738,-6.962934,0],[107.514909,-6.962477,0],[107.515078,-6.962163,0],[107.515238,-6.961866,0],[107.515241,-6.96186,0],[107.515335,-6.961685,0],[107.515465,-6.960948,0],[107.515805,-6.960086,0],[107.516065,-6.959463,0],[107.516226,-6.959313,0],[107.516761,-6.958706,0],[107.517834,-6.957725,0],[107.518019,-6.957415,0],[107.518254,-6.956926,0],[107.518358,-6.956457,0],[107.518503,-6.956248,0],[107.518938,-6.956058,0],[107.51923,-6.95593,0],[107.51934,-6.955825,0],[107.519379,-6.955761,0],[107.519489,-6.955661,0],[107.519655,-6.955552,0],[107.519685,-6.955525,0],[107.519793,-6.955389,0],[107.519916,-6.955234,0],[107.520085,-6.955025,0],[107.520102,-6.955007,0],[107.52022,-6.954826,0],[107.520389,-6.954662,0],[107.520526,-6.954544,0],[107.520642,-6.954435,0],[107.520792,-6.95438,0],[107.520851,-6.954371,0],[107.521027,-6.954334,0],[107.521338,-6.95435,0],[107.521703,-6.954402,0],[107.52183,-6.954447,0],[107.521935,-6.954491,0],[107.521993,-6.954473,0],[107.522104,-6.954283,0],[107.522243,-6.954092,0],[107.522409,-6.95373,0],[107.522476,-6.953586,0],[107.522476,-6.953585,0],[107.522882,-6.953068,0],[107.52315,-6.952759,0],[107.523238,-6.952614,0],[107.523278,-6.95255,0],[107.523338,-6.952414,0],[107.523387,-6.952356,0],[107.523402,-6.952339,0],[107.523418,-6.95232,0],[107.523431,-6.952305,0],[107.523468,-6.952278,0],[107.523589,-6.952205,0],[107.523647,-6.952183,0],[107.524019,-6.95204,0],[107.52405,-6.952031,0],[107.52413,-6.95192,0],[107.52426,-6.95168,0],[107.52431,-6.95138,0],[107.52425,-6.95114,0],[107.52418,-6.95095,0],[107.52408,-6.95077,0],[107.524,-6.95053,0],[107.52397,-6.95031,0],[107.523985,-6.950059,0],[107.52399,-6.94998,0],[107.524,-6.94991,0],[107.524263,-6.949116,0],[107.5243,-6.948989,0],[107.524319,-6.948751,0],[107.524341,-6.94847,0],[107.524465,-6.948183,0],[107.524631,-6.947907,0],[107.524809,-6.947631,0],[107.524898,-6.947433,0],[107.524932,-6.947328,0],[107.524904,-6.946997,0],[107.524897,-6.946445,0],[107.524898,-6.946225,0],[107.524913,-6.945964,0],[107.524952,-6.945696,0],[107.524983,-6.945591,0],[107.525028,-6.945505,0],[107.525146,-6.94531,0],[107.52581,-6.9448,0],[107.52635,-6.944345,0],[107.526641,-6.944157,0],[107.526722,-6.94409,0],[107.52683,-6.94399,0],[107.528556,-6.943024,0],[107.528746,-6.942817,0],[107.528954,-6.942552,0],[107.529633,-6.942159,0],[107.529684,-6.942137,0],[107.529798,-6.942139,0],[107.529854,-6.942155,0],[107.529939,-6.942178,0],[107.529986,-6.942173,0],[107.530053,-6.942168,0],[107.530101,-6.942173,0],[107.530148,-6.942183,0],[107.530215,-6.942221,0],[107.530258,-6.942278,0],[107.530324,-6.94234,0],[107.530426,-6.942306,0],[107.530519,-6.942213,0],[107.530626,-6.942156,0],[107.530711,-6.942127,0],[107.530833,-6.94207,0],[107.530918,-6.942013,0],[107.53094,-6.941942,0],[107.53094,-6.94186,0],[107.530904,-6.941735,0],[107.530811,-6.941663,0],[107.530754,-6.941585,0],[107.530704,-6.941492,0],[107.530669,-6.94142,0],[107.530666,-6.94133,0],[107.530698,-6.941225,0],[107.530641,-6.941221,0],[107.53058,-6.941202,0],[107.530533,-6.941101,0],[107.530532,-6.940941,0],[107.53072,-6.940593,0],[107.530764,-6.940413,0],[107.530765,-6.940257,0],[107.530758,-6.940197,0],[107.531023,-6.940142,0],[107.531403,-6.940063,0],[107.531397,-6.940048,0],[107.531396,-6.940045,0],[107.531385,-6.940015,0],[107.531379,-6.939999,0],[107.531381,-6.939989,0],[107.531393,-6.939916,0],[107.531407,-6.939837,0],[107.531409,-6.939823,0],[107.53141,-6.939821,0],[107.531421,-6.939754,0],[107.531434,-6.939674,0],[107.53139,-6.93949,0],[107.531353,-6.939427,0],[107.53133,-6.939388,0],[107.531264,-6.939287,0],[107.531137,-6.93915,0],[107.531123,-6.93914,0],[107.530951,-6.939008,0],[107.530147,-6.938564,0],[107.529862,-6.9384,0],[107.529313,-6.938084,0],[107.528527,-6.937741,0],[107.527952,-6.937493,0],[107.52761,-6.937298,0],[107.527376,-6.937204,0],[107.527083,-6.937151,0],[107.526568,-6.937112,0],[107.526477,-6.937096,0],[107.526077,-6.937025,0],[107.52576,-6.936979,0],[107.525454,-6.936891,0],[107.525286,-6.936814,0],[107.525172,-6.936707,0],[107.524968,-6.936571,0],[107.524488,-6.9364,0],[107.524189,-6.936348,0],[107.523859,-6.936272,0],[107.52374,-6.936237,0],[107.523566,-6.936154,0],[107.523338,-6.936017,0],[107.5232,-6.935935,0],[107.523092,-6.935893,0],[107.522966,-6.935852,0],[107.522582,-6.935693,0],[107.522387,-6.935607,0],[107.522326,-6.93558,0],[107.522365,-6.935453,0],[107.5223,-6.935467,0],[107.522242,-6.935528,0],[107.522239,-6.935564,0],[107.522196,-6.935621,0],[107.52215,-6.935621,0],[107.52215,-6.935574,0],[107.522148,-6.935363,0],[107.522107,-6.9353,0],[107.522015,-6.935264,0],[107.521878,-6.935278,0],[107.521691,-6.935361,0],[107.521508,-6.935472,0],[107.521257,-6.935647,0],[107.520943,-6.935827,0],[107.520664,-6.935984,0],[107.520107,-6.936049,0],[107.519566,-6.936011,0],[107.518857,-6.935786,0],[107.517962,-6.935707,0],[107.517067,-6.935649,0],[107.516421,-6.935507,0],[107.515712,-6.935241,0],[107.515128,-6.935077,0],[107.514713,-6.935163,0],[107.51461,-6.935371,0],[107.514674,-6.935808,0],[107.51474,-6.93639,0],[107.514722,-6.936847,0],[107.514619,-6.93716,0],[107.514287,-6.93739,0],[107.513643,-6.93756,0],[107.512894,-6.937626,0],[107.511833,-6.937673,0],[107.511438,-6.937592,0],[107.510624,-6.937139,0],[107.510142,-6.936684,0],[107.509264,-6.935878,0],[107.508345,-6.935176,0],[107.507507,-6.934203,0],[107.5069,-6.93352,0],[107.506274,-6.933107,0],[107.50546,-6.932737,0],[107.504897,-6.932574,0],[107.504127,-6.932536,0],[107.503379,-6.932644,0],[107.502588,-6.932752,0],[107.501777,-6.932757,0],[107.501277,-6.932697,0]]]]},"properties":{"kd_propinsi":"32","kd_dati2":"17","kd_kecamatan":"010","nm_kecamatan":"Cihampelas"}},{"type":"Feature","geometry":{"type":"MultiPolygon","coordinates":[[[[107.43691,-7.01061,0],[107.44165,-7.01416,0],[107.4423,-7.01529,0],[107.44256,-7.01616,0],[107.442656,-7.016381,0],[107.443242,-7.016478,0],[107.443898,-7.01665,0],[107.444112,-7.016821,0],[107.444384,-7.017292,0],[107.444634,-7.017656,0],[107.445454,-7.019119,0],[107.445469,-7.019305,0],[107.445926,-7.019733,0],[107.446111,-7.020162,0],[107.446382,-7.020576,0],[107.448124,-7.022317,0],[107.448553,-7.022903,0],[107.44881,-7.023531,0],[107.449081,-7.024159,0],[107.449495,-7.024602,0],[107.450037,-7.024973,0],[107.451516,-7.025393,0],[107.451065,-7.025715,0],[107.45078,-7.025929,0],[107.450451,-7.026244,0],[107.450094,-7.026743,0],[107.449809,-7.027271,0],[107.449538,-7.027329,0],[107.449323,-7.0272,0],[107.449109,-7.0273,0],[107.448924,-7.027371,0],[107.448581,-7.027329,0],[107.448495,-7.027486,0],[107.448367,-7.027814,0],[107.44811,-7.028085,0],[107.447682,-7.028356,0],[107.447225,-7.028656,0],[107.446925,-7.028885,0],[107.446811,-7.029156,0],[107.446697,-7.029456,0],[107.446511,-7.02987,0],[107.446497,-7.03007,0],[107.446611,-7.030255,0],[107.446725,-7.030298,0],[107.447011,-7.030512,0],[107.447196,-7.030855,0],[107.447425,-7.031183,0],[107.448181,-7.031483,0],[107.448595,-7.03164,0],[107.448652,-7.03174,0],[107.448795,-7.03214,0],[107.449024,-7.032411,0],[107.449395,-7.032711,0],[107.450337,-7.033011,0],[107.45068,-7.033268,0],[107.451065,-7.033482,0],[107.451422,-7.033725,0],[107.451779,-7.034024,0],[107.452093,-7.034296,0],[107.45225,-7.034495,0],[107.452536,-7.034681,0],[107.453035,-7.034767,0],[107.453292,-7.034995,0],[107.453507,-7.035295,0],[107.453749,-7.035466,0],[107.45422,-7.035738,0],[107.454263,-7.035738,0],[107.454763,-7.03568,0],[107.45472,-7.035952,0],[107.454449,-7.036394,0],[107.454278,-7.036423,0],[107.454078,-7.03628,0],[107.453849,-7.036337,0],[107.453806,-7.036594,0],[107.453835,-7.036808,0],[107.453921,-7.03708,0],[107.454106,-7.037265,0],[107.453792,-7.037365,0],[107.453464,-7.037422,0],[107.453278,-7.037436,0],[107.453235,-7.037665,0],[107.453364,-7.037736,0],[107.453507,-7.037793,0],[107.453592,-7.037879,0],[107.453607,-7.038022,0],[107.453721,-7.038179,0],[107.453764,-7.038265,0],[107.453621,-7.038322,0],[107.453478,-7.038336,0],[107.453492,-7.038536,0],[107.453535,-7.03865,0],[107.453692,-7.038836,0],[107.453949,-7.039021,0],[107.45432,-7.038921,0],[107.454563,-7.038764,0],[107.454663,-7.038836,0],[107.45472,-7.039121,0],[107.454663,-7.039392,0],[107.455034,-7.039407,0],[107.455134,-7.039535,0],[107.455248,-7.039607,0],[107.455191,-7.039735,0],[107.455063,-7.039849,0],[107.455206,-7.040078,0],[107.45532,-7.040178,0],[107.45532,-7.040335,0],[107.455106,-7.040449,0],[107.455006,-7.040634,0],[107.455091,-7.040734,0],[107.455334,-7.040863,0],[107.455605,-7.040906,0],[107.455891,-7.040991,0],[107.455819,-7.041463,0],[107.455948,-7.041662,0],[107.456105,-7.041834,0],[107.456219,-7.042005,0],[107.456376,-7.042291,0],[107.456476,-7.04249,0],[107.456605,-7.042605,0],[107.456833,-7.042676,0],[107.457204,-7.042519,0],[107.45739,-7.042419,0],[107.457547,-7.042519,0],[107.457561,-7.04279,0],[107.457447,-7.043004,0],[107.45729,-7.04319,0],[107.457219,-7.043461,0],[107.457561,-7.043704,0],[107.457747,-7.043832,0],[107.458161,-7.044104,0],[107.458603,-7.044275,0],[107.458846,-7.044389,0],[107.459185,-7.04459,0],[107.45864,-7.04601,0],[107.458322,-7.046707,0],[107.45822,-7.04693,0],[107.45787,-7.04786,0],[107.45748,-7.04841,0],[107.45714,-7.04904,0],[107.457,-7.04968,0],[107.45682,-7.05061,0],[107.45653,-7.05188,0],[107.45653,-7.05188,0],[107.45653,-7.05188,0],[107.456637,-7.051889,0],[107.45812,-7.05202,0],[107.458437,-7.052123,0],[107.45884,-7.052205,0],[107.459193,-7.052333,0],[107.459357,-7.052357,0],[107.459418,-7.052446,0],[107.460063,-7.052195,0],[107.460289,-7.051993,0],[107.460423,-7.051838,0],[107.460526,-7.051659,0],[107.460826,-7.05176,0],[107.461883,-7.052173,0],[107.462294,-7.052343,0],[107.462539,-7.05245,0],[107.462878,-7.052592,0],[107.462954,-7.052609,0],[107.463027,-7.052606,0],[107.463158,-7.052602,0],[107.463174,-7.052601,0],[107.463225,-7.052628,0],[107.463355,-7.052747,0],[107.463715,-7.05312,0],[107.463844,-7.053195,0],[107.46392,-7.053239,0],[107.464477,-7.05373,0],[107.464642,-7.05375,0],[107.464854,-7.053698,0],[107.465073,-7.053573,0],[107.465265,-7.0534,0],[107.465713,-7.052941,0],[107.465928,-7.052784,0],[107.465994,-7.052736,0],[107.466225,-7.052568,0],[107.466327,-7.052518,0],[107.46651,-7.052412,0],[107.466556,-7.052385,0],[107.466686,-7.052231,0],[107.46671,-7.05208,0],[107.466714,-7.052052,0],[107.46684,-7.051235,0],[107.466915,-7.051178,0],[107.467045,-7.051088,0],[107.467328,-7.050893,0],[107.467916,-7.050358,0],[107.468089,-7.050324,0],[107.46834,-7.050362,0],[107.468962,-7.050547,0],[107.469304,-7.050869,0],[107.469525,-7.051157,0],[107.46966,-7.051459,0],[107.469776,-7.051793,0],[107.469967,-7.052129,0],[107.470113,-7.052171,0],[107.470156,-7.052156,0],[107.470226,-7.052223,0],[107.470879,-7.052334,0],[107.471155,-7.052402,0],[107.471384,-7.052537,0],[107.471702,-7.052999,0],[107.471967,-7.053296,0],[107.472236,-7.053489,0],[107.472484,-7.053568,0],[107.472757,-7.053562,0],[107.47304,-7.053476,0],[107.473161,-7.053395,0],[107.473229,-7.053349,0],[107.473444,-7.052947,0],[107.473614,-7.052332,0],[107.473748,-7.05279,0],[107.474117,-7.053758,0],[107.474326,-7.054006,0],[107.474481,-7.05409,0],[107.475128,-7.054268,0],[107.475405,-7.054282,0],[107.475647,-7.054317,0],[107.47569,-7.054403,0],[107.475681,-7.054585,0],[107.47558,-7.054874,0],[107.475424,-7.055347,0],[107.475452,-7.055501,0],[107.475547,-7.055655,0],[107.475682,-7.055747,0],[107.475854,-7.055781,0],[107.476027,-7.055829,0],[107.476134,-7.05585,0],[107.476345,-7.055927,0],[107.476623,-7.056092,0],[107.476822,-7.056306,0],[107.477079,-7.056609,0],[107.477112,-7.056741,0],[107.477081,-7.057026,0],[107.47738,-7.057119,0],[107.477522,-7.05717,0],[107.477618,-7.057191,0],[107.477701,-7.057201,0],[107.477739,-7.057181,0],[107.47777,-7.057081,0],[107.477716,-7.05688,0],[107.477656,-7.056782,0],[107.477523,-7.056612,0],[107.477398,-7.056517,0],[107.477329,-7.056452,0],[107.477297,-7.056407,0],[107.477277,-7.056338,0],[107.477303,-7.056285,0],[107.477375,-7.056122,0],[107.477383,-7.056103,0],[107.47741,-7.056021,0],[107.477438,-7.055956,0],[107.477499,-7.055813,0],[107.477514,-7.055785,0],[107.477523,-7.055768,0],[107.477593,-7.055641,0],[107.477631,-7.055585,0],[107.477654,-7.05555,0],[107.477671,-7.055456,0],[107.477682,-7.055388,0],[107.477682,-7.055341,0],[107.477685,-7.055288,0],[107.477682,-7.055245,0],[107.477671,-7.055199,0],[107.477635,-7.055156,0],[107.477589,-7.055113,0],[107.47748,-7.05504,0],[107.47694,-7.05474,0],[107.47681,-7.05449,0],[107.47679,-7.05401,0],[107.47687,-7.05326,0],[107.477,-7.05274,0],[107.4771,-7.05226,0],[107.47703,-7.05203,0],[107.47687,-7.05191,0],[107.47637,-7.05178,0],[107.47574,-7.05155,0],[107.47553,-7.05143,0],[107.47549,-7.05118,0],[107.47563,-7.05075,0],[107.47583,-7.05018,0],[107.47582,-7.04965,0],[107.47573,-7.04931,0],[107.47562,-7.04858,0],[107.47569,-7.0476,0],[107.47578,-7.046989,0],[107.475802,-7.046823,0],[107.475953,-7.04625,0],[107.47599,-7.045904,0],[107.475993,-7.045845,0],[107.475995,-7.045806,0],[107.476015,-7.045739,0],[107.476158,-7.045246,0],[107.476194,-7.045103,0],[107.476197,-7.045091,0],[107.476132,-7.044961,0],[107.476116,-7.044946,0],[107.475967,-7.04473,0],[107.475877,-7.044598,0],[107.475735,-7.044216,0],[107.47571,-7.044127,0],[107.475653,-7.04392,0],[107.475647,-7.043678,0],[107.47566,-7.043551,0],[107.475701,-7.043132,0],[107.475764,-7.042685,0],[107.475785,-7.042503,0],[107.475822,-7.04218,0],[107.475828,-7.042012,0],[107.47579,-7.041675,0],[107.475774,-7.041538,0],[107.475683,-7.040958,0],[107.475677,-7.040918,0],[107.475655,-7.040832,0],[107.475638,-7.040765,0],[107.475689,-7.04066,0],[107.47583,-7.040484,0],[107.476001,-7.04034,0],[107.476199,-7.040294,0],[107.476427,-7.040208,0],[107.476595,-7.040074,0],[107.476817,-7.039922,0],[107.477286,-7.039593,0],[107.477588,-7.039418,0],[107.477776,-7.03932,0],[107.478052,-7.03924,0],[107.478216,-7.039218,0],[107.478437,-7.039229,0],[107.478597,-7.039199,0],[107.47874,-7.039152,0],[107.478843,-7.039084,0],[107.478979,-7.038956,0],[107.479275,-7.03879,0],[107.479658,-7.038627,0],[107.480283,-7.038272,0],[107.480454,-7.037951,0],[107.480577,-7.037671,0],[107.480669,-7.037455,0],[107.480794,-7.037129,0],[107.480843,-7.037027,0],[107.480941,-7.036822,0],[107.481226,-7.036354,0],[107.481287,-7.03628,0],[107.48153,-7.035987,0],[107.481631,-7.035842,0],[107.481721,-7.035714,0],[107.481731,-7.035699,0],[107.481772,-7.035618,0],[107.48181,-7.035584,0],[107.481924,-7.035421,0],[107.481945,-7.035315,0],[107.481954,-7.035268,0],[107.481969,-7.035195,0],[107.48193,-7.034893,0],[107.481923,-7.034842,0],[107.48187,-7.034627,0],[107.481845,-7.034524,0],[107.481681,-7.034174,0],[107.481679,-7.034171,0],[107.481649,-7.034121,0],[107.481535,-7.033893,0],[107.481521,-7.033873,0],[107.481392,-7.033685,0],[107.481292,-7.033512,0],[107.481166,-7.033293,0],[107.481056,-7.033044,0],[107.481003,-7.032812,0],[107.481005,-7.032799,0],[107.481038,-7.032545,0],[107.481116,-7.032287,0],[107.481132,-7.032235,0],[107.481168,-7.03208,0],[107.481182,-7.032018,0],[107.481188,-7.031989,0],[107.481207,-7.031888,0],[107.481219,-7.031615,0],[107.481239,-7.03152,0],[107.481265,-7.031396,0],[107.481237,-7.031243,0],[107.481173,-7.031143,0],[107.481144,-7.031057,0],[107.481137,-7.03095,0],[107.481165,-7.030729,0],[107.481194,-7.030558,0],[107.481229,-7.030371,0],[107.481291,-7.030208,0],[107.481432,-7.029893,0],[107.481586,-7.029563,0],[107.481699,-7.029384,0],[107.481864,-7.029166,0],[107.482028,-7.028974,0],[107.482114,-7.028802,0],[107.482157,-7.028631,0],[107.482164,-7.028495,0],[107.482114,-7.028367,0],[107.482021,-7.028246,0],[107.481936,-7.02806,0],[107.481876,-7.027855,0],[107.481814,-7.027703,0],[107.481757,-7.027582,0],[107.481736,-7.027453,0],[107.481721,-7.027218,0],[107.481734,-7.026914,0],[107.481726,-7.026783,0],[107.481723,-7.026743,0],[107.481723,-7.026742,0],[107.481715,-7.02661,0],[107.481691,-7.02641,0],[107.481682,-7.026181,0],[107.481677,-7.026024,0],[107.481686,-7.025763,0],[107.481705,-7.025215,0],[107.481698,-7.025061,0],[107.481663,-7.02473,0],[107.481621,-7.024335,0],[107.481566,-7.024163,0],[107.481553,-7.024079,0],[107.481519,-7.023866,0],[107.481474,-7.0236,0],[107.481483,-7.023461,0],[107.481551,-7.023165,0],[107.481587,-7.023058,0],[107.481612,-7.022986,0],[107.48164,-7.022826,0],[107.481651,-7.022712,0],[107.481655,-7.022537,0],[107.481637,-7.022419,0],[107.481597,-7.022362,0],[107.481558,-7.022326,0],[107.481487,-7.02228,0],[107.481408,-7.022262,0],[107.481301,-7.022258,0],[107.481176,-7.022258,0],[107.481066,-7.022273,0],[107.480809,-7.022257,0],[107.480594,-7.022227,0],[107.480505,-7.022174,0],[107.48041,-7.022044,0],[107.480368,-7.021888,0],[107.480267,-7.021704,0],[107.480125,-7.021472,0],[107.480017,-7.021377,0],[107.479881,-7.021282,0],[107.47972,-7.021135,0],[107.479587,-7.021073,0],[107.479459,-7.021032,0],[107.479344,-7.02102,0],[107.479112,-7.020988,0],[107.47898,-7.020956,0],[107.478809,-7.020884,0],[107.478698,-7.02082,0],[107.478447,-7.020627,0],[107.478233,-7.020463,0],[107.477955,-7.020295,0],[107.477655,-7.020206,0],[107.477499,-7.020152,0],[107.477146,-7.020049,0],[107.476996,-7.020006,0],[107.47681,-7.01992,0],[107.476618,-7.01982,0],[107.476404,-7.019685,0],[107.476168,-7.01952,0],[107.47589,-7.019356,0],[107.475617,-7.019215,0],[107.475504,-7.019156,0],[107.475169,-7.018949,0],[107.474938,-7.018778,0],[107.474812,-7.018667,0],[107.474632,-7.018517,0],[107.47454,-7.018269,0],[107.474999,-7.017788,0],[107.474942,-7.01742,0],[107.474926,-7.017134,0],[107.475029,-7.016559,0],[107.475166,-7.016219,0],[107.475351,-7.015931,0],[107.475617,-7.015509,0],[107.475759,-7.015293,0],[107.475918,-7.015066,0],[107.476089,-7.014665,0],[107.47617,-7.01443,0],[107.47699,-7.01329,0],[107.47713,-7.01288,0],[107.477107,-7.012816,0],[107.47678,-7.01192,0],[107.47659,-7.0114,0],[107.47659,-7.0114,0],[107.47569,-7.01007,0],[107.47486,-7.00925,0],[107.47466,-7.0089,0],[107.47466,-7.00843,0],[107.47495,-7.00715,0],[107.47545,-7.0066,0],[107.47654,-7.00575,0],[107.47702,-7.00523,0],[107.477173,-7.004863,0],[107.477192,-7.004817,0],[107.477027,-7.004703,0],[107.476619,-7.004419,0],[107.475905,-7.003922,0],[107.474944,-7.003255,0],[107.474424,-7.002894,0],[107.474085,-7.002669,0],[107.473589,-7.002384,0],[107.472851,-7.001961,0],[107.47274,-7.001896,0],[107.472322,-7.001582,0],[107.472127,-7.001418,0],[107.47128,-7.00072,0],[107.47119,-7.000591,0],[107.471139,-7.000502,0],[107.471164,-7.000408,0],[107.471167,-7.000311,0],[107.471141,-7.000247,0],[107.471076,-7.000201,0],[107.470987,-7.000201,0],[107.470922,-7.00023,0],[107.470908,-7.000266,0],[107.470898,-7.000334,0],[107.470851,-7.000345,0],[107.470761,-7.000288,0],[107.470725,-7.00022,0],[107.470735,-7.000145,0],[107.470771,-7.000084,0],[107.470788,-7.000019,0],[107.470777,-6.999955,0],[107.470752,-6.999894,0],[107.47069,-6.999858,0],[107.470608,-6.999834,0],[107.47055,-6.999809,0],[107.470449,-6.999756,0],[107.470349,-6.999706,0],[107.470154,-6.999657,0],[107.470021,-6.999614,0],[107.469892,-6.999547,0],[107.469603,-6.999344,0],[107.469366,-6.998465,0],[107.469699,-6.998161,0],[107.469842,-6.998045,0],[107.469904,-6.99794,0],[107.469951,-6.99783,0],[107.470051,-6.9976,0],[107.47016,-6.997484,0],[107.47027,-6.997426,0],[107.470384,-6.997397,0],[107.470533,-6.997415,0],[107.470825,-6.997466,0],[107.470974,-6.997509,0],[107.471395,-6.997597,0],[107.471668,-6.997634,0],[107.471889,-6.997681,0],[107.47208,-6.997732,0],[107.472306,-6.997789,0],[107.472459,-6.99784,0],[107.47256,-6.997883,0],[107.472656,-6.997901,0],[107.472756,-6.997853,0],[107.473189,-6.99743,0],[107.473313,-6.997353,0],[107.473495,-6.99729,0],[107.473615,-6.997294,0],[107.473773,-6.997298,0],[107.474021,-6.997306,0],[107.474127,-6.997262,0],[107.474227,-6.997166,0],[107.474245,-6.997066,0],[107.47423,-6.996951,0],[107.474211,-6.996851,0],[107.474215,-6.996769,0],[107.474267,-6.996673,0],[107.474343,-6.996458,0],[107.474399,-6.996304,0],[107.474418,-6.99618,0],[107.474412,-6.996065,0],[107.47444,-6.99596,0],[107.474502,-6.995864,0],[107.474569,-6.995825,0],[107.474932,-6.995694,0],[107.475401,-6.995649,0],[107.475492,-6.995687,0],[107.475571,-6.995757,0],[107.475813,-6.995819,0],[107.476038,-6.995794,0],[107.476281,-6.995553,0],[107.476266,-6.995458,0],[107.476228,-6.995381,0],[107.476232,-6.995295,0],[107.47636,-6.995151,0],[107.476434,-6.994995,0],[107.476445,-6.994907,0],[107.477204,-6.994683,0],[107.477435,-6.99472,0],[107.477588,-6.994719,0],[107.477732,-6.99468,0],[107.477819,-6.994638,0],[107.477832,-6.994632,0],[107.477932,-6.994612,0],[107.478114,-6.994635,0],[107.478277,-6.994687,0],[107.478407,-6.994739,0],[107.478491,-6.994768,0],[107.479385,-6.995072,0],[107.479869,-6.995238,0],[107.481595,-6.995791,0],[107.48281,-6.996744,0],[107.48284,-6.996794,0],[107.482964,-6.997001,0],[107.483145,-6.997322,0],[107.483199,-6.997456,0],[107.483275,-6.997663,0],[107.48333,-6.997842,0],[107.483363,-6.997929,0],[107.483427,-6.998028,0],[107.483502,-6.99812,0],[107.483687,-6.998338,0],[107.483791,-6.99842,0],[107.483989,-6.998559,0],[107.484069,-6.99863,0],[107.484136,-6.998766,0],[107.484233,-6.998928,0],[107.484384,-6.999095,0],[107.484452,-6.999149,0],[107.484546,-6.999194,0],[107.484606,-6.999218,0],[107.484656,-6.999246,0],[107.48475,-6.999363,0],[107.484866,-6.999496,0],[107.485076,-6.999683,0],[107.485257,-6.999831,0],[107.485543,-7.00003,0],[107.485716,-7.000106,0],[107.48576,-7.000113,0],[107.485825,-7.000123,0],[107.485848,-7.000127,0],[107.486034,-7.000104,0],[107.48648,-6.99997,0],[107.48651,-6.99952,0],[107.48658,-6.99894,0],[107.48684,-6.99825,0],[107.48715,-6.99726,0],[107.4874,-6.99615,0],[107.487678,-6.995135,0],[107.487678,-6.995026,0],[107.487668,-6.994986,0],[107.487646,-6.994933,0],[107.487578,-6.994804,0],[107.487521,-6.994721,0],[107.487405,-6.994547,0],[107.487318,-6.994379,0],[107.487246,-6.994129,0],[107.487184,-6.993889,0],[107.487164,-6.99382,0],[107.487123,-6.993736,0],[107.487042,-6.9936,0],[107.486953,-6.993501,0],[107.486855,-6.993383,0],[107.486755,-6.993248,0],[107.486666,-6.993107,0],[107.486577,-6.992939,0],[107.486519,-6.992811,0],[107.486476,-6.992737,0],[107.486399,-6.992617,0],[107.486328,-6.992525,0],[107.486202,-6.992394,0],[107.486076,-6.992237,0],[107.485931,-6.991976,0],[107.485905,-6.991901,0],[107.485879,-6.991807,0],[107.485864,-6.991693,0],[107.485846,-6.991574,0],[107.485838,-6.991445,0],[107.48583,-6.991316,0],[107.485833,-6.991205,0],[107.485847,-6.991058,0],[107.485852,-6.990934,0],[107.48585,-6.990851,0],[107.485841,-6.99081,0],[107.485822,-6.990741,0],[107.485777,-6.990634,0],[107.485703,-6.990494,0],[107.485613,-6.990274,0],[107.485574,-6.990152,0],[107.485523,-6.990033,0],[107.485494,-6.989977,0],[107.485463,-6.989959,0],[107.485447,-6.989949,0],[107.485361,-6.989899,0],[107.485309,-6.989844,0],[107.485203,-6.989661,0],[107.485199,-6.989615,0],[107.485192,-6.989536,0],[107.485192,-6.989501,0],[107.485206,-6.989373,0],[107.485206,-6.98937,0],[107.485221,-6.989313,0],[107.485268,-6.989197,0],[107.485286,-6.989147,0],[107.485321,-6.989053,0],[107.485365,-6.988929,0],[107.485482,-6.988734,0],[107.485485,-6.988729,0],[107.485704,-6.988411,0],[107.485848,-6.988128,0],[107.485909,-6.988043,0],[107.485929,-6.988022,0],[107.485976,-6.987932,0],[107.486015,-6.987662,0],[107.486012,-6.987491,0],[107.486009,-6.987308,0],[107.486002,-6.987023,0],[107.486002,-6.986886,0],[107.486002,-6.986881,0],[107.486002,-6.986866,0],[107.486,-6.986747,0],[107.485991,-6.986282,0],[107.485986,-6.986137,0],[107.485977,-6.985847,0],[107.485969,-6.985579,0],[107.485909,-6.985231,0],[107.485852,-6.985052,0],[107.485745,-6.984826,0],[107.485835,-6.984636,0],[107.485863,-6.984497,0],[107.485905,-6.984349,0],[107.486005,-6.984195,0],[107.486086,-6.984128,0],[107.486113,-6.984061,0],[107.486131,-6.983884,0],[107.48613,-6.983626,0],[107.486129,-6.983348,0],[107.486166,-6.983209,0],[107.4864,-6.982861,0],[107.486579,-6.982639,0],[107.486689,-6.982523,0],[107.486765,-6.982417,0],[107.486808,-6.982336,0],[107.486838,-6.982197,0],[107.486852,-6.982091,0],[107.486858,-6.981966,0],[107.486875,-6.981587,0],[107.486842,-6.981266,0],[107.486869,-6.980983,0],[107.486919,-6.98086,0],[107.487065,-6.980662,0],[107.48719,-6.980497,0],[107.48751,-6.980022,0],[107.487646,-6.979834,0],[107.487731,-6.979726,0],[107.487875,-6.979675,0],[107.48908,-6.97933,0],[107.49,-6.97924,0],[107.49088,-6.97931,0],[107.49178,-6.97937,0],[107.49301,-6.97944,0],[107.493411,-6.979415,0],[107.494065,-6.97931,0],[107.494382,-6.979149,0],[107.494327,-6.978857,0],[107.49404,-6.97735,0],[107.49401,-6.97637,0],[107.49403,-6.97524,0],[107.49413,-6.97415,0],[107.494162,-6.973983,0],[107.49431,-6.97321,0],[107.49449,-6.97224,0],[107.49459,-6.9718,0],[107.49407,-6.97103,0],[107.49357,-6.97041,0],[107.4934,-6.97019,0],[107.49334,-6.97003,0],[107.49334,-6.96995,0],[107.49335,-6.96988,0],[107.49333,-6.96982,0],[107.49331,-6.96966,0],[107.49331,-6.96953,0],[107.49331,-6.96939,0],[107.49324,-6.96921,0],[107.49338,-6.96899,0],[107.49343,-6.96884,0],[107.49337,-6.9687,0],[107.493332,-6.968643,0],[107.49331,-6.96861,0],[107.49319,-6.96849,0],[107.49314,-6.96826,0],[107.49311,-6.96816,0],[107.49289,-6.96792,0],[107.4928,-6.96783,0],[107.49273,-6.96767,0],[107.49272,-6.96747,0],[107.49269,-6.9674,0],[107.49269,-6.967399,0],[107.49237,-6.96638,0],[107.492,-6.96583,0],[107.491958,-6.965768,0],[107.49148,-6.96506,0],[107.4908,-6.96428,0],[107.49042,-6.96405,0],[107.48984,-6.96379,0],[107.48905,-6.9636,0],[107.488652,-6.963504,0],[107.48847,-6.96346,0],[107.4875,-6.96337,0],[107.48682,-6.96339,0],[107.48606,-6.96341,0],[107.48524,-6.9634,0],[107.4843,-6.96339,0],[107.48336,-6.9635,0],[107.48224,-6.96375,0],[107.48231,-6.96421,0],[107.48255,-6.96518,0],[107.4826,-6.96554,0],[107.48257,-6.96607,0],[107.48226,-6.9666,0],[107.48166,-6.9673,0],[107.481193,-6.967719,0],[107.48059,-6.96826,0],[107.479822,-6.968913,0],[107.479728,-6.968992,0],[107.479727,-6.968992,0],[107.4796,-6.969151,0],[107.479581,-6.969123,0],[107.4796,-6.96911,0],[107.47955,-6.969,0],[107.47946,-6.96873,0],[107.47941,-6.96862,0],[107.47928,-6.96837,0],[107.47913,-6.96813,0],[107.47878,-6.96784,0],[107.47842,-6.96758,0],[107.47829,-6.96754,0],[107.47809,-6.96753,0],[107.47791,-6.96754,0],[107.47758,-6.96745,0],[107.47747,-6.96741,0],[107.47731,-6.96755,0],[107.47721,-6.96763,0],[107.47708,-6.96767,0],[107.47693,-6.96765,0],[107.47685,-6.9676,0],[107.47681,-6.96749,0],[107.47682,-6.96731,0],[107.47688,-6.96709,0],[107.47688,-6.96695,0],[107.47677,-6.96667,0],[107.47649,-6.96638,0],[107.47639,-6.9663,0],[107.47572,-6.96602,0],[107.47566,-6.96599,0],[107.47552,-6.96583,0],[107.47542,-6.96556,0],[107.47532,-6.96548,0],[107.47517,-6.96544,0],[107.47467,-6.96534,0],[107.47437,-6.96523,0],[107.47418,-6.96512,0],[107.47396,-6.96487,0],[107.47378,-6.96464,0],[107.47374,-6.96449,0],[107.47367,-6.96412,0],[107.47355,-6.96394,0],[107.47338,-6.96376,0],[107.47315,-6.9636,0],[107.47289,-6.96347,0],[107.47248,-6.96325,0],[107.472,-6.963,0],[107.4711,-6.96228,0],[107.47003,-6.96143,0],[107.4689,-6.96034,0],[107.46822,-6.95957,0],[107.468207,-6.959548,0],[107.46776,-6.95877,0],[107.46731,-6.95784,0],[107.46702,-6.95698,0],[107.46699,-6.95601,0],[107.46712,-6.95526,0],[107.467183,-6.955106,0],[107.46748,-6.95438,0],[107.46748,-6.95438,0],[107.46789,-6.9538,0],[107.46838,-6.9532,0],[107.46884,-6.95262,0],[107.468896,-6.952588,0],[107.46942,-6.95229,0],[107.47016,-6.95166,0],[107.470222,-6.9516,0],[107.470265,-6.951559,0],[107.470399,-6.951431,0],[107.470868,-6.950982,0],[107.47088,-6.95097,0],[107.471022,-6.950781,0],[107.471022,-6.950781,0],[107.471391,-6.950291,0],[107.47152,-6.95012,0],[107.47155,-6.950059,0],[107.471612,-6.949931,0],[107.471614,-6.949927,0],[107.471805,-6.949537,0],[107.471813,-6.94952,0],[107.471898,-6.949345,0],[107.47193,-6.94928,0],[107.47232,-6.94814,0],[107.472439,-6.947555,0],[107.47251,-6.94721,0],[107.47251,-6.94721,0],[107.472716,-6.946423,0],[107.4728,-6.9461,0],[107.4728,-6.9461,0],[107.47324,-6.94481,0],[107.47331,-6.944596,0],[107.47355,-6.94386,0],[107.47355,-6.94386,0],[107.473667,-6.943465,0],[107.47387,-6.94278,0],[107.47387,-6.94278,0],[107.47401,-6.942123,0],[107.47411,-6.94165,0],[107.474316,-6.940609,0],[107.47434,-6.94049,0],[107.47434,-6.94049,0],[107.474383,-6.940221,0],[107.47447,-6.93967,0],[107.47447,-6.93967,0],[107.47455,-6.93888,0],[107.47466,-6.93823,0],[107.47466,-6.93823,0],[107.474728,-6.937969,0],[107.47489,-6.93735,0],[107.47489,-6.93735,0],[107.47485,-6.93689,0],[107.474824,-6.936839,0],[107.47469,-6.93658,0],[107.47448,-6.93603,0],[107.47449,-6.93551,0],[107.474487,-6.935337,0],[107.474308,-6.935044,0],[107.474003,-6.934743,0],[107.473673,-6.934678,0],[107.473265,-6.93472,0],[107.472869,-6.934696,0],[107.472591,-6.934473,0],[107.47238,-6.934303,0],[107.471852,-6.93428,0],[107.471392,-6.93448,0],[107.470931,-6.934601,0],[107.470337,-6.934406,0],[107.469875,-6.934237,0],[107.469282,-6.934385,0],[107.468492,-6.934561,0],[107.467912,-6.934511,0],[107.467305,-6.93433,0],[107.466132,-6.934494,0],[107.464713,-6.9347,0],[107.463289,-6.934841,0],[107.461151,-6.934852,0],[107.459685,-6.935438,0],[107.458504,-6.93616,0],[107.457653,-6.935266,0],[107.456276,-6.934587,0],[107.454899,-6.934066,0],[107.450718,-6.93319,0],[107.447647,-6.932096,0],[107.447613,-6.932083,0],[107.445423,-6.93121,0],[107.443622,-6.930533,0],[107.44256,-6.929482,0],[107.442063,-6.928398,0],[107.441784,-6.928539,0],[107.441366,-6.928541,0],[107.440551,-6.928429,0],[107.439784,-6.92848,0],[107.439204,-6.928948,0],[107.438721,-6.929857,0],[107.438167,-6.930743,0],[107.43731,-6.931468,0],[107.436706,-6.93161,0],[107.435752,-6.931569,0],[107.434612,-6.931528,0],[107.434054,-6.931577,0],[107.433334,-6.931837,0],[107.432592,-6.932236,0],[107.432012,-6.932471,0],[107.43143,-6.932428,0],[107.430871,-6.932291,0],[107.43036,-6.932387,0],[107.429827,-6.932738,0],[107.429079,-6.933665,0],[107.428401,-6.933305,0],[107.42684,-6.933313,0],[107.425644,-6.933423,0],[107.424032,-6.933535,0],[107.42221,-6.93344,0],[107.420699,-6.933084,0],[107.419553,-6.932726,0],[107.418044,-6.932682,0],[107.416274,-6.932483,0],[107.415489,-6.932074,0],[107.415798,-6.93063,0],[107.415759,-6.929891,0],[107.415298,-6.929155,0],[107.414486,-6.928772,0],[107.413323,-6.928602,0],[107.412581,-6.928008,0],[107.411978,-6.927166,0],[107.4106,-6.926258,0],[107.408694,-6.925388,0],[107.406858,-6.924272,0],[107.406044,-6.923537,0],[107.405794,-6.922729,0],[107.405895,-6.921954,0],[107.406769,-6.920753,0],[107.407397,-6.919519,0],[107.407394,-6.91885,0],[107.406969,-6.918465,0],[107.406016,-6.918013,0],[107.4051,-6.917841,0],[107.403973,-6.917918,0],[107.403377,-6.918378,0],[107.402642,-6.919156,0],[107.401137,-6.921063,0],[107.400296,-6.921736,0],[107.399488,-6.922163,0],[107.398538,-6.922414,0],[107.397447,-6.922384,0],[107.396635,-6.922071,0],[107.395927,-6.92123,0],[107.395922,-6.92021,0],[107.396164,-6.919364,0],[107.396652,-6.918447,0],[107.397351,-6.917318,0],[107.398155,-6.916293,0],[107.398678,-6.915235,0],[107.398744,-6.914285,0],[107.398422,-6.913336,0],[107.398269,-6.912283,0],[107.397198,-6.911895,0],[107.396425,-6.911321,0],[107.396068,-6.911057,0],[107.395223,-6.910724,0],[107.394099,-6.911067,0],[107.393887,-6.911302,0],[107.39354,-6.911688,0],[107.393209,-6.913039,0],[107.392652,-6.91411,0],[107.391305,-6.914848,0],[107.390521,-6.915527,0],[107.390133,-6.916709,0],[107.389801,-6.917779,0],[107.388904,-6.918459,0],[107.389696,-6.919405,0],[107.390131,-6.920169,0],[107.390133,-6.920599,0],[107.390232,-6.921268,0],[107.389709,-6.92194,0],[107.388944,-6.921992,0],[107.387557,-6.92219,0],[107.386842,-6.922863,0],[107.386319,-6.923536,0],[107.385125,-6.92402,0],[107.383548,-6.924458,0],[107.381634,-6.924659,0],[107.380538,-6.925478,0],[107.379251,-6.926584,0],[107.378351,-6.927554,0],[107.378798,-6.92783,0],[107.378939,-6.928219,0],[107.378998,-6.928832,0],[107.37903,-6.929528,0],[107.379199,-6.930028,0],[107.37923,-6.930529,0],[107.379176,-6.93092,0],[107.378704,-6.931256,0],[107.378343,-6.931592,0],[107.378373,-6.931982,0],[107.378526,-6.93225,0],[107.3789,-6.93269,0],[107.37958,-6.93317,0],[107.38024,-6.933325,0],[107.38026,-6.93333,0],[107.380963,-6.933357,0],[107.381385,-6.933313,0],[107.38231,-6.93369,0],[107.38284,-6.93392,0],[107.3831,-6.93403,0],[107.38297,-6.9342,0],[107.38272,-6.934465,0],[107.382534,-6.934551,0],[107.382456,-6.934626,0],[107.382381,-6.934783,0],[107.382281,-6.934986,0],[107.382192,-6.935247,0],[107.382178,-6.935357,0],[107.38211,-6.9359,0],[107.382038,-6.936403,0],[107.382074,-6.936603,0],[107.382095,-6.936785,0],[107.382085,-6.937217,0],[107.382106,-6.937445,0],[107.382135,-6.937795,0],[107.382195,-6.938066,0],[107.382249,-6.938348,0],[107.382345,-6.939062,0],[107.38231,-6.94006,0],[107.382224,-6.940454,0],[107.382224,-6.940583,0],[107.382352,-6.94079,0],[107.382479,-6.940857,0],[107.382514,-6.940955,0],[107.382556,-6.941072,0],[107.382688,-6.941161,0],[107.38288,-6.941178,0],[107.382881,-6.941178,0],[107.382959,-6.941143,0],[107.383105,-6.941243,0],[107.38377,-6.94153,0],[107.38488,-6.94198,0],[107.38589,-6.94237,0],[107.38678,-6.94265,0],[107.38792,-6.94285,0],[107.38875,-6.94321,0],[107.38886,-6.943261,0],[107.3892,-6.94342,0],[107.38954,-6.94345,0],[107.39019,-6.94333,0],[107.39095,-6.94299,0],[107.391224,-6.942861,0],[107.391466,-6.942716,0],[107.391631,-6.942618,0],[107.3918,-6.942588,0],[107.39188,-6.94255,0],[107.39297,-6.94215,0],[107.39396,-6.94192,0],[107.3947,-6.94183,0],[107.39585,-6.9417,0],[107.39644,-6.941644,0],[107.3969,-6.9416,0],[107.39774,-6.94149,0],[107.39871,-6.94161,0],[107.39959,-6.94177,0],[107.40028,-6.94188,0],[107.40099,-6.94217,0],[107.4015,-6.94239,0],[107.40186,-6.94281,0],[107.402045,-6.943046,0],[107.40229,-6.94336,0],[107.402702,-6.94405,0],[107.40272,-6.94408,0],[107.403357,-6.944151,0],[107.403915,-6.94457,0],[107.404205,-6.944813,0],[107.40423,-6.944829,0],[107.404482,-6.944996,0],[107.404807,-6.945209,0],[107.404966,-6.945376,0],[107.405164,-6.945585,0],[107.405477,-6.945872,0],[107.406344,-6.946045,0],[107.407811,-6.946038,0],[107.40873,-6.94664,0],[107.408934,-6.946866,0],[107.409116,-6.947149,0],[107.409198,-6.947202,0],[107.409368,-6.94725,0],[107.409514,-6.947317,0],[107.409563,-6.947413,0],[107.409857,-6.947674,0],[107.410135,-6.947899,0],[107.410539,-6.948048,0],[107.411195,-6.948171,0],[107.411549,-6.948421,0],[107.411701,-6.948697,0],[107.411664,-6.948971,0],[107.411499,-6.949352,0],[107.411084,-6.949485,0],[107.41074,-6.949594,0],[107.410622,-6.949784,0],[107.410599,-6.949998,0],[107.410622,-6.950059,0],[107.410671,-6.950188,0],[107.410874,-6.950353,0],[107.411017,-6.950459,0],[107.411078,-6.950614,0],[107.411138,-6.950756,0],[107.411341,-6.950862,0],[107.41171,-6.950943,0],[107.412126,-6.95106,0],[107.412293,-6.951142,0],[107.412473,-6.951343,0],[107.412533,-6.951628,0],[107.412582,-6.951901,0],[107.412798,-6.952138,0],[107.412989,-6.952362,0],[107.413133,-6.952635,0],[107.413111,-6.952944,0],[107.413017,-6.953146,0],[107.412851,-6.953349,0],[107.412782,-6.953682,0],[107.412783,-6.953884,0],[107.412795,-6.954153,0],[107.412836,-6.954457,0],[107.412864,-6.95463,0],[107.41294,-6.954767,0],[107.413102,-6.954857,0],[107.413225,-6.9549,0],[107.41332,-6.954955,0],[107.413352,-6.955057,0],[107.413337,-6.955238,0],[107.41345,-6.95549,0],[107.413494,-6.95554,0],[107.41383,-6.95592,0],[107.414134,-6.956064,0],[107.414777,-6.956451,0],[107.415569,-6.956637,0],[107.416742,-6.957074,0],[107.417569,-6.957733,0],[107.418111,-6.958648,0],[107.418527,-6.959499,0],[107.419072,-6.960888,0],[107.419798,-6.962231,0],[107.421638,-6.96399,0],[107.42172,-6.965345,0],[107.421743,-6.967144,0],[107.421576,-6.967416,0],[107.423345,-6.968743,0],[107.424166,-6.969557,0],[107.424095,-6.969628,0],[107.423923,-6.969864,0],[107.423966,-6.970606,0],[107.423995,-6.970678,0],[107.423938,-6.97077,0],[107.424011,-6.970937,0],[107.42384,-6.97103,0],[107.42364,-6.971115,0],[107.423612,-6.971294,0],[107.423447,-6.971344,0],[107.423283,-6.971501,0],[107.423155,-6.971608,0],[107.423062,-6.971644,0],[107.422983,-6.971744,0],[107.422998,-6.971843,0],[107.422998,-6.971936,0],[107.422976,-6.972036,0],[107.423033,-6.9721,0],[107.423119,-6.972186,0],[107.423212,-6.972293,0],[107.423262,-6.972386,0],[107.42329,-6.972572,0],[107.42324,-6.972707,0],[107.423198,-6.9729,0],[107.423219,-6.973043,0],[107.423248,-6.9733,0],[107.423133,-6.973557,0],[107.422948,-6.973614,0],[107.422876,-6.973714,0],[107.422848,-6.973956,0],[107.422762,-6.974156,0],[107.422605,-6.974242,0],[107.422362,-6.97437,0],[107.422348,-6.974699,0],[107.42222,-6.974927,0],[107.421977,-6.975113,0],[107.421777,-6.975327,0],[107.421748,-6.975955,0],[107.42162,-6.976041,0],[107.421406,-6.976112,0],[107.421406,-6.976398,0],[107.42132,-6.976812,0],[107.421292,-6.977026,0],[107.421163,-6.97724,0],[107.420863,-6.977354,0],[107.420549,-6.977311,0],[107.420107,-6.977583,0],[107.419835,-6.977854,0],[107.419635,-6.978154,0],[107.419279,-6.978325,0],[107.418765,-6.978811,0],[107.418322,-6.979267,0],[107.418022,-6.979739,0],[107.418065,-6.980053,0],[107.418136,-6.980567,0],[107.418422,-6.980881,0],[107.418293,-6.981052,0],[107.417894,-6.981109,0],[107.417665,-6.981523,0],[107.417337,-6.981694,0],[107.41718,-6.98198,0],[107.41688,-6.982351,0],[107.416823,-6.982865,0],[107.41708,-6.983051,0],[107.417622,-6.982979,0],[107.418008,-6.983336,0],[107.417866,-6.983909,0],[107.418847,-6.983523,0],[107.419051,-6.983531,0],[107.419325,-6.983448,0],[107.419789,-6.9834,0],[107.420205,-6.983329,0],[107.420324,-6.983995,0],[107.420514,-6.983948,0],[107.420907,-6.983888,0],[107.421288,-6.983841,0],[107.421526,-6.983924,0],[107.421835,-6.984138,0],[107.422097,-6.984388,0],[107.422323,-6.984507,0],[107.42262,-6.984519,0],[107.422882,-6.98484,0],[107.42306,-6.985066,0],[107.423191,-6.984947,0],[107.423399,-6.984959,0],[107.424155,-6.987066,0],[107.42428,-6.98733,0],[107.424721,-6.988039,0],[107.424457,-6.988416,0],[107.424335,-6.988601,0],[107.424235,-6.988858,0],[107.424185,-6.98903,0],[107.424207,-6.989158,0],[107.424071,-6.989287,0],[107.423957,-6.989401,0],[107.4239,-6.989715,0],[107.423828,-6.990043,0],[107.423664,-6.990222,0],[107.423479,-6.990486,0],[107.423464,-6.990821,0],[107.423436,-6.991071,0],[107.423586,-6.991364,0],[107.423807,-6.991564,0],[107.424057,-6.991792,0],[107.424207,-6.991935,0],[107.424492,-6.992135,0],[107.424628,-6.992156,0],[107.424899,-6.992342,0],[107.424963,-6.992406,0],[107.424992,-6.992692,0],[107.425006,-6.99307,0],[107.424978,-6.993177,0],[107.424992,-6.993306,0],[107.424913,-6.993498,0],[107.424835,-6.993884,0],[107.424863,-6.994027,0],[107.424942,-6.994148,0],[107.424978,-6.994257,0],[107.42493,-6.994448,0],[107.424987,-6.994562,0],[107.424997,-6.994705,0],[107.425025,-6.994771,0],[107.425082,-6.994781,0],[107.425092,-6.994914,0],[107.425139,-6.994962,0],[107.425266,-6.994971,0],[107.42542,-6.9949,0],[107.425527,-6.994876,0],[107.425646,-6.994924,0],[107.425753,-6.994947,0],[107.425956,-6.994721,0],[107.426087,-6.994495,0],[107.42636,-6.994317,0],[107.426669,-6.994198,0],[107.426872,-6.994222,0],[107.427003,-6.994329,0],[107.427086,-6.994531,0],[107.42736,-6.99465,0],[107.427776,-6.994614,0],[107.428097,-6.994388,0],[107.428216,-6.994043,0],[107.42833,-6.99339,0],[107.42858,-6.99393,0],[107.42863,-6.99433,0],[107.42876,-6.99465,0],[107.428748,-6.994742,0],[107.42865,-6.99548,0],[107.428614,-6.995721,0],[107.42857,-6.99601,0],[107.42855,-6.99628,0],[107.42857,-6.99652,0],[107.429044,-6.997256,0],[107.432868,-6.997142,0],[107.432951,-6.997285,0],[107.433058,-6.997464,0],[107.43313,-6.997583,0],[107.433177,-6.997797,0],[107.433272,-6.997916,0],[107.433201,-6.998154,0],[107.433035,-6.998344,0],[107.432987,-6.998487,0],[107.433023,-6.998546,0],[107.433142,-6.998701,0],[107.433213,-6.998903,0],[107.433296,-6.999046,0],[107.433344,-6.999284,0],[107.433261,-6.999439,0],[107.433189,-6.999462,0],[107.433177,-6.999784,0],[107.433118,-7.00001,0],[107.432594,-7.000045,0],[107.432547,-7.000093,0],[107.432535,-7.000212,0],[107.432535,-7.000355,0],[107.432582,-7.000533,0],[107.432642,-7.000712,0],[107.43269,-7.000985,0],[107.432642,-7.001188,0],[107.432701,-7.001283,0],[107.432713,-7.001545,0],[107.432582,-7.001628,0],[107.432392,-7.001652,0],[107.432344,-7.001723,0],[107.43219,-7.001878,0],[107.43194,-7.002068,0],[107.431833,-7.002258,0],[107.431833,-7.002389,0],[107.431916,-7.002591,0],[107.431904,-7.002829,0],[107.431869,-7.003079,0],[107.431857,-7.003305,0],[107.431857,-7.003424,0],[107.431928,-7.003543,0],[107.43147,-7.003811,0],[107.43194,-7.00524,0],[107.43234,-7.006005,0],[107.43364,-7.00849,0],[107.434579,-7.009099,0],[107.435595,-7.009757,0],[107.43691,-7.01061,0]]]]},"properties":{"kd_propinsi":"32","kd_dati2":"17","kd_kecamatan":"011","nm_kecamatan":"Cililin"}},{"type":"Feature","geometry":{"type":"MultiPolygon","coordinates":[[[[107.350498,-6.976437,0],[107.350593,-6.976437,0],[107.35069,-6.97662,0],[107.350815,-6.976656,0],[107.350933,-6.976792,0],[107.350989,-6.976828,0],[107.351075,-6.976924,0],[107.351118,-6.977004,0],[107.351125,-6.977013,0],[107.351125,-6.977018,0],[107.351154,-6.977072,0],[107.35123,-6.977247,0],[107.35134,-6.977405,0],[107.351413,-6.977614,0],[107.351441,-6.977832,0],[107.351546,-6.978055,0],[107.351644,-6.978252,0],[107.351708,-6.978282,0],[107.35227,-6.97831,0],[107.352351,-6.978299,0],[107.352571,-6.978199,0],[107.352592,-6.978105,0],[107.352664,-6.977977,0],[107.352831,-6.977848,0],[107.353106,-6.97783,0],[107.353186,-6.977814,0],[107.353291,-6.977749,0],[107.353438,-6.977646,0],[107.353741,-6.977563,0],[107.354148,-6.977538,0],[107.354648,-6.97748,0],[107.354905,-6.977473,0],[107.355205,-6.977698,0],[107.355339,-6.977743,0],[107.355428,-6.977779,0],[107.35548,-6.97777,0],[107.355669,-6.977787,0],[107.355874,-6.977761,0],[107.356021,-6.977829,0],[107.356064,-6.977947,0],[107.356181,-6.978033,0],[107.35636,-6.978018,0],[107.356567,-6.978209,0],[107.356587,-6.978203,0],[107.356674,-6.978125,0],[107.356852,-6.978054,0],[107.357174,-6.978029,0],[107.357423,-6.978065,0],[107.35762,-6.978204,0],[107.35778,-6.978365,0],[107.357877,-6.978455,0],[107.357981,-6.978527,0],[107.358008,-6.978537,0],[107.358066,-6.978574,0],[107.35813,-6.978579,0],[107.358189,-6.978611,0],[107.358253,-6.978642,0],[107.358371,-6.978738,0],[107.358489,-6.978854,0],[107.3585,-6.979003,0],[107.358415,-6.979303,0],[107.358419,-6.979371,0],[107.358369,-6.979464,0],[107.358361,-6.979491,0],[107.358324,-6.979548,0],[107.358155,-6.97986,0],[107.358114,-6.979918,0],[107.358097,-6.979955,0],[107.358109,-6.980152,0],[107.358174,-6.980376,0],[107.357726,-6.980849,0],[107.357339,-6.981272,0],[107.357178,-6.98152,0],[107.357074,-6.981666,0],[107.356935,-6.981915,0],[107.356889,-6.982009,0],[107.35668,-6.982204,0],[107.356456,-6.982437,0],[107.356378,-6.982705,0],[107.356135,-6.983062,0],[107.356003,-6.983094,0],[107.355964,-6.98328,0],[107.355901,-6.983504,0],[107.35587,-6.983627,0],[107.355843,-6.983717,0],[107.355823,-6.98384,0],[107.355818,-6.984005,0],[107.355816,-6.984104,0],[107.355833,-6.984205,0],[107.355854,-6.984322,0],[107.35586,-6.98438,0],[107.355871,-6.984433,0],[107.355882,-6.984492,0],[107.355914,-6.98454,0],[107.355995,-6.98464,0],[107.356129,-6.984789,0],[107.356257,-6.984911,0],[107.356327,-6.985011,0],[107.35637,-6.985112,0],[107.356371,-6.985357,0],[107.356226,-6.985717,0],[107.3561,-6.986016,0],[107.356166,-6.986314,0],[107.356365,-6.986707,0],[107.356374,-6.986976,0],[107.356323,-6.987365,0],[107.356116,-6.98768,0],[107.355883,-6.987937,0],[107.355786,-6.988043,0],[107.355761,-6.98807,0],[107.35568,-6.988302,0],[107.355622,-6.988446,0],[107.35558,-6.988622,0],[107.355507,-6.988974,0],[107.355386,-6.989273,0],[107.35522,-6.98966,0],[107.355099,-6.989969,0],[107.355107,-6.990374,0],[107.355216,-6.990911,0],[107.355233,-6.9918,0],[107.355318,-6.992177,0],[107.35535,-6.99259,0],[107.355453,-6.992962,0],[107.355596,-6.993411,0],[107.355662,-6.99372,0],[107.355488,-6.994104,0],[107.355262,-6.994312,0],[107.355244,-6.994329,0],[107.355096,-6.994507,0],[107.355079,-6.994527,0],[107.354974,-6.994655,0],[107.354711,-6.994808,0],[107.354402,-6.994927,0],[107.354131,-6.995104,0],[107.353744,-6.995462,0],[107.353521,-6.995655,0],[107.353125,-6.995835,0],[107.35294,-6.996012,0],[107.352909,-6.996358,0],[107.35307,-6.996648,0],[107.35327,-6.996841,0],[107.353378,-6.996953,0],[107.353402,-6.996946,0],[107.353422,-6.99695,0],[107.353449,-6.996947,0],[107.353464,-6.996928,0],[107.353487,-6.996889,0],[107.353539,-6.99676,0],[107.353623,-6.996664,0],[107.353679,-6.996625,0],[107.353799,-6.996638,0],[107.353964,-6.996677,0],[107.354063,-6.996698,0],[107.354166,-6.996729,0],[107.354191,-6.996738,0],[107.354293,-6.996778,0],[107.354404,-6.996837,0],[107.354504,-6.996936,0],[107.354613,-6.996999,0],[107.354713,-6.99708,0],[107.354876,-6.99707,0],[107.354985,-6.997006,0],[107.355111,-6.996951,0],[107.355238,-6.996905,0],[107.355401,-6.996904,0],[107.355573,-6.996931,0],[107.355736,-6.996921,0],[107.355971,-6.996965,0],[107.356171,-6.997,0],[107.356307,-6.997054,0],[107.35647,-6.99708,0],[107.356633,-6.997079,0],[107.356814,-6.997141,0],[107.356978,-6.997213,0],[107.357132,-6.997239,0],[107.357295,-6.99722,0],[107.357448,-6.997138,0],[107.357584,-6.997092,0],[107.357701,-6.997019,0],[107.357837,-6.996964,0],[107.35799,-6.996864,0],[107.358162,-6.9968,0],[107.358396,-6.996766,0],[107.3584,-6.996655,0],[107.358453,-6.996587,0],[107.358592,-6.996566,0],[107.358814,-6.996514,0],[107.358835,-6.99651,0],[107.359031,-6.996464,0],[107.359116,-6.996491,0],[107.3592,-6.996517,0],[107.359397,-6.996649,0],[107.359716,-6.996514,0],[107.359885,-6.996371,0],[107.360053,-6.996219,0],[107.360177,-6.996085,0],[107.360292,-6.99596,0],[107.360443,-6.995923,0],[107.360657,-6.995949,0],[107.36068,-6.995953,0],[107.360889,-6.995992,0],[107.361128,-6.995813,0],[107.361281,-6.995828,0],[107.361555,-6.995687,0],[107.361776,-6.995436,0],[107.361926,-6.995213,0],[107.362085,-6.994964,0],[107.362209,-6.994865,0],[107.362387,-6.994749,0],[107.362511,-6.994677,0],[107.362564,-6.994571,0],[107.3626,-6.994504,0],[107.362629,-6.994442,0],[107.362653,-6.994356,0],[107.362678,-6.994335,0],[107.362686,-6.994314,0],[107.362711,-6.994318,0],[107.362719,-6.994306,0],[107.362731,-6.994289,0],[107.36274,-6.994273,0],[107.362772,-6.994235,0],[107.362805,-6.994215,0],[107.362805,-6.994198,0],[107.362855,-6.994177,0],[107.362904,-6.994144,0],[107.362966,-6.994127,0],[107.363065,-6.994131,0],[107.363111,-6.994221,0],[107.363144,-6.994291,0],[107.363194,-6.994402,0],[107.363239,-6.994524,0],[107.363319,-6.994604,0],[107.363435,-6.994698,0],[107.363523,-6.994809,0],[107.363548,-6.995015,0],[107.363665,-6.995242,0],[107.363839,-6.995311,0],[107.364137,-6.995384,0],[107.364177,-6.995401,0],[107.364319,-6.995461,0],[107.364427,-6.995609,0],[107.364433,-6.995693,0],[107.3645,-6.99577,0],[107.364672,-6.996044,0],[107.364748,-6.996137,0],[107.36492,-6.99621,0],[107.3651,-6.99628,0],[107.36513,-6.99635,0],[107.365225,-6.996492,0],[107.365348,-6.996655,0],[107.3654,-6.996724,0],[107.365441,-6.996776,0],[107.365517,-6.996823,0],[107.365704,-6.996903,0],[107.365856,-6.996943,0],[107.366043,-6.997053,0],[107.366143,-6.997186,0],[107.366277,-6.997186,0],[107.366464,-6.997272,0],[107.366642,-6.997361,0],[107.366858,-6.997459,0],[107.366998,-6.997482,0],[107.367101,-6.997438,0],[107.367587,-6.997923,0],[107.36782,-6.99784,0],[107.36834,-6.99762,0],[107.369311,-6.997111,0],[107.36956,-6.99698,0],[107.3706,-6.99637,0],[107.37155,-6.99584,0],[107.3724,-6.99529,0],[107.373367,-6.994683,0],[107.37342,-6.99465,0],[107.37362,-6.994447,0],[107.37407,-6.99399,0],[107.375,-6.99313,0],[107.37531,-6.9928,0],[107.37536,-6.99255,0],[107.37539,-6.99222,0],[107.37537,-6.99185,0],[107.37539,-6.99089,0],[107.37559,-6.99,0],[107.37583,-6.98902,0],[107.376,-6.98848,0],[107.37643,-6.9879,0],[107.37682,-6.98748,0],[107.37718,-6.9872,0],[107.37736,-6.98706,0],[107.377414,-6.987028,0],[107.37808,-6.98663,0],[107.37896,-6.98648,0],[107.37977,-6.98604,0],[107.380028,-6.985862,0],[107.38032,-6.98566,0],[107.38113,-6.98487,0],[107.38184,-6.98396,0],[107.38253,-6.98321,0],[107.3831,-6.98259,0],[107.3836,-6.98212,0],[107.38416,-6.98188,0],[107.38495,-6.98166,0],[107.38509,-6.98151,0],[107.38534,-6.98101,0],[107.38543,-6.98061,0],[107.38527,-6.98024,0],[107.385193,-6.980097,0],[107.385,-6.97974,0],[107.38459,-6.97928,0],[107.384247,-6.978853,0],[107.38406,-6.97862,0],[107.383952,-6.978451,0],[107.384176,-6.977992,0],[107.38431,-6.977324,0],[107.384484,-6.976426,0],[107.38436,-6.976032,0],[107.384473,-6.975659,0],[107.384646,-6.975622,0],[107.384595,-6.975493,0],[107.384544,-6.975328,0],[107.384492,-6.975171,0],[107.384519,-6.974964,0],[107.38462,-6.97489,0],[107.38544,-6.97442,0],[107.3864,-6.97397,0],[107.386598,-6.973674,0],[107.38666,-6.97358,0],[107.38684,-6.97294,0],[107.38685,-6.97209,0],[107.38681,-6.97135,0],[107.38685,-6.97063,0],[107.38704,-6.97016,0],[107.387109,-6.970049,0],[107.387348,-6.969664,0],[107.38735,-6.96966,0],[107.38765,-6.96918,0],[107.38779,-6.96906,0],[107.38827,-6.96862,0],[107.38843,-6.96849,0],[107.38881,-6.96835,0],[107.38903,-6.96826,0],[107.38932,-6.96803,0],[107.38956,-6.96771,0],[107.39009,-6.96697,0],[107.39022,-6.96682,0],[107.39049,-6.96588,0],[107.39057,-6.96538,0],[107.39109,-6.96468,0],[107.391099,-6.964671,0],[107.39155,-6.96421,0],[107.391999,-6.964086,0],[107.39202,-6.96408,0],[107.39231,-6.96415,0],[107.39265,-6.96436,0],[107.39311,-6.96474,0],[107.39351,-6.96524,0],[107.39383,-6.9657,0],[107.39428,-6.96625,0],[107.3947,-6.96665,0],[107.395152,-6.96692,0],[107.39522,-6.96696,0],[107.39539,-6.96699,0],[107.39636,-6.96716,0],[107.39705,-6.967291,0],[107.39752,-6.96738,0],[107.3987,-6.96764,0],[107.40008,-6.96785,0],[107.400479,-6.967888,0],[107.400976,-6.967936,0],[107.40128,-6.967965,0],[107.40174,-6.968186,0],[107.401933,-6.968462,0],[107.402174,-6.968796,0],[107.40253,-6.969119,0],[107.402694,-6.969443,0],[107.402849,-6.96973,0],[107.403194,-6.96989,0],[107.403549,-6.970003,0],[107.403998,-6.969905,0],[107.40428,-6.96985,0],[107.404282,-6.969852,0],[107.40472,-6.97036,0],[107.40521,-6.97068,0],[107.40567,-6.97076,0],[107.405869,-6.970755,0],[107.4064,-6.97074,0],[107.4073,-6.9706,0],[107.407639,-6.970524,0],[107.40833,-6.97037,0],[107.409215,-6.970227,0],[107.40938,-6.9702,0],[107.41051,-6.96997,0],[107.410991,-6.969867,0],[107.41168,-6.96972,0],[107.412904,-6.96967,0],[107.417747,-6.970407,0],[107.419416,-6.96983,0],[107.420072,-6.969318,0],[107.421189,-6.968047,0],[107.421562,-6.967438,0],[107.421576,-6.967416,0],[107.421743,-6.967144,0],[107.42172,-6.965345,0],[107.421638,-6.96399,0],[107.419798,-6.962231,0],[107.419072,-6.960888,0],[107.418527,-6.959499,0],[107.418111,-6.958648,0],[107.417569,-6.957733,0],[107.416742,-6.957074,0],[107.415569,-6.956637,0],[107.414777,-6.956451,0],[107.414134,-6.956064,0],[107.41383,-6.95592,0],[107.413494,-6.95554,0],[107.41345,-6.95549,0],[107.413337,-6.955238,0],[107.413352,-6.955057,0],[107.41332,-6.954955,0],[107.413225,-6.9549,0],[107.413102,-6.954857,0],[107.41294,-6.954767,0],[107.412864,-6.95463,0],[107.412836,-6.954457,0],[107.412795,-6.954153,0],[107.412783,-6.953884,0],[107.412782,-6.953682,0],[107.412851,-6.953349,0],[107.413017,-6.953146,0],[107.413111,-6.952944,0],[107.413133,-6.952635,0],[107.412989,-6.952362,0],[107.412798,-6.952138,0],[107.412582,-6.951901,0],[107.412533,-6.951628,0],[107.412473,-6.951343,0],[107.412293,-6.951142,0],[107.412126,-6.95106,0],[107.41171,-6.950943,0],[107.411341,-6.950862,0],[107.411138,-6.950756,0],[107.411078,-6.950614,0],[107.411017,-6.950459,0],[107.410874,-6.950353,0],[107.410671,-6.950188,0],[107.410622,-6.950059,0],[107.410599,-6.949998,0],[107.410622,-6.949784,0],[107.41074,-6.949594,0],[107.411084,-6.949485,0],[107.411499,-6.949352,0],[107.411664,-6.948971,0],[107.411701,-6.948697,0],[107.411549,-6.948421,0],[107.411195,-6.948171,0],[107.410539,-6.948048,0],[107.410135,-6.947899,0],[107.409857,-6.947674,0],[107.409563,-6.947413,0],[107.409514,-6.947317,0],[107.409368,-6.94725,0],[107.409198,-6.947202,0],[107.409116,-6.947149,0],[107.408934,-6.946866,0],[107.40873,-6.94664,0],[107.407811,-6.946038,0],[107.406344,-6.946045,0],[107.405477,-6.945872,0],[107.405164,-6.945585,0],[107.404966,-6.945376,0],[107.404807,-6.945209,0],[107.404482,-6.944996,0],[107.40423,-6.944829,0],[107.404205,-6.944813,0],[107.403915,-6.94457,0],[107.403357,-6.944151,0],[107.40272,-6.94408,0],[107.402702,-6.94405,0],[107.40229,-6.94336,0],[107.402045,-6.943046,0],[107.40186,-6.94281,0],[107.4015,-6.94239,0],[107.40099,-6.94217,0],[107.40028,-6.94188,0],[107.39959,-6.94177,0],[107.39871,-6.94161,0],[107.39774,-6.94149,0],[107.3969,-6.9416,0],[107.39644,-6.941644,0],[107.39585,-6.9417,0],[107.3947,-6.94183,0],[107.39396,-6.94192,0],[107.39297,-6.94215,0],[107.39188,-6.94255,0],[107.3918,-6.942588,0],[107.391631,-6.942618,0],[107.391466,-6.942716,0],[107.391224,-6.942861,0],[107.39095,-6.94299,0],[107.39019,-6.94333,0],[107.38954,-6.94345,0],[107.3892,-6.94342,0],[107.38886,-6.943261,0],[107.38875,-6.94321,0],[107.38792,-6.94285,0],[107.38678,-6.94265,0],[107.38589,-6.94237,0],[107.38488,-6.94198,0],[107.38377,-6.94153,0],[107.383105,-6.941243,0],[107.382959,-6.941143,0],[107.382881,-6.941178,0],[107.38288,-6.941178,0],[107.382688,-6.941161,0],[107.382556,-6.941072,0],[107.382514,-6.940955,0],[107.382479,-6.940857,0],[107.382352,-6.94079,0],[107.382224,-6.940583,0],[107.382224,-6.940454,0],[107.38231,-6.94006,0],[107.382345,-6.939062,0],[107.382249,-6.938348,0],[107.382195,-6.938066,0],[107.382135,-6.937795,0],[107.382106,-6.937445,0],[107.382085,-6.937217,0],[107.382095,-6.936785,0],[107.382074,-6.936603,0],[107.382038,-6.936403,0],[107.38211,-6.9359,0],[107.382178,-6.935357,0],[107.382192,-6.935247,0],[107.382281,-6.934986,0],[107.382381,-6.934783,0],[107.382456,-6.934626,0],[107.382534,-6.934551,0],[107.38272,-6.934465,0],[107.38297,-6.9342,0],[107.3831,-6.93403,0],[107.38284,-6.93392,0],[107.38231,-6.93369,0],[107.381385,-6.933313,0],[107.380963,-6.933357,0],[107.38026,-6.93333,0],[107.38024,-6.933325,0],[107.37958,-6.93317,0],[107.3789,-6.93269,0],[107.378526,-6.93225,0],[107.378373,-6.931982,0],[107.378343,-6.931592,0],[107.378704,-6.931256,0],[107.379176,-6.93092,0],[107.37923,-6.930529,0],[107.379199,-6.930028,0],[107.37903,-6.929528,0],[107.378998,-6.928832,0],[107.378939,-6.928219,0],[107.378798,-6.92783,0],[107.378351,-6.927554,0],[107.379251,-6.926584,0],[107.380538,-6.925478,0],[107.381634,-6.924659,0],[107.383548,-6.924458,0],[107.385125,-6.92402,0],[107.386319,-6.923536,0],[107.386842,-6.922863,0],[107.387557,-6.92219,0],[107.388944,-6.921992,0],[107.389709,-6.92194,0],[107.390232,-6.921268,0],[107.390133,-6.920599,0],[107.390131,-6.920169,0],[107.389696,-6.919405,0],[107.388904,-6.918459,0],[107.387497,-6.91841,0],[107.386088,-6.917967,0],[107.384338,-6.916907,0],[107.383545,-6.915787,0],[107.382136,-6.915344,0],[107.380674,-6.91552,0],[107.380004,-6.916423,0],[107.379614,-6.917324,0],[107.379619,-6.917732,0],[107.378541,-6.917774,0],[107.377751,-6.917778,0],[107.376603,-6.917748,0],[107.375777,-6.917716,0],[107.375166,-6.917647,0],[107.374492,-6.917519,0],[107.374288,-6.916982,0],[107.374016,-6.916379,0],[107.373307,-6.915845,0],[107.37263,-6.915042,0],[107.372426,-6.914472,0],[107.371985,-6.913836,0],[107.371412,-6.913435,0],[107.370772,-6.913237,0],[107.369663,-6.913276,0],[107.368823,-6.913515,0],[107.367891,-6.913242,0],[107.367516,-6.912957,0],[107.367428,-6.912613,0],[107.367483,-6.912081,0],[107.367452,-6.911651,0],[107.367393,-6.911408,0],[107.367163,-6.911222,0],[107.366777,-6.911096,0],[107.366774,-6.911095,0],[107.36653,-6.910996,0],[107.366271,-6.91094,0],[107.36595,-6.91109,0],[107.365899,-6.911114,0],[107.365611,-6.911129,0],[107.365551,-6.911087,0],[107.365251,-6.910873,0],[107.365034,-6.910573,0],[107.36453,-6.91036,0],[107.364433,-6.909894,0],[107.36428,-6.90967,0],[107.36401,-6.90937,0],[107.3635,-6.90887,0],[107.362898,-6.908527,0],[107.362688,-6.908355,0],[107.36267,-6.908309,0],[107.362602,-6.90823,0],[107.362556,-6.908216,0],[107.362495,-6.908123,0],[107.362516,-6.907991,0],[107.362442,-6.907831,0],[107.362342,-6.907674,0],[107.362356,-6.907638,0],[107.362249,-6.907417,0],[107.362117,-6.907363,0],[107.36207,-6.907274,0],[107.362094,-6.907181,0],[107.362065,-6.907141,0],[107.36205,-6.90712,0],[107.361895,-6.906985,0],[107.36186,-6.906928,0],[107.36186,-6.906806,0],[107.361746,-6.906628,0],[107.361756,-6.906353,0],[107.36181,-6.906239,0],[107.36182,-6.906082,0],[107.361939,-6.905964,0],[107.361935,-6.9059,0],[107.361983,-6.905861,0],[107.361985,-6.905796,0],[107.362028,-6.905696,0],[107.362117,-6.905636,0],[107.362145,-6.905504,0],[107.362163,-6.905457,0],[107.362238,-6.905443,0],[107.362284,-6.905325,0],[107.362292,-6.905243,0],[107.362431,-6.9051,0],[107.362499,-6.904986,0],[107.36252,-6.90472,0],[107.362477,-6.904568,0],[107.362449,-6.90444,0],[107.36221,-6.904301,0],[107.36211,-6.904319,0],[107.361945,-6.90429,0],[107.361796,-6.904383,0],[107.361773,-6.904461,0],[107.361665,-6.904489,0],[107.361297,-6.904934,0],[107.36094,-6.905115,0],[107.360823,-6.905095,0],[107.360407,-6.904274,0],[107.360361,-6.904084,0],[107.360382,-6.903962,0],[107.360317,-6.903515,0],[107.360279,-6.903359,0],[107.3603,-6.903173,0],[107.360254,-6.903034,0],[107.360218,-6.90298,0],[107.360214,-6.902877,0],[107.360175,-6.902741,0],[107.3601,-6.902634,0],[107.36,-6.902548,0],[107.3599,-6.902452,0],[107.35975,-6.902391,0],[107.359522,-6.902316,0],[107.359343,-6.902259,0],[107.359351,-6.902416,0],[107.359047,-6.902484,0],[107.358911,-6.902527,0],[107.357662,-6.902588,0],[107.356918,-6.902097,0],[107.356913,-6.902084,0],[107.356802,-6.901917,0],[107.356806,-6.901688,0],[107.356809,-6.901413,0],[107.356756,-6.901395,0],[107.356709,-6.901335,0],[107.356699,-6.901271,0],[107.356727,-6.901192,0],[107.356531,-6.900903,0],[107.356406,-6.900774,0],[107.35637,-6.900793,0],[107.356288,-6.900749,0],[107.356235,-6.900671,0],[107.356028,-6.900649,0],[107.355974,-6.90061,0],[107.355924,-6.900607,0],[107.355828,-6.900592,0],[107.355628,-6.900514,0],[107.355325,-6.900471,0],[107.355241,-6.900498,0],[107.355032,-6.90045,0],[107.354832,-6.900421,0],[107.354637,-6.900481,0],[107.354507,-6.900457,0],[107.354404,-6.900385,0],[107.354204,-6.900221,0],[107.354136,-6.900203,0],[107.354064,-6.90023,0],[107.353731,-6.900021,0],[107.353133,-6.899322,0],[107.35313,-6.899297,0],[107.352983,-6.899125,0],[107.352897,-6.899026,0],[107.352688,-6.898527,0],[107.352676,-6.898458,0],[107.352637,-6.898237,0],[107.352573,-6.898044,0],[107.352419,-6.897826,0],[107.352227,-6.897601,0],[107.352055,-6.897505,0],[107.35183,-6.89759,0],[107.351816,-6.897599,0],[107.351796,-6.897592,0],[107.351442,-6.897668,0],[107.351363,-6.897641,0],[107.351184,-6.897537,0],[107.351002,-6.897476,0],[107.350738,-6.89753,0],[107.350542,-6.897694,0],[107.350435,-6.897673,0],[107.350353,-6.897866,0],[107.350249,-6.897873,0],[107.350165,-6.897964,0],[107.350152,-6.897968,0],[107.350092,-6.897958,0],[107.350061,-6.897996,0],[107.349814,-6.898071,0],[107.34962,-6.897928,0],[107.349457,-6.897875,0],[107.349367,-6.897763,0],[107.349332,-6.897679,0],[107.349242,-6.897554,0],[107.349242,-6.897447,0],[107.349205,-6.897322,0],[107.349133,-6.897161,0],[107.349168,-6.897053,0],[107.349095,-6.896839,0],[107.349094,-6.896836,0],[107.34914,-6.896125,0],[107.349157,-6.896092,0],[107.34925,-6.895992,0],[107.3493,-6.895849,0],[107.349218,-6.895481,0],[107.349239,-6.895185,0],[107.349143,-6.894939,0],[107.348936,-6.894742,0],[107.348726,-6.8946,0],[107.348601,-6.89443,0],[107.348271,-6.893264,0],[107.348268,-6.893222,0],[107.348254,-6.893205,0],[107.34824,-6.893155,0],[107.34825,-6.893076,0],[107.348258,-6.893058,0],[107.348326,-6.892965,0],[107.348361,-6.89294,0],[107.348376,-6.892898,0],[107.348481,-6.892757,0],[107.348532,-6.89274,0],[107.348582,-6.892669,0],[107.348587,-6.892614,0],[107.348666,-6.892509,0],[107.348664,-6.892213,0],[107.348526,-6.892229,0],[107.348468,-6.892183,0],[107.348429,-6.892151,0],[107.348254,-6.892208,0],[107.34807,-6.8922,0],[107.34759,-6.89213,0],[107.3471,-6.89222,0],[107.34658,-6.892176,0],[107.34634,-6.89201,0],[107.346016,-6.89169,0],[107.345872,-6.891565,0],[107.345849,-6.891547,0],[107.345692,-6.891423,0],[107.345548,-6.891245,0],[107.345386,-6.891174,0],[107.345314,-6.891085,0],[107.345195,-6.890984,0],[107.345086,-6.890877,0],[107.344776,-6.890724,0],[107.344499,-6.890627,0],[107.34448,-6.89062,0],[107.344013,-6.890491,0],[107.34369,-6.890421,0],[107.343457,-6.890351,0],[107.343242,-6.89028,0],[107.342631,-6.890051,0],[107.342487,-6.889765,0],[107.34245,-6.889496,0],[107.342395,-6.889264,0],[107.34247,-6.888761,0],[107.342595,-6.888239,0],[107.342606,-6.887875,0],[107.342388,-6.887658,0],[107.342421,-6.887366,0],[107.34231,-6.887283,0],[107.342352,-6.887183,0],[107.342267,-6.886908,0],[107.342106,-6.886555,0],[107.341917,-6.886358,0],[107.341685,-6.886237,0],[107.340839,-6.885795,0],[107.340647,-6.885956,0],[107.340605,-6.885983,0],[107.340519,-6.886042,0],[107.340431,-6.886112,0],[107.340342,-6.886179,0],[107.340291,-6.886211,0],[107.340182,-6.886267,0],[107.340076,-6.886317,0],[107.339997,-6.886356,0],[107.339918,-6.886384,0],[107.339826,-6.886415,0],[107.339742,-6.88645,0],[107.339641,-6.886477,0],[107.339621,-6.886479,0],[107.339611,-6.88648,0],[107.339604,-6.886481,0],[107.339592,-6.886482,0],[107.339492,-6.886489,0],[107.339377,-6.88651,0],[107.339277,-6.886546,0],[107.339201,-6.886572,0],[107.339126,-6.886595,0],[107.339118,-6.886597,0],[107.339111,-6.886599,0],[107.339003,-6.886629,0],[107.338865,-6.886655,0],[107.33874,-6.886672,0],[107.338587,-6.88669,0],[107.338455,-6.886712,0],[107.338313,-6.886755,0],[107.338173,-6.886795,0],[107.338007,-6.886824,0],[107.337853,-6.886842,0],[107.33771,-6.886858,0],[107.337648,-6.886868,0],[107.33752,-6.886878,0],[107.337391,-6.886881,0],[107.337265,-6.886881,0],[107.337127,-6.886882,0],[107.336983,-6.886886,0],[107.336833,-6.886893,0],[107.336657,-6.886894,0],[107.336594,-6.886897,0],[107.336493,-6.886913,0],[107.336382,-6.886938,0],[107.336237,-6.886961,0],[107.336211,-6.886966,0],[107.336069,-6.886997,0],[107.335933,-6.887027,0],[107.335863,-6.887042,0],[107.335355,-6.887082,0],[107.335178,-6.887071,0],[107.335098,-6.887031,0],[107.334964,-6.886892,0],[107.334875,-6.886772,0],[107.334763,-6.886664,0],[107.33461,-6.88663,0],[107.334478,-6.886645,0],[107.33434,-6.886741,0],[107.334177,-6.886813,0],[107.333996,-6.886867,0],[107.333851,-6.886879,0],[107.333581,-6.886926,0],[107.333266,-6.886924,0],[107.333069,-6.886947,0],[107.332827,-6.887034,0],[107.332448,-6.887241,0],[107.332147,-6.887517,0],[107.331958,-6.887787,0],[107.331796,-6.888006,0],[107.331601,-6.888157,0],[107.331387,-6.888303,0],[107.331152,-6.888429,0],[107.330888,-6.888505,0],[107.330633,-6.888496,0],[107.330473,-6.888472,0],[107.330229,-6.888201,0],[107.330105,-6.88805,0],[107.329998,-6.887927,0],[107.329755,-6.887743,0],[107.329542,-6.887621,0],[107.329069,-6.887388,0],[107.328483,-6.887288,0],[107.327809,-6.887237,0],[107.327441,-6.887239,0],[107.327099,-6.887242,0],[107.326849,-6.887208,0],[107.326664,-6.887112,0],[107.326525,-6.887143,0],[107.326111,-6.887298,0],[107.325788,-6.887412,0],[107.324628,-6.887806,0],[107.324419,-6.887837,0],[107.324373,-6.887844,0],[107.323242,-6.887884,0],[107.323113,-6.888021,0],[107.322813,-6.888344,0],[107.322784,-6.888366,0],[107.322611,-6.888444,0],[107.322398,-6.888555,0],[107.322321,-6.888675,0],[107.322291,-6.888734,0],[107.321963,-6.889366,0],[107.321896,-6.889495,0],[107.321856,-6.889521,0],[107.321537,-6.889726,0],[107.32128,-6.890088,0],[107.32114,-6.890233,0],[107.320976,-6.890379,0],[107.320561,-6.89075,0],[107.319955,-6.891125,0],[107.319569,-6.891211,0],[107.319261,-6.891284,0],[107.319087,-6.891434,0],[107.318989,-6.891612,0],[107.318915,-6.89209,0],[107.318861,-6.892137,0],[107.318675,-6.89223,0],[107.318394,-6.892378,0],[107.317991,-6.892684,0],[107.317853,-6.892879,0],[107.317812,-6.893199,0],[107.317733,-6.893377,0],[107.317716,-6.893398,0],[107.317441,-6.893729,0],[107.317278,-6.893818,0],[107.316144,-6.89459,0],[107.315891,-6.894849,0],[107.315855,-6.8949,0],[107.315232,-6.895903,0],[107.314963,-6.896158,0],[107.314484,-6.896563,0],[107.314418,-6.896782,0],[107.314415,-6.896791,0],[107.314341,-6.89745,0],[107.314342,-6.897451,0],[107.314348,-6.897472,0],[107.314363,-6.897515,0],[107.314499,-6.89793,0],[107.31454,-6.898058,0],[107.314548,-6.898066,0],[107.314556,-6.898074,0],[107.314661,-6.898136,0],[107.314848,-6.898272,0],[107.314959,-6.898423,0],[107.315025,-6.898558,0],[107.315031,-6.898569,0],[107.315062,-6.89863,0],[107.315084,-6.898674,0],[107.315143,-6.898847,0],[107.315159,-6.898893,0],[107.315177,-6.898993,0],[107.315188,-6.899193,0],[107.315187,-6.899208,0],[107.315175,-6.899348,0],[107.315174,-6.899348,0],[107.315081,-6.899567,0],[107.31507,-6.899721,0],[107.315058,-6.900084,0],[107.314971,-6.900182,0],[107.314873,-6.900294,0],[107.314699,-6.900453,0],[107.314471,-6.900662,0],[107.314467,-6.900665,0],[107.31424,-6.900825,0],[107.314237,-6.900829,0],[107.314233,-6.900832,0],[107.313797,-6.901297,0],[107.313627,-6.901547,0],[107.31339,-6.901787,0],[107.312811,-6.90235,0],[107.312808,-6.902356,0],[107.312805,-6.902361,0],[107.312711,-6.902518,0],[107.31261,-6.902683,0],[107.312583,-6.902727,0],[107.312518,-6.902813,0],[107.312196,-6.903224,0],[107.311954,-6.903534,0],[107.311954,-6.903534,0],[107.311954,-6.903534,0],[107.311937,-6.903571,0],[107.311836,-6.903788,0],[107.311685,-6.903972,0],[107.311645,-6.903993,0],[107.311266,-6.904147,0],[107.311134,-6.904214,0],[107.311053,-6.904251,0],[107.310944,-6.9043,0],[107.310732,-6.904398,0],[107.31067,-6.90444,0],[107.310623,-6.904472,0],[107.310464,-6.90458,0],[107.310453,-6.904587,0],[107.310005,-6.904606,0],[107.309484,-6.904799,0],[107.309483,-6.904799,0],[107.309471,-6.904807,0],[107.309441,-6.904825,0],[107.309267,-6.904931,0],[107.309101,-6.90496,0],[107.308753,-6.905021,0],[107.308728,-6.905033,0],[107.308684,-6.905052,0],[107.308577,-6.905101,0],[107.308322,-6.905158,0],[107.308233,-6.905254,0],[107.308002,-6.905701,0],[107.307953,-6.90585,0],[107.307905,-6.905889,0],[107.30781,-6.905966,0],[107.307702,-6.906109,0],[107.307605,-6.90629,0],[107.30739,-6.90649,0],[107.307201,-6.906666,0],[107.307073,-6.906785,0],[107.306867,-6.906967,0],[107.306866,-6.906967,0],[107.306622,-6.90712,0],[107.306612,-6.907127,0],[107.306602,-6.907134,0],[107.306524,-6.907242,0],[107.306563,-6.907411,0],[107.306614,-6.907601,0],[107.306632,-6.907669,0],[107.307124,-6.907452,0],[107.30749,-6.90729,0],[107.3078,-6.90727,0],[107.30802,-6.90724,0],[107.3082,-6.90725,0],[107.30837,-6.90724,0],[107.30849,-6.90719,0],[107.30868,-6.90714,0],[107.30889,-6.90711,0],[107.30899,-6.9071,0],[107.30917,-6.90708,0],[107.30925,-6.90709,0],[107.30958,-6.90713,0],[107.30983,-6.9072,0],[107.30994,-6.90723,0],[107.31013,-6.90732,0],[107.31026,-6.90739,0],[107.31057,-6.90757,0],[107.31089,-6.90768,0],[107.3114,-6.90775,0],[107.31175,-6.90781,0],[107.31203,-6.9078,0],[107.31215,-6.90788,0],[107.31232,-6.9081,0],[107.31272,-6.90839,0],[107.313,-6.9086,0],[107.31333,-6.90926,0],[107.3135,-6.90959,0],[107.31361,-6.90982,0],[107.31361,-6.91008,0],[107.31382,-6.91043,0],[107.314062,-6.91069,0],[107.31408,-6.91071,0],[107.31419,-6.91078,0],[107.31434,-6.91087,0],[107.31484,-6.91106,0],[107.314915,-6.911112,0],[107.31497,-6.91115,0],[107.31513,-6.91163,0],[107.31522,-6.91208,0],[107.31531,-6.91232,0],[107.31575,-6.91259,0],[107.315859,-6.912706,0],[107.31592,-6.91277,0],[107.316,-6.91285,0],[107.3162,-6.91281,0],[107.31654,-6.91281,0],[107.3171,-6.91283,0],[107.31719,-6.91283,0],[107.3175,-6.91281,0],[107.31908,-6.91341,0],[107.3193,-6.91358,0],[107.31945,-6.91372,0],[107.31956,-6.91375,0],[107.31974,-6.91373,0],[107.31988,-6.91389,0],[107.32007,-6.91404,0],[107.320136,-6.914065,0],[107.32085,-6.91434,0],[107.3213,-6.91462,0],[107.32166,-6.91484,0],[107.32192,-6.91506,0],[107.32199,-6.91515,0],[107.32202,-6.91544,0],[107.32206,-6.91577,0],[107.32211,-6.916,0],[107.32219,-6.91634,0],[107.32225,-6.91659,0],[107.32232,-6.91672,0],[107.32249,-6.91683,0],[107.32268,-6.91685,0],[107.32275,-6.91681,0],[107.32294,-6.91647,0],[107.32314,-6.91639,0],[107.32333,-6.9164,0],[107.32341,-6.91643,0],[107.323625,-6.916531,0],[107.32371,-6.91657,0],[107.32384,-6.91668,0],[107.32395,-6.91694,0],[107.32399,-6.91723,0],[107.32391,-6.91755,0],[107.32386,-6.91773,0],[107.32384,-6.91783,0],[107.32379,-6.91801,0],[107.3236,-6.91859,0],[107.32358,-6.91874,0],[107.3234,-6.91938,0],[107.32294,-6.91938,0],[107.32276,-6.91944,0],[107.3225,-6.919708,0],[107.32245,-6.91976,0],[107.32217,-6.91999,0],[107.32206,-6.92006,0],[107.32176,-6.92007,0],[107.32155,-6.92007,0],[107.32129,-6.92015,0],[107.32101,-6.92036,0],[107.32094,-6.92045,0],[107.32064,-6.92093,0],[107.32056,-6.92102,0],[107.3202,-6.9211,0],[107.31966,-6.9212,0],[107.3192,-6.92131,0],[107.31866,-6.92151,0],[107.31846,-6.92162,0],[107.31838,-6.92179,0],[107.31835,-6.92192,0],[107.3184,-6.92203,0],[107.31872,-6.92211,0],[107.318809,-6.922118,0],[107.31948,-6.92218,0],[107.31965,-6.92222,0],[107.31974,-6.92234,0],[107.31986,-6.92287,0],[107.32033,-6.92427,0],[107.3205,-6.92488,0],[107.32041,-6.92552,0],[107.32017,-6.92637,0],[107.320136,-6.926744,0],[107.3201,-6.927138,0],[107.32008,-6.92735,0],[107.320084,-6.927424,0],[107.320114,-6.927946,0],[107.32012,-6.92805,0],[107.32018,-6.92843,0],[107.32032,-6.92896,0],[107.32049,-6.92988,0],[107.32044,-6.93054,0],[107.32014,-6.93124,0],[107.32007,-6.93138,0],[107.31993,-6.93169,0],[107.31973,-6.93196,0],[107.31936,-6.93237,0],[107.31926,-6.93245,0],[107.3189,-6.9328,0],[107.318652,-6.933285,0],[107.31823,-6.93411,0],[107.31814,-6.93422,0],[107.31776,-6.93464,0],[107.31748,-6.93481,0],[107.31701,-6.93509,0],[107.31676,-6.93527,0],[107.3166,-6.93537,0],[107.31641,-6.93551,0],[107.31624,-6.93572,0],[107.31565,-6.93696,0],[107.315529,-6.937154,0],[107.3154,-6.93736,0],[107.31527,-6.9377,0],[107.31521,-6.93808,0],[107.31515,-6.93834,0],[107.31499,-6.93851,0],[107.31481,-6.93862,0],[107.31426,-6.93889,0],[107.31408,-6.93906,0],[107.31399,-6.93929,0],[107.31388,-6.93951,0],[107.31353,-6.93995,0],[107.31322,-6.94029,0],[107.31283,-6.94105,0],[107.31283,-6.94127,0],[107.31283,-6.94146,0],[107.3128,-6.9416,0],[107.31269,-6.94159,0],[107.31238,-6.94155,0],[107.31206,-6.94162,0],[107.31163,-6.94174,0],[107.31123,-6.94195,0],[107.31068,-6.94245,0],[107.31037,-6.94267,0],[107.31025,-6.94287,0],[107.31019,-6.94311,0],[107.31006,-6.94348,0],[107.30974,-6.94376,0],[107.30942,-6.94408,0],[107.30933,-6.94416,0],[107.30907,-6.94439,0],[107.30873,-6.94446,0],[107.30831,-6.94457,0],[107.30798,-6.9447,0],[107.30768,-6.94479,0],[107.3076,-6.94481,0],[107.30741,-6.94489,0],[107.30734,-6.94492,0],[107.30684,-6.94521,0],[107.30667,-6.9453,0],[107.30634,-6.94552,0],[107.30622,-6.94561,0],[107.3059,-6.94587,0],[107.30579,-6.94596,0],[107.30558,-6.94628,0],[107.30572,-6.94704,0],[107.30585,-6.94722,0],[107.30594,-6.9475,0],[107.30593,-6.94773,0],[107.30585,-6.94789,0],[107.3056,-6.94815,0],[107.30496,-6.94882,0],[107.30479,-6.94894,0],[107.30459,-6.94913,0],[107.30449,-6.94933,0],[107.30447,-6.94955,0],[107.304313,-6.950059,0],[107.30431,-6.95007,0],[107.30413,-6.95054,0],[107.30402,-6.95079,0],[107.30397,-6.95101,0],[107.30395,-6.9511,0],[107.30387,-6.95145,0],[107.30379,-6.95195,0],[107.303693,-6.952724,0],[107.30369,-6.95275,0],[107.30429,-6.96493,0],[107.30439,-6.96516,0],[107.3045,-6.96575,0],[107.3046,-6.9673,0],[107.30493,-6.96823,0],[107.30499,-6.96882,0],[107.30491,-6.96936,0],[107.30487,-6.96987,0],[107.30489,-6.96993,0],[107.30476,-6.97011,0],[107.30443,-6.97023,0],[107.304,-6.97029,0],[107.30356,-6.9703,0],[107.30337,-6.97034,0],[107.30323,-6.97044,0],[107.30269,-6.97092,0],[107.30258,-6.97105,0],[107.30259,-6.97111,0],[107.30269,-6.97129,0],[107.30283,-6.97146,0],[107.30295,-6.97161,0],[107.30311,-6.97183,0],[107.30316,-6.97188,0],[107.30343,-6.97219,0],[107.30351,-6.97229,0],[107.3036,-6.97249,0],[107.30372,-6.97277,0],[107.30377,-6.97301,0],[107.30377,-6.97307,0],[107.30386,-6.97367,0],[107.30392,-6.97389,0],[107.30402,-6.97409,0],[107.304031,-6.974135,0],[107.30406,-6.97425,0],[107.30412,-6.97458,0],[107.30442,-6.975,0],[107.30451,-6.97523,0],[107.30524,-6.97617,0],[107.30583,-6.97673,0],[107.30625,-6.97701,0],[107.30662,-6.97722,0],[107.30707,-6.97735,0],[107.30811,-6.97743,0],[107.30872,-6.97747,0],[107.30921,-6.97748,0],[107.31024,-6.9775,0],[107.3108,-6.97748,0],[107.31228,-6.97723,0],[107.31334,-6.97706,0],[107.313615,-6.97701,0],[107.314166,-6.976858,0],[107.31536,-6.976663,0],[107.315921,-6.976635,0],[107.316235,-6.976477,0],[107.316545,-6.976281,0],[107.316766,-6.976178,0],[107.31691,-6.97616,0],[107.317297,-6.975994,0],[107.3174,-6.97595,0],[107.317403,-6.975948,0],[107.317623,-6.975739,0],[107.318053,-6.975326,0],[107.318292,-6.975106,0],[107.318438,-6.975126,0],[107.31863,-6.975189,0],[107.318729,-6.975203,0],[107.318972,-6.975301,0],[107.319377,-6.975492,0],[107.319484,-6.975498,0],[107.31985,-6.97536,0],[107.320183,-6.975326,0],[107.320416,-6.975307,0],[107.320465,-6.975298,0],[107.320601,-6.97522,0],[107.320746,-6.975156,0],[107.32085,-6.975147,0],[107.320896,-6.975143,0],[107.321089,-6.975146,0],[107.321343,-6.975352,0],[107.321584,-6.975559,0],[107.321898,-6.975766,0],[107.322106,-6.975856,0],[107.322309,-6.975992,0],[107.322514,-6.976035,0],[107.322518,-6.976034,0],[107.322525,-6.976132,0],[107.32289,-6.97615,0],[107.323,-6.97614,0],[107.32311,-6.97606,0],[107.32348,-6.97584,0],[107.32375,-6.9757,0],[107.32409,-6.97551,0],[107.32418,-6.97546,0],[107.3244,-6.97533,0],[107.32475,-6.97528,0],[107.32508,-6.97528,0],[107.32544,-6.9754,0],[107.32571,-6.97551,0],[107.32578,-6.97552,0],[107.32582,-6.97542,0],[107.32596,-6.97522,0],[107.326043,-6.975145,0],[107.326131,-6.975182,0],[107.32666,-6.975429,0],[107.326946,-6.975574,0],[107.327141,-6.975668,0],[107.327307,-6.975742,0],[107.327701,-6.975925,0],[107.328637,-6.976004,0],[107.329558,-6.975954,0],[107.329618,-6.975951,0],[107.32982,-6.97594,0],[107.32983,-6.97594,0],[107.33002,-6.97598,0],[107.330107,-6.976022,0],[107.330245,-6.97608,0],[107.33026,-6.976087,0],[107.330355,-6.976125,0],[107.33049,-6.97617,0],[107.330679,-6.97622,0],[107.330878,-6.976234,0],[107.330955,-6.97623,0],[107.3313,-6.976223,0],[107.331519,-6.976235,0],[107.331989,-6.976228,0],[107.332111,-6.976226,0],[107.332469,-6.976164,0],[107.332755,-6.976008,0],[107.333064,-6.97581,0],[107.333295,-6.975678,0],[107.333452,-6.97561,0],[107.333696,-6.975506,0],[107.333943,-6.975385,0],[107.334286,-6.975257,0],[107.334715,-6.975198,0],[107.334862,-6.975163,0],[107.334942,-6.975123,0],[107.335099,-6.975005,0],[107.335242,-6.974936,0],[107.335259,-6.974926,0],[107.33535,-6.97486,0],[107.335444,-6.974748,0],[107.335451,-6.974738,0],[107.33554,-6.97447,0],[107.335653,-6.974205,0],[107.33569,-6.97412,0],[107.33579,-6.97396,0],[107.33622,-6.97392,0],[107.33641,-6.97382,0],[107.336587,-6.973634,0],[107.336613,-6.973608,0],[107.336888,-6.973353,0],[107.337056,-6.973281,0],[107.33713,-6.97325,0],[107.337328,-6.973191,0],[107.337596,-6.973113,0],[107.337707,-6.973095,0],[107.33782,-6.97308,0],[107.337887,-6.973086,0],[107.338179,-6.973113,0],[107.338827,-6.973243,0],[107.338885,-6.973264,0],[107.33934,-6.97343,0],[107.339352,-6.973432,0],[107.339927,-6.973795,0],[107.340565,-6.974217,0],[107.340925,-6.97424,0],[107.340946,-6.974251,0],[107.341199,-6.974355,0],[107.341838,-6.974594,0],[107.34202,-6.97477,0],[107.342229,-6.974945,0],[107.342509,-6.975322,0],[107.34273,-6.975388,0],[107.342953,-6.975473,0],[107.343277,-6.975657,0],[107.343347,-6.975642,0],[107.343427,-6.975625,0],[107.343706,-6.975494,0],[107.343859,-6.975478,0],[107.344349,-6.975561,0],[107.344725,-6.975745,0],[107.345003,-6.97576,0],[107.345747,-6.975735,0],[107.346791,-6.97573,0],[107.346856,-6.975746,0],[107.346899,-6.975756,0],[107.347011,-6.975758,0],[107.347401,-6.97586,0],[107.347641,-6.975922,0],[107.34851,-6.975913,0],[107.348783,-6.976017,0],[107.34893,-6.976069,0],[107.34914,-6.976006,0],[107.349423,-6.975858,0],[107.349603,-6.975818,0],[107.349875,-6.975862,0],[107.350011,-6.975944,0],[107.350085,-6.976134,0],[107.350108,-6.976224,0],[107.350128,-6.976301,0],[107.350172,-6.976356,0],[107.350253,-6.976411,0],[107.350304,-6.976416,0],[107.350469,-6.976434,0],[107.350498,-6.976437,0]]]]},"properties":{"kd_propinsi":"32","kd_dati2":"17","kd_kecamatan":"012","nm_kecamatan":"Cipongkor"}},{"type":"Feature","geometry":{"type":"MultiPolygon","coordinates":[[[[107.29565,-7.01008,0],[107.29618,-7.00971,0],[107.29732,-7.00887,0],[107.29732,-7.00887,0],[107.29774,-7.00855,0],[107.29814,-7.00814,0],[107.29842,-7.00768,0],[107.29858,-7.00749,0],[107.29919,-7.00703,0],[107.2994,-7.00682,0],[107.299416,-7.006794,0],[107.29964,-7.00643,0],[107.29988,-7.00612,0],[107.30054,-7.00569,0],[107.30127,-7.00558,0],[107.30237,-7.00558,0],[107.30313,-7.00558,0],[107.30377,-7.00554,0],[107.30435,-7.00542,0],[107.30488,-7.00521,0],[107.30541,-7.00476,0],[107.30575,-7.00429,0],[107.30591,-7.00407,0],[107.30635,-7.00389,0],[107.30688,-7.00398,0],[107.30746,-7.0043,0],[107.307509,-7.004091,0],[107.307813,-7.003951,0],[107.307904,-7.003924,0],[107.308037,-7.003875,0],[107.308464,-7.003756,0],[107.3089,-7.00354,0],[107.30955,-7.00296,0],[107.31011,-7.00228,0],[107.310247,-7.00205,0],[107.31033,-7.00191,0],[107.31077,-7.00104,0],[107.31101,-7.0004,0],[107.3111,-7,0],[107.31106,-6.99987,0],[107.31106,-6.99974,0],[107.31114,-6.9996,0],[107.311703,-6.999284,0],[107.311498,-6.999092,0],[107.311408,-6.998966,0],[107.311333,-6.998781,0],[107.31127,-6.99874,0],[107.31118,-6.99868,0],[107.311134,-6.99853,0],[107.3111,-6.99842,0],[107.31108,-6.9983,0],[107.31098,-6.99821,0],[107.31083,-6.99815,0],[107.31084,-6.99807,0],[107.31088,-6.99778,0],[107.31114,-6.99728,0],[107.31127,-6.99707,0],[107.31147,-6.99676,0],[107.31157,-6.99655,0],[107.31158,-6.99646,0],[107.31155,-6.99638,0],[107.31151,-6.99629,0],[107.31146,-6.99604,0],[107.31165,-6.99519,0],[107.311685,-6.995063,0],[107.311643,-6.994849,0],[107.311649,-6.994772,0],[107.31163,-6.99471,0],[107.31149,-6.99431,0],[107.31151,-6.99393,0],[107.31153,-6.99386,0],[107.31156,-6.99381,0],[107.31167,-6.99363,0],[107.311719,-6.993274,0],[107.31172,-6.99327,0],[107.31171,-6.99232,0],[107.31177,-6.99218,0],[107.311894,-6.991764,0],[107.311894,-6.991749,0],[107.31178,-6.99124,0],[107.31175,-6.99089,0],[107.31172,-6.99032,0],[107.311712,-6.990236,0],[107.31171,-6.99022,0],[107.31175,-6.99008,0],[107.31185,-6.98987,0],[107.31171,-6.98937,0],[107.3118,-6.9889,0],[107.311696,-6.98863,0],[107.31157,-6.988432,0],[107.311465,-6.988307,0],[107.311349,-6.988172,0],[107.311192,-6.987985,0],[107.311045,-6.987777,0],[107.31077,-6.987257,0],[107.310549,-6.986767,0],[107.310573,-6.986653,0],[107.31057,-6.98665,0],[107.3105,-6.98655,0],[107.31048,-6.98636,0],[107.31047,-6.98611,0],[107.31047,-6.98591,0],[107.31052,-6.98565,0],[107.31051,-6.98555,0],[107.31025,-6.98514,0],[107.31016,-6.98496,0],[107.31012,-6.98415,0],[107.31016,-6.984,0],[107.31028,-6.98378,0],[107.31028,-6.98353,0],[107.31031,-6.98306,0],[107.31033,-6.98295,0],[107.31041,-6.98275,0],[107.3105,-6.98255,0],[107.31066,-6.98236,0],[107.3109,-6.9822,0],[107.31137,-6.98206,0],[107.311489,-6.981983,0],[107.31159,-6.98168,0],[107.31172,-6.98135,0],[107.31194,-6.98099,0],[107.3121,-6.98082,0],[107.312261,-6.980332,0],[107.312269,-6.979852,0],[107.312361,-6.979507,0],[107.312533,-6.979126,0],[107.312576,-6.979062,0],[107.312672,-6.978942,0],[107.312755,-6.978827,0],[107.312827,-6.978701,0],[107.312844,-6.978544,0],[107.312869,-6.978319,0],[107.312908,-6.978148,0],[107.313043,-6.977949,0],[107.313136,-6.977761,0],[107.313219,-6.977593,0],[107.31327,-6.977457,0],[107.313312,-6.977353,0],[107.31334,-6.977255,0],[107.31334,-6.97706,0],[107.31228,-6.97723,0],[107.3108,-6.97748,0],[107.31024,-6.9775,0],[107.30921,-6.97748,0],[107.30872,-6.97747,0],[107.30811,-6.97743,0],[107.30707,-6.97735,0],[107.30662,-6.97722,0],[107.30625,-6.97701,0],[107.30583,-6.97673,0],[107.30524,-6.97617,0],[107.30451,-6.97523,0],[107.30442,-6.975,0],[107.30412,-6.97458,0],[107.30406,-6.97425,0],[107.304031,-6.974135,0],[107.30402,-6.97409,0],[107.30392,-6.97389,0],[107.30386,-6.97367,0],[107.30377,-6.97307,0],[107.30377,-6.97301,0],[107.30372,-6.97277,0],[107.3036,-6.97249,0],[107.30351,-6.97229,0],[107.30343,-6.97219,0],[107.30316,-6.97188,0],[107.30311,-6.97183,0],[107.30295,-6.97161,0],[107.30283,-6.97146,0],[107.30269,-6.97129,0],[107.30259,-6.97111,0],[107.30258,-6.97105,0],[107.30269,-6.97092,0],[107.30323,-6.97044,0],[107.30337,-6.97034,0],[107.30356,-6.9703,0],[107.304,-6.97029,0],[107.30443,-6.97023,0],[107.30476,-6.97011,0],[107.30489,-6.96993,0],[107.30487,-6.96987,0],[107.30491,-6.96936,0],[107.30499,-6.96882,0],[107.30493,-6.96823,0],[107.3046,-6.9673,0],[107.3045,-6.96575,0],[107.30439,-6.96516,0],[107.30429,-6.96493,0],[107.30369,-6.95275,0],[107.303693,-6.952724,0],[107.30379,-6.95195,0],[107.30387,-6.95145,0],[107.30395,-6.9511,0],[107.30397,-6.95101,0],[107.30402,-6.95079,0],[107.30413,-6.95054,0],[107.30431,-6.95007,0],[107.304313,-6.950059,0],[107.30447,-6.94955,0],[107.30449,-6.94933,0],[107.30459,-6.94913,0],[107.30479,-6.94894,0],[107.30496,-6.94882,0],[107.3056,-6.94815,0],[107.30585,-6.94789,0],[107.30593,-6.94773,0],[107.30594,-6.9475,0],[107.30585,-6.94722,0],[107.30572,-6.94704,0],[107.30558,-6.94628,0],[107.30579,-6.94596,0],[107.3059,-6.94587,0],[107.30622,-6.94561,0],[107.30634,-6.94552,0],[107.30667,-6.9453,0],[107.30684,-6.94521,0],[107.30734,-6.94492,0],[107.30741,-6.94489,0],[107.3076,-6.94481,0],[107.30768,-6.94479,0],[107.30798,-6.9447,0],[107.30831,-6.94457,0],[107.30873,-6.94446,0],[107.30907,-6.94439,0],[107.30933,-6.94416,0],[107.30942,-6.94408,0],[107.30974,-6.94376,0],[107.31006,-6.94348,0],[107.31019,-6.94311,0],[107.31025,-6.94287,0],[107.31037,-6.94267,0],[107.31068,-6.94245,0],[107.31123,-6.94195,0],[107.31163,-6.94174,0],[107.31206,-6.94162,0],[107.31238,-6.94155,0],[107.31269,-6.94159,0],[107.3128,-6.9416,0],[107.31283,-6.94146,0],[107.31283,-6.94127,0],[107.31283,-6.94105,0],[107.31322,-6.94029,0],[107.31353,-6.93995,0],[107.31388,-6.93951,0],[107.31399,-6.93929,0],[107.31408,-6.93906,0],[107.31426,-6.93889,0],[107.31481,-6.93862,0],[107.31499,-6.93851,0],[107.31515,-6.93834,0],[107.31521,-6.93808,0],[107.31527,-6.9377,0],[107.3154,-6.93736,0],[107.315529,-6.937154,0],[107.31565,-6.93696,0],[107.31624,-6.93572,0],[107.31641,-6.93551,0],[107.3166,-6.93537,0],[107.31676,-6.93527,0],[107.31701,-6.93509,0],[107.31748,-6.93481,0],[107.31776,-6.93464,0],[107.31814,-6.93422,0],[107.31823,-6.93411,0],[107.318652,-6.933285,0],[107.3189,-6.9328,0],[107.31926,-6.93245,0],[107.31936,-6.93237,0],[107.31973,-6.93196,0],[107.31993,-6.93169,0],[107.32007,-6.93138,0],[107.32014,-6.93124,0],[107.32044,-6.93054,0],[107.32049,-6.92988,0],[107.32032,-6.92896,0],[107.32018,-6.92843,0],[107.32012,-6.92805,0],[107.320114,-6.927946,0],[107.320084,-6.927424,0],[107.32008,-6.92735,0],[107.3201,-6.927138,0],[107.320136,-6.926744,0],[107.32017,-6.92637,0],[107.32041,-6.92552,0],[107.3205,-6.92488,0],[107.32033,-6.92427,0],[107.31986,-6.92287,0],[107.31974,-6.92234,0],[107.31965,-6.92222,0],[107.31948,-6.92218,0],[107.318809,-6.922118,0],[107.31872,-6.92211,0],[107.3184,-6.92203,0],[107.31835,-6.92192,0],[107.31838,-6.92179,0],[107.31846,-6.92162,0],[107.31866,-6.92151,0],[107.3192,-6.92131,0],[107.31966,-6.9212,0],[107.3202,-6.9211,0],[107.32056,-6.92102,0],[107.32064,-6.92093,0],[107.32094,-6.92045,0],[107.32101,-6.92036,0],[107.32129,-6.92015,0],[107.32155,-6.92007,0],[107.32176,-6.92007,0],[107.32206,-6.92006,0],[107.32217,-6.91999,0],[107.32245,-6.91976,0],[107.3225,-6.919708,0],[107.32276,-6.91944,0],[107.32294,-6.91938,0],[107.3234,-6.91938,0],[107.32358,-6.91874,0],[107.3236,-6.91859,0],[107.32379,-6.91801,0],[107.32384,-6.91783,0],[107.32386,-6.91773,0],[107.32391,-6.91755,0],[107.32399,-6.91723,0],[107.32395,-6.91694,0],[107.32384,-6.91668,0],[107.32371,-6.91657,0],[107.323625,-6.916531,0],[107.32341,-6.91643,0],[107.32333,-6.9164,0],[107.32314,-6.91639,0],[107.32294,-6.91647,0],[107.32275,-6.91681,0],[107.32268,-6.91685,0],[107.32249,-6.91683,0],[107.32232,-6.91672,0],[107.32225,-6.91659,0],[107.32219,-6.91634,0],[107.32211,-6.916,0],[107.32206,-6.91577,0],[107.32202,-6.91544,0],[107.32199,-6.91515,0],[107.32192,-6.91506,0],[107.32166,-6.91484,0],[107.3213,-6.91462,0],[107.32085,-6.91434,0],[107.320136,-6.914065,0],[107.32007,-6.91404,0],[107.31988,-6.91389,0],[107.31974,-6.91373,0],[107.31956,-6.91375,0],[107.31945,-6.91372,0],[107.3193,-6.91358,0],[107.31908,-6.91341,0],[107.3175,-6.91281,0],[107.31719,-6.91283,0],[107.3171,-6.91283,0],[107.31654,-6.91281,0],[107.3162,-6.91281,0],[107.316,-6.91285,0],[107.31592,-6.91277,0],[107.315859,-6.912706,0],[107.31575,-6.91259,0],[107.31531,-6.91232,0],[107.31522,-6.91208,0],[107.31513,-6.91163,0],[107.31497,-6.91115,0],[107.314915,-6.911112,0],[107.31484,-6.91106,0],[107.31434,-6.91087,0],[107.31419,-6.91078,0],[107.31408,-6.91071,0],[107.314062,-6.91069,0],[107.31382,-6.91043,0],[107.31361,-6.91008,0],[107.31361,-6.90982,0],[107.3135,-6.90959,0],[107.31333,-6.90926,0],[107.313,-6.9086,0],[107.31272,-6.90839,0],[107.31232,-6.9081,0],[107.31215,-6.90788,0],[107.31203,-6.9078,0],[107.31175,-6.90781,0],[107.3114,-6.90775,0],[107.31089,-6.90768,0],[107.31057,-6.90757,0],[107.31026,-6.90739,0],[107.31013,-6.90732,0],[107.30994,-6.90723,0],[107.30983,-6.9072,0],[107.30958,-6.90713,0],[107.30925,-6.90709,0],[107.30917,-6.90708,0],[107.30899,-6.9071,0],[107.30889,-6.90711,0],[107.30868,-6.90714,0],[107.30849,-6.90719,0],[107.30837,-6.90724,0],[107.3082,-6.90725,0],[107.30802,-6.90724,0],[107.3078,-6.90727,0],[107.30749,-6.90729,0],[107.307124,-6.907452,0],[107.306632,-6.907669,0],[107.306634,-6.907674,0],[107.306629,-6.907675,0],[107.306585,-6.90769,0],[107.306542,-6.907704,0],[107.306415,-6.907745,0],[107.306095,-6.907764,0],[107.305829,-6.907729,0],[107.305772,-6.907721,0],[107.305746,-6.907719,0],[107.305672,-6.907725,0],[107.305509,-6.907737,0],[107.305376,-6.907747,0],[107.305257,-6.907768,0],[107.305194,-6.907792,0],[107.30489,-6.907907,0],[107.304574,-6.90802,0],[107.304327,-6.908044,0],[107.303835,-6.908087,0],[107.303803,-6.908088,0],[107.303774,-6.908089,0],[107.303654,-6.908093,0],[107.303653,-6.908093,0],[107.303332,-6.908438,0],[107.303304,-6.908473,0],[107.303282,-6.908503,0],[107.303203,-6.908562,0],[107.30298,-6.908728,0],[107.302586,-6.909022,0],[107.302316,-6.9092,0],[107.301799,-6.90951,0],[107.301542,-6.909623,0],[107.301334,-6.909631,0],[107.301283,-6.909618,0],[107.30125,-6.90959,0],[107.300933,-6.909329,0],[107.300546,-6.909136,0],[107.300164,-6.909027,0],[107.299786,-6.908849,0],[107.299622,-6.908774,0],[107.299618,-6.908772,0],[107.299616,-6.908772,0],[107.299188,-6.908783,0],[107.298973,-6.90884,0],[107.298615,-6.908991,0],[107.298607,-6.908993,0],[107.2986,-6.908996,0],[107.298284,-6.909184,0],[107.298027,-6.909344,0],[107.297587,-6.909488,0],[107.297256,-6.90956,0],[107.296927,-6.909626,0],[107.296754,-6.909653,0],[107.296213,-6.909742,0],[107.296079,-6.909784,0],[107.295871,-6.909946,0],[107.295825,-6.909923,0],[107.295685,-6.909908,0],[107.295523,-6.909949,0],[107.295475,-6.909971,0],[107.295325,-6.91005,0],[107.295199,-6.910044,0],[107.294206,-6.909928,0],[107.293822,-6.909946,0],[107.293503,-6.910068,0],[107.293458,-6.91017,0],[107.293456,-6.910175,0],[107.293456,-6.910183,0],[107.293455,-6.910286,0],[107.293454,-6.910347,0],[107.293478,-6.910449,0],[107.293497,-6.910531,0],[107.29353,-6.91067,0],[107.293745,-6.911206,0],[107.293827,-6.911446,0],[107.293925,-6.911804,0],[107.293919,-6.912015,0],[107.293868,-6.912145,0],[107.293856,-6.912175,0],[107.293706,-6.9123,0],[107.29358,-6.912399,0],[107.293353,-6.912578,0],[107.293093,-6.912821,0],[107.293081,-6.912832,0],[107.293005,-6.912852,0],[107.29291,-6.912876,0],[107.29279,-6.912937,0],[107.292571,-6.913047,0],[107.292518,-6.913074,0],[107.292322,-6.913308,0],[107.292192,-6.913652,0],[107.292071,-6.91414,0],[107.292039,-6.914461,0],[107.291938,-6.914905,0],[107.291917,-6.915284,0],[107.291901,-6.915559,0],[107.291897,-6.915646,0],[107.291867,-6.915691,0],[107.291744,-6.915878,0],[107.291497,-6.916105,0],[107.291398,-6.916226,0],[107.291154,-6.91639,0],[107.290913,-6.916504,0],[107.290787,-6.916547,0],[107.29053,-6.916659,0],[107.290419,-6.916734,0],[107.290237,-6.916852,0],[107.289906,-6.917066,0],[107.289698,-6.917161,0],[107.289288,-6.91735,0],[107.289091,-6.91744,0],[107.288693,-6.917508,0],[107.288668,-6.917521,0],[107.288398,-6.917662,0],[107.288374,-6.917675,0],[107.288337,-6.917699,0],[107.287957,-6.917944,0],[107.287618,-6.918222,0],[107.287556,-6.918331,0],[107.287518,-6.918549,0],[107.287518,-6.91865,0],[107.287518,-6.918811,0],[107.287522,-6.918837,0],[107.287559,-6.919079,0],[107.28756,-6.919085,0],[107.28756,-6.919086,0],[107.28757,-6.919226,0],[107.287544,-6.919275,0],[107.287505,-6.919348,0],[107.287135,-6.91974,0],[107.287074,-6.919794,0],[107.2869,-6.919947,0],[107.286898,-6.919949,0],[107.286732,-6.920152,0],[107.286609,-6.920314,0],[107.286576,-6.920368,0],[107.286452,-6.920548,0],[107.286385,-6.920616,0],[107.286166,-6.920764,0],[107.285888,-6.920912,0],[107.285694,-6.921006,0],[107.285519,-6.921106,0],[107.285215,-6.921244,0],[107.284856,-6.921433,0],[107.284728,-6.921549,0],[107.284573,-6.921704,0],[107.284015,-6.92224,0],[107.283974,-6.922269,0],[107.283748,-6.922399,0],[107.283559,-6.922573,0],[107.28354,-6.922615,0],[107.283457,-6.922848,0],[107.283418,-6.922961,0],[107.283401,-6.923008,0],[107.28339,-6.923027,0],[107.283254,-6.923261,0],[107.283254,-6.923263,0],[107.283253,-6.923264,0],[107.283214,-6.923303,0],[107.283064,-6.923382,0],[107.282939,-6.923416,0],[107.282763,-6.923465,0],[107.282561,-6.923417,0],[107.282043,-6.923226,0],[107.2815,-6.923208,0],[107.280796,-6.923352,0],[107.280414,-6.923647,0],[107.280302,-6.923645,0],[107.279634,-6.923686,0],[107.279346,-6.923749,0],[107.279119,-6.923877,0],[107.279023,-6.923983,0],[107.278983,-6.924289,0],[107.278973,-6.924352,0],[107.27894,-6.924555,0],[107.278641,-6.92502,0],[107.278608,-6.925063,0],[107.278466,-6.92525,0],[107.27839,-6.925459,0],[107.278387,-6.925467,0],[107.27827,-6.925425,0],[107.277958,-6.925259,0],[107.277794,-6.925189,0],[107.277618,-6.925158,0],[107.27755,-6.925146,0],[107.277276,-6.925054,0],[107.27725,-6.925043,0],[107.277023,-6.924941,0],[107.276731,-6.924832,0],[107.276649,-6.924814,0],[107.27648,-6.924786,0],[107.276149,-6.92473,0],[107.275399,-6.924604,0],[107.275052,-6.924585,0],[107.274325,-6.924351,0],[107.274136,-6.924421,0],[107.273902,-6.924596,0],[107.273838,-6.924637,0],[107.273673,-6.924742,0],[107.273254,-6.92489,0],[107.273006,-6.924978,0],[107.273002,-6.924979,0],[107.273001,-6.92498,0],[107.272759,-6.925214,0],[107.272271,-6.925687,0],[107.272271,-6.925687,0],[107.27227,-6.925687,0],[107.271861,-6.926081,0],[107.271693,-6.926126,0],[107.271416,-6.926129,0],[107.27063,-6.926079,0],[107.27047,-6.92605,0],[107.270342,-6.926027,0],[107.270306,-6.92602,0],[107.270234,-6.926027,0],[107.269988,-6.926059,0],[107.269837,-6.926076,0],[107.269837,-6.926076,0],[107.269745,-6.926086,0],[107.269742,-6.926087,0],[107.269621,-6.926158,0],[107.269507,-6.926277,0],[107.269409,-6.926351,0],[107.269277,-6.926411,0],[107.269227,-6.926411,0],[107.269123,-6.926411,0],[107.269082,-6.926407,0],[107.268955,-6.926394,0],[107.268774,-6.92638,0],[107.268618,-6.92641,0],[107.268469,-6.926459,0],[107.268441,-6.926471,0],[107.268441,-6.926471,0],[107.268231,-6.926557,0],[107.267908,-6.926592,0],[107.267591,-6.926605,0],[107.267438,-6.926608,0],[107.267346,-6.926609,0],[107.267133,-6.926488,0],[107.266965,-6.926362,0],[107.266874,-6.926286,0],[107.266847,-6.926272,0],[107.266834,-6.926264,0],[107.266759,-6.926224,0],[107.266571,-6.926205,0],[107.266393,-6.926252,0],[107.266066,-6.926475,0],[107.265794,-6.926721,0],[107.265737,-6.926941,0],[107.26572,-6.927003,0],[107.265713,-6.927046,0],[107.265638,-6.927474,0],[107.265592,-6.927587,0],[107.265547,-6.927841,0],[107.265546,-6.927851,0],[107.265508,-6.9279,0],[107.265424,-6.928011,0],[107.265246,-6.928143,0],[107.265114,-6.928328,0],[107.265008,-6.928532,0],[107.264893,-6.928745,0],[107.264745,-6.928899,0],[107.264412,-6.928854,0],[107.264411,-6.928854,0],[107.264402,-6.928849,0],[107.264067,-6.928647,0],[107.263663,-6.928436,0],[107.263659,-6.928435,0],[107.262986,-6.928259,0],[107.2628,-6.9282,0],[107.262341,-6.92811,0],[107.261666,-6.928031,0],[107.261454,-6.928055,0],[107.261252,-6.928077,0],[107.261015,-6.928044,0],[107.26075,-6.928007,0],[107.260399,-6.927956,0],[107.260187,-6.927925,0],[107.259899,-6.927998,0],[107.259687,-6.92804,0],[107.259474,-6.928008,0],[107.259436,-6.928002,0],[107.259242,-6.927891,0],[107.25895,-6.927762,0],[107.258385,-6.92746,0],[107.25812,-6.927399,0],[107.257899,-6.927409,0],[107.256622,-6.927588,0],[107.256271,-6.927652,0],[107.25627,-6.927652,0],[107.25627,-6.927652,0],[107.256269,-6.927652,0],[107.256144,-6.927635,0],[107.256136,-6.927627,0],[107.256129,-6.927619,0],[107.256018,-6.927473,0],[107.255719,-6.927202,0],[107.25545,-6.927073,0],[107.255346,-6.927091,0],[107.255222,-6.927113,0],[107.255149,-6.927133,0],[107.254923,-6.927233,0],[107.254653,-6.927316,0],[107.254612,-6.927329,0],[107.254401,-6.927406,0],[107.254273,-6.927474,0],[107.254204,-6.927544,0],[107.25413,-6.927619,0],[107.25413,-6.92762,0],[107.254127,-6.927622,0],[107.254123,-6.927628,0],[107.253766,-6.927998,0],[107.253515,-6.927975,0],[107.253515,-6.927975,0],[107.253515,-6.927975,0],[107.253215,-6.927888,0],[107.252798,-6.927803,0],[107.252713,-6.927817,0],[107.252435,-6.927863,0],[107.252034,-6.928015,0],[107.2509,-6.928525,0],[107.250623,-6.928674,0],[107.25055,-6.928714,0],[107.250342,-6.928878,0],[107.250337,-6.928884,0],[107.250333,-6.92889,0],[107.250238,-6.92898,0],[107.250141,-6.929074,0],[107.25011,-6.9291,0],[107.249999,-6.929199,0],[107.249879,-6.929304,0],[107.249855,-6.929486,0],[107.249856,-6.92953,0],[107.249856,-6.92956,0],[107.249856,-6.929566,0],[107.249815,-6.929595,0],[107.249489,-6.929829,0],[107.24934,-6.929936,0],[107.249317,-6.929956,0],[107.249302,-6.92997,0],[107.248801,-6.930451,0],[107.248726,-6.930648,0],[107.248711,-6.930683,0],[107.248656,-6.930809,0],[107.248653,-6.930817,0],[107.248644,-6.930823,0],[107.248537,-6.93089,0],[107.248499,-6.930915,0],[107.248266,-6.93097,0],[107.248257,-6.930971,0],[107.248248,-6.930971,0],[107.248217,-6.930976,0],[107.247944,-6.93102,0],[107.247935,-6.931025,0],[107.247925,-6.93103,0],[107.247749,-6.931178,0],[107.247483,-6.93154,0],[107.247272,-6.931769,0],[107.247078,-6.931813,0],[107.246964,-6.931986,0],[107.246908,-6.932037,0],[107.246705,-6.93222,0],[107.246642,-6.932276,0],[107.246496,-6.932353,0],[107.246454,-6.932375,0],[107.246449,-6.932377,0],[107.246353,-6.932401,0],[107.246181,-6.932444,0],[107.246058,-6.932475,0],[107.245869,-6.932539,0],[107.245648,-6.932526,0],[107.245604,-6.932523,0],[107.245486,-6.932485,0],[107.245442,-6.932471,0],[107.245341,-6.93244,0],[107.245341,-6.93244,0],[107.245262,-6.932416,0],[107.245139,-6.932415,0],[107.245061,-6.932424,0],[107.245037,-6.93243,0],[107.244921,-6.932458,0],[107.244886,-6.932479,0],[107.244865,-6.932496,0],[107.244706,-6.93262,0],[107.244615,-6.932692,0],[107.244595,-6.93271,0],[107.244352,-6.932924,0],[107.244197,-6.933013,0],[107.244038,-6.933129,0],[107.243955,-6.93319,0],[107.243874,-6.933258,0],[107.24384,-6.933284,0],[107.243662,-6.933502,0],[107.24363,-6.933541,0],[107.2436,-6.933578,0],[107.243519,-6.933629,0],[107.243465,-6.933664,0],[107.243367,-6.933726,0],[107.242983,-6.933886,0],[107.242682,-6.934011,0],[107.242554,-6.934065,0],[107.242391,-6.934048,0],[107.242262,-6.934034,0],[107.242262,-6.934034,0],[107.242262,-6.934034,0],[107.242095,-6.934,0],[107.241812,-6.933965,0],[107.241746,-6.933985,0],[107.24162,-6.934023,0],[107.24107,-6.934336,0],[107.24106,-6.934342,0],[107.241051,-6.934347,0],[107.240799,-6.934495,0],[107.240404,-6.934726,0],[107.240211,-6.934819,0],[107.240202,-6.934823,0],[107.240192,-6.934828,0],[107.240082,-6.934884,0],[107.239934,-6.934943,0],[107.239929,-6.934944,0],[107.239924,-6.934945,0],[107.239808,-6.934968,0],[107.239743,-6.934981,0],[107.239619,-6.935021,0],[107.239396,-6.935094,0],[107.239094,-6.935216,0],[107.238857,-6.935311,0],[107.238763,-6.935418,0],[107.238725,-6.935459,0],[107.238577,-6.935617,0],[107.238316,-6.935683,0],[107.237894,-6.935799,0],[107.23758,-6.935957,0],[107.237535,-6.93598,0],[107.237447,-6.93606,0],[107.237375,-6.936125,0],[107.237169,-6.936309,0],[107.23691,-6.936427,0],[107.236882,-6.936439,0],[107.23679,-6.936502,0],[107.236652,-6.936596,0],[107.23634,-6.936832,0],[107.236078,-6.936923,0],[107.236053,-6.93693,0],[107.235833,-6.936994,0],[107.235803,-6.937031,0],[107.235574,-6.937317,0],[107.235426,-6.937399,0],[107.235284,-6.937422,0],[107.235215,-6.937433,0],[107.235073,-6.937443,0],[107.23458,-6.937479,0],[107.234124,-6.937562,0],[107.234075,-6.937579,0],[107.23385,-6.937656,0],[107.233815,-6.937668,0],[107.233793,-6.937675,0],[107.233786,-6.93768,0],[107.233786,-6.93768,0],[107.233779,-6.937685,0],[107.233655,-6.937769,0],[107.233655,-6.937771,0],[107.233655,-6.937773,0],[107.233606,-6.937813,0],[107.233476,-6.937964,0],[107.233441,-6.938006,0],[107.233208,-6.938294,0],[107.233202,-6.938302,0],[107.233145,-6.938371,0],[107.233056,-6.93845,0],[107.23292,-6.938569,0],[107.232759,-6.938711,0],[107.232746,-6.938716,0],[107.232729,-6.938719,0],[107.232408,-6.938791,0],[107.231581,-6.938847,0],[107.231572,-6.938848,0],[107.231563,-6.938849,0],[107.231297,-6.938884,0],[107.230953,-6.93899,0],[107.230859,-6.93903,0],[107.230703,-6.939095,0],[107.230239,-6.939246,0],[107.23016,-6.939261,0],[107.230032,-6.93932,0],[107.229896,-6.939414,0],[107.229657,-6.939581,0],[107.229507,-6.93962,0],[107.229443,-6.939637,0],[107.229321,-6.939681,0],[107.229042,-6.939822,0],[107.228943,-6.939891,0],[107.228131,-6.940312,0],[107.227254,-6.940954,0],[107.226567,-6.941578,0],[107.225379,-6.942354,0],[107.224409,-6.943371,0],[107.2232,-6.94472,0],[107.222328,-6.945783,0],[107.221116,-6.9472,0],[107.220345,-6.948022,0],[107.219372,-6.949174,0],[107.21931,-6.949247,0],[107.219247,-6.949323,0],[107.219235,-6.949337,0],[107.219197,-6.949353,0],[107.218648,-6.949582,0],[107.218489,-6.949648,0],[107.218078,-6.949885,0],[107.217887,-6.950059,0],[107.217789,-6.950148,0],[107.217578,-6.950386,0],[107.21729,-6.950711,0],[107.217279,-6.950722,0],[107.216757,-6.951238,0],[107.216478,-6.951454,0],[107.216146,-6.951711,0],[107.215708,-6.952062,0],[107.215624,-6.952129,0],[107.215068,-6.952574,0],[107.214644,-6.952994,0],[107.214546,-6.953092,0],[107.214136,-6.953483,0],[107.213612,-6.953702,0],[107.213178,-6.953695,0],[107.213168,-6.953694,0],[107.21243,-6.95359,0],[107.211906,-6.953737,0],[107.211873,-6.953746,0],[107.211566,-6.954104,0],[107.211507,-6.954173,0],[107.211008,-6.954817,0],[107.210588,-6.955542,0],[107.210322,-6.955952,0],[107.210237,-6.956083,0],[107.210212,-6.956122,0],[107.209956,-6.956395,0],[107.2097,-6.956577,0],[107.208932,-6.956851,0],[107.20773,-6.9573,0],[107.207385,-6.957473,0],[107.206818,-6.95782,0],[107.206284,-6.958202,0],[107.205617,-6.958548,0],[107.205117,-6.958867,0],[107.204461,-6.959367,0],[107.204346,-6.959434,0],[107.203994,-6.959641,0],[107.203638,-6.959841,0],[107.203115,-6.960042,0],[107.202357,-6.960272,0],[107.202333,-6.960297,0],[107.201908,-6.960736,0],[107.201891,-6.960753,0],[107.201855,-6.960816,0],[107.201725,-6.961046,0],[107.20167,-6.961143,0],[107.201593,-6.961424,0],[107.20159,-6.961436,0],[107.201515,-6.961776,0],[107.201448,-6.962077,0],[107.20143,-6.962156,0],[107.20133,-6.962437,0],[107.201279,-6.962506,0],[107.201075,-6.962782,0],[107.201059,-6.9628,0],[107.201057,-6.962802,0],[107.200787,-6.9631,0],[107.200164,-6.963328,0],[107.199606,-6.963349,0],[107.198579,-6.963227,0],[107.197955,-6.963131,0],[107.19733,-6.963098,0],[107.196801,-6.962975,0],[107.196574,-6.963019,0],[107.196213,-6.963258,0],[107.195927,-6.963674,0],[107.195705,-6.963973,0],[107.195597,-6.964588,0],[107.195453,-6.965046,0],[107.195128,-6.96537,0],[107.194621,-6.96568,0],[107.194042,-6.965969,0],[107.193618,-6.966026,0],[107.192611,-6.966047,0],[107.192358,-6.966203,0],[107.192271,-6.966568,0],[107.192197,-6.967334,0],[107.192068,-6.967865,0],[107.191843,-6.968077,0],[107.19123,-6.968107,0],[107.190538,-6.968028,0],[107.190229,-6.968106,0],[107.190036,-6.968393,0],[107.189958,-6.968778,0],[107.190042,-6.969215,0],[107.190391,-6.969828,0],[107.190764,-6.970283,0],[107.190819,-6.970351,0],[107.190787,-6.970649,0],[107.190745,-6.970689,0],[107.190596,-6.97083,0],[107.190474,-6.97093,0],[107.190475,-6.971301,0],[107.190741,-6.971723,0],[107.190804,-6.971908,0],[107.190816,-6.972077,0],[107.190699,-6.972252,0],[107.189931,-6.972703,0],[107.189835,-6.972759,0],[107.189646,-6.972914,0],[107.189413,-6.973105,0],[107.188823,-6.973206,0],[107.188767,-6.973216,0],[107.188287,-6.973101,0],[107.187538,-6.972734,0],[107.18733,-6.972657,0],[107.187247,-6.972627,0],[107.186913,-6.97261,0],[107.186676,-6.9727,0],[107.186543,-6.972807,0],[107.186382,-6.973143,0],[107.186304,-6.973571,0],[107.186298,-6.974719,0],[107.186245,-6.975425,0],[107.186226,-6.975949,0],[107.18613,-6.976917,0],[107.186116,-6.977019,0],[107.186084,-6.977248,0],[107.186054,-6.977468,0],[107.186047,-6.978183,0],[107.186165,-6.979143,0],[107.186197,-6.979402,0],[107.186197,-6.979419,0],[107.186199,-6.979764,0],[107.18619,-6.98001,0],[107.18603,-6.980237,0],[107.186021,-6.980251,0],[107.185998,-6.980265,0],[107.185914,-6.980317,0],[107.185501,-6.980573,0],[107.185182,-6.981038,0],[107.185179,-6.981043,0],[107.184949,-6.982084,0],[107.18494,-6.982154,0],[107.184863,-6.982735,0],[107.184865,-6.983097,0],[107.184938,-6.983546,0],[107.185107,-6.983977,0],[107.185158,-6.984106,0],[107.185251,-6.984414,0],[107.185251,-6.984441,0],[107.185252,-6.984566,0],[107.185064,-6.985102,0],[107.185192,-6.985638,0],[107.1852,-6.985671,0],[107.185229,-6.98569,0],[107.18528,-6.985726,0],[107.185491,-6.985869,0],[107.186333,-6.985986,0],[107.186437,-6.986111,0],[107.186488,-6.986172,0],[107.186465,-6.986532,0],[107.186426,-6.986715,0],[107.186216,-6.987127,0],[107.185945,-6.98762,0],[107.185847,-6.988118,0],[107.18594,-6.988841,0],[107.186017,-6.989028,0],[107.186199,-6.98925,0],[107.186354,-6.989344,0],[107.186565,-6.989343,0],[107.187477,-6.989172,0],[107.187746,-6.989122,0],[107.188046,-6.989023,0],[107.18818,-6.989027,0],[107.188249,-6.989029,0],[107.188318,-6.98907,0],[107.188425,-6.989134,0],[107.188524,-6.989194,0],[107.188709,-6.989461,0],[107.18944,-6.99075,0],[107.18983,-6.991484,0],[107.189905,-6.991717,0],[107.190033,-6.99212,0],[107.190151,-6.992549,0],[107.190186,-6.992806,0],[107.190192,-6.992851,0],[107.190136,-6.99307,0],[107.190071,-6.993141,0],[107.189997,-6.993224,0],[107.189609,-6.993524,0],[107.189456,-6.993731,0],[107.189458,-6.993753,0],[107.189486,-6.994017,0],[107.18968,-6.994545,0],[107.18968,-6.994561,0],[107.18968,-6.994575,0],[107.189679,-6.99488,0],[107.189582,-6.995007,0],[107.18955,-6.995023,0],[107.189395,-6.995098,0],[107.189087,-6.99509,0],[107.188486,-6.995031,0],[107.187773,-6.994681,0],[107.187,-6.994632,0],[107.186056,-6.994589,0],[107.185986,-6.994596,0],[107.185246,-6.994673,0],[107.185027,-6.994776,0],[107.18472,-6.995201,0],[107.184581,-6.995648,0],[107.184578,-6.995722,0],[107.184578,-6.995727,0],[107.184568,-6.99602,0],[107.184679,-6.996348,0],[107.184737,-6.996472,0],[107.184793,-6.996593,0],[107.185073,-6.996827,0],[107.185332,-6.996992,0],[107.18561,-6.997168,0],[107.185813,-6.997501,0],[107.185904,-6.997862,0],[107.185944,-6.998123,0],[107.185985,-6.998385,0],[107.186055,-6.999317,0],[107.186292,-7.000005,0],[107.186322,-7.000092,0],[107.186537,-7.000812,0],[107.186553,-7.00124,0],[107.186557,-7.001331,0],[107.186483,-7.001665,0],[107.186356,-7.002018,0],[107.186353,-7.002027,0],[107.186223,-7.002498,0],[107.186149,-7.00295,0],[107.186139,-7.003046,0],[107.186113,-7.003303,0],[107.186153,-7.003628,0],[107.186362,-7.004061,0],[107.186817,-7.004394,0],[107.187054,-7.004631,0],[107.187158,-7.004736,0],[107.187159,-7.004739,0],[107.187235,-7.005052,0],[107.187238,-7.005712,0],[107.187162,-7.006191,0],[107.187153,-7.006245,0],[107.187157,-7.006292,0],[107.187185,-7.006589,0],[107.187394,-7.006931,0],[107.188056,-7.007272,0],[107.188547,-7.007513,0],[107.18856,-7.007522,0],[107.18883,-7.007698,0],[107.189002,-7.00781,0],[107.189306,-7.008206,0],[107.189439,-7.008549,0],[107.18939,-7.008699,0],[107.189293,-7.008992,0],[107.18929,-7.009001,0],[107.189266,-7.009021,0],[107.188839,-7.009374,0],[107.188332,-7.009774,0],[107.188031,-7.010074,0],[107.188016,-7.010116,0],[107.18792,-7.010382,0],[107.187921,-7.010752,0],[107.187923,-7.011114,0],[107.18802,-7.01144,0],[107.188057,-7.011565,0],[107.188177,-7.011792,0],[107.188267,-7.011962,0],[107.188438,-7.01235,0],[107.18868,-7.01279,0],[107.188686,-7.012801,0],[107.188705,-7.012817,0],[107.188913,-7.01299,0],[107.189517,-7.013213,0],[107.189586,-7.013207,0],[107.189951,-7.013175,0],[107.190143,-7.013156,0],[107.190305,-7.013141,0],[107.190632,-7.013105,0],[107.191005,-7.013254,0],[107.191131,-7.013438,0],[107.191145,-7.013458,0],[107.191146,-7.013459,0],[107.191226,-7.013577,0],[107.191267,-7.013862,0],[107.191275,-7.013919,0],[107.191283,-7.014122,0],[107.191296,-7.014434,0],[107.191321,-7.014717,0],[107.191336,-7.014886,0],[107.191251,-7.015304,0],[107.191244,-7.015338,0],[107.191133,-7.015754,0],[107.191233,-7.016073,0],[107.191419,-7.016503,0],[107.191836,-7.016836,0],[107.192215,-7.017141,0],[107.192424,-7.017421,0],[107.192576,-7.017818,0],[107.19271,-7.018151,0],[107.19307,-7.018475,0],[107.193383,-7.018612,0],[107.193571,-7.018579,0],[107.193614,-7.018572,0],[107.193951,-7.018442,0],[107.194025,-7.018433,0],[107.194106,-7.018373,0],[107.194106,-7.018373,0],[107.194106,-7.018373,0],[107.19411,-7.01837,0],[107.19445,-7.01812,0],[107.19475,-7.01793,0],[107.19508,-7.01777,0],[107.19543,-7.01768,0],[107.19564,-7.01761,0],[107.19582,-7.01752,0],[107.19601,-7.01741,0],[107.19626,-7.01728,0],[107.19639,-7.01712,0],[107.19648,-7.01689,0],[107.19655,-7.01656,0],[107.19666,-7.01602,0],[107.19677,-7.01553,0],[107.19688,-7.015,0],[107.19701,-7.01452,0],[107.1971,-7.01407,0],[107.19718,-7.01359,0],[107.19723,-7.01326,0],[107.19726,-7.01307,0],[107.19724,-7.0128,0],[107.19718,-7.01238,0],[107.19711,-7.01215,0],[107.19711,-7.01196,0],[107.1972,-7.01177,0],[107.19734,-7.01136,0],[107.1975,-7.01093,0],[107.19762,-7.01052,0],[107.19776,-7.01011,0],[107.19785,-7.0098,0],[107.19791,-7.00953,0],[107.19794,-7.00909,0],[107.19803,-7.00852,0],[107.198072,-7.008319,0],[107.19811,-7.00814,0],[107.19826,-7.00803,0],[107.19843,-7.00795,0],[107.198448,-7.00795,0],[107.19869,-7.00795,0],[107.19891,-7.00804,0],[107.1992,-7.0082,0],[107.19954,-7.00846,0],[107.19969,-7.00885,0],[107.19985,-7.00915,0],[107.2,-7.00945,0],[107.2002,-7.0096,0],[107.20037,-7.0096,0],[107.20058,-7.00954,0],[107.20075,-7.00949,0],[107.20097,-7.00945,0],[107.20115,-7.00946,0],[107.20144,-7.00955,0],[107.20189,-7.00964,0],[107.20227,-7.00964,0],[107.20258,-7.00956,0],[107.20306,-7.00943,0],[107.20343,-7.00932,0],[107.20366,-7.00925,0],[107.20389,-7.00921,0],[107.20421,-7.00918,0],[107.20446,-7.00916,0],[107.20469,-7.00905,0],[107.20498,-7.0089,0],[107.20532,-7.00881,0],[107.205581,-7.00881,0],[107.20562,-7.00881,0],[107.20591,-7.0089,0],[107.206,-7.00902,0],[107.20608,-7.00917,0],[107.20608,-7.00936,0],[107.20607,-7.00958,0],[107.20602,-7.00978,0],[107.20599,-7.01003,0],[107.20594,-7.01033,0],[107.20588,-7.01059,0],[107.20581,-7.01082,0],[107.20575,-7.01115,0],[107.20569,-7.0114,0],[107.20569,-7.01168,0],[107.20575,-7.01195,0],[107.20583,-7.01215,0],[107.20592,-7.01239,0],[107.20592,-7.01257,0],[107.20588,-7.01277,0],[107.20586,-7.01295,0],[107.20585,-7.01311,0],[107.20586,-7.01324,0],[107.20591,-7.01336,0],[107.20599,-7.01342,0],[107.20615,-7.01349,0],[107.20635,-7.01351,0],[107.20683,-7.01348,0],[107.20729,-7.01343,0],[107.20766,-7.01344,0],[107.20808,-7.01348,0],[107.20839,-7.01361,0],[107.20854,-7.01379,0],[107.20869,-7.0142,0],[107.20873,-7.01448,0],[107.20873,-7.01512,0],[107.20875,-7.01563,0],[107.20878,-7.01608,0],[107.20879,-7.0164,0],[107.20871,-7.0166,0],[107.20859,-7.01669,0],[107.2084,-7.01674,0],[107.20802,-7.01675,0],[107.20769,-7.01676,0],[107.20744,-7.01676,0],[107.20727,-7.01679,0],[107.2071,-7.01687,0],[107.20702,-7.01698,0],[107.20702,-7.01715,0],[107.20703,-7.01744,0],[107.20706,-7.0178,0],[107.20714,-7.01813,0],[107.20726,-7.01827,0],[107.20752,-7.01838,0],[107.20777,-7.01839,0],[107.20808,-7.01839,0],[107.20839,-7.01837,0],[107.20864,-7.01841,0],[107.20871,-7.01845,0],[107.20875,-7.01856,0],[107.20875,-7.0187,0],[107.20876,-7.01891,0],[107.20879,-7.01911,0],[107.20886,-7.01927,0],[107.20891,-7.01947,0],[107.20893,-7.0196,0],[107.20886,-7.01975,0],[107.20862,-7.02001,0],[107.20843,-7.02025,0],[107.20832,-7.02049,0],[107.20834,-7.02074,0],[107.20839,-7.02095,0],[107.20868,-7.0211,0],[107.20925,-7.02128,0],[107.20962,-7.0214,0],[107.20998,-7.02155,0],[107.2103,-7.0216,0],[107.2107,-7.02166,0],[107.21115,-7.02165,0],[107.21156,-7.0216,0],[107.21214,-7.02142,0],[107.21259,-7.02121,0],[107.2128,-7.02076,0],[107.21297,-7.02003,0],[107.21303,-7.01937,0],[107.21315,-7.01902,0],[107.21332,-7.01873,0],[107.21361,-7.01847,0],[107.21376,-7.01816,0],[107.21382,-7.01766,0],[107.21377,-7.01721,0],[107.21395,-7.01685,0],[107.21428,-7.01652,0],[107.21466,-7.01628,0],[107.21502,-7.01621,0],[107.215127,-7.016225,0],[107.21531,-7.01625,0],[107.21549,-7.01639,0],[107.21578,-7.01672,0],[107.21594,-7.0171,0],[107.21611,-7.01752,0],[107.21631,-7.01792,0],[107.21643,-7.01828,0],[107.21662,-7.01862,0],[107.21687,-7.01887,0],[107.21731,-7.01914,0],[107.21811,-7.01954,0],[107.21876,-7.01988,0],[107.21907,-7.0199,0],[107.2194,-7.01985,0],[107.2197,-7.01992,0],[107.22,-7.02013,0],[107.22029,-7.02037,0],[107.2205,-7.02048,0],[107.22078,-7.02052,0],[107.2211,-7.0205,0],[107.22157,-7.02041,0],[107.22217,-7.02032,0],[107.22274,-7.02021,0],[107.22315,-7.02006,0],[107.22325,-7.01985,0],[107.22327,-7.01951,0],[107.22316,-7.01937,0],[107.22297,-7.01934,0],[107.22277,-7.01939,0],[107.22262,-7.01946,0],[107.22246,-7.01955,0],[107.22231,-7.01948,0],[107.22191,-7.01914,0],[107.22142,-7.01883,0],[107.22117,-7.01871,0],[107.22093,-7.01867,0],[107.2207,-7.01872,0],[107.2206,-7.0188,0],[107.22037,-7.01898,0],[107.2202,-7.01906,0],[107.21999,-7.01903,0],[107.21978,-7.01889,0],[107.2196,-7.01861,0],[107.21944,-7.01841,0],[107.21924,-7.01836,0],[107.21905,-7.01837,0],[107.21881,-7.01846,0],[107.21853,-7.01856,0],[107.21829,-7.01854,0],[107.21808,-7.01846,0],[107.21789,-7.01837,0],[107.21781,-7.0182,0],[107.2178,-7.018,0],[107.21808,-7.01769,0],[107.21842,-7.01744,0],[107.21876,-7.01736,0],[107.2194,-7.01727,0],[107.21998,-7.01722,0],[107.22075,-7.01722,0],[107.22102,-7.01716,0],[107.2212,-7.0171,0],[107.22144,-7.01686,0],[107.22178,-7.01638,0],[107.22208,-7.01595,0],[107.22236,-7.01555,0],[107.22244,-7.01528,0],[107.22245,-7.0151,0],[107.2224,-7.0149,0],[107.22225,-7.01472,0],[107.22204,-7.0146,0],[107.22182,-7.01459,0],[107.22163,-7.01467,0],[107.22149,-7.01477,0],[107.22134,-7.01502,0],[107.22119,-7.01519,0],[107.22105,-7.01528,0],[107.22081,-7.01527,0],[107.22057,-7.01509,0],[107.22034,-7.01488,0],[107.22023,-7.01466,0],[107.22022,-7.01445,0],[107.22022,-7.01425,0],[107.22027,-7.01406,0],[107.22046,-7.01391,0],[107.22095,-7.0137,0],[107.22157,-7.01346,0],[107.22223,-7.01317,0],[107.22302,-7.0129,0],[107.22346,-7.01274,0],[107.22378,-7.0125,0],[107.22392,-7.01215,0],[107.224,-7.01166,0],[107.22406,-7.01114,0],[107.224098,-7.010684,0],[107.2241,-7.01066,0],[107.22412,-7.01035,0],[107.22424,-7.01017,0],[107.22439,-7.01004,0],[107.22468,-7.01,0],[107.22497,-7.01002,0],[107.224973,-7.010022,0],[107.22524,-7.01021,0],[107.22549,-7.01051,0],[107.22566,-7.01076,0],[107.22578,-7.01088,0],[107.22594,-7.01091,0],[107.22607,-7.0108,0],[107.226125,-7.01069,0],[107.22626,-7.01042,0],[107.22645,-7.00986,0],[107.2266,-7.00937,0],[107.22677,-7.00929,0],[107.22727,-7.00927,0],[107.22771,-7.00924,0],[107.22808,-7.00924,0],[107.22839,-7.00928,0],[107.22874,-7.0094,0],[107.22906,-7.00969,0],[107.2294,-7.01011,0],[107.22965,-7.01037,0],[107.22992,-7.01068,0],[107.23017,-7.01087,0],[107.2304,-7.01093,0],[107.23058,-7.01088,0],[107.23063,-7.01059,0],[107.23062,-7.00998,0],[107.23061,-7.00946,0],[107.23069,-7.00885,0],[107.23082,-7.00861,0],[107.23099,-7.00849,0],[107.23119,-7.00845,0],[107.23142,-7.00849,0],[107.23164,-7.00859,0],[107.2318,-7.00876,0],[107.23192,-7.00907,0],[107.23186,-7.00944,0],[107.23169,-7.0097,0],[107.23149,-7.01013,0],[107.23143,-7.01051,0],[107.23142,-7.01087,0],[107.23144,-7.01105,0],[107.23148,-7.01114,0],[107.23158,-7.01124,0],[107.23172,-7.01125,0],[107.23207,-7.01119,0],[107.23229,-7.01117,0],[107.23244,-7.0114,0],[107.23263,-7.0118,0],[107.23277,-7.01208,0],[107.23288,-7.01228,0],[107.23304,-7.01241,0],[107.23317,-7.01239,0],[107.23342,-7.01231,0],[107.23365,-7.01222,0],[107.23387,-7.01217,0],[107.23407,-7.01215,0],[107.23436,-7.01219,0],[107.23476,-7.01225,0],[107.23496,-7.01225,0],[107.235003,-7.012241,0],[107.23519,-7.0122,0],[107.2354,-7.01196,0],[107.23557,-7.01164,0],[107.23578,-7.01128,0],[107.23605,-7.011,0],[107.23639,-7.01079,0],[107.23673,-7.0107,0],[107.23702,-7.01059,0],[107.237057,-7.010583,0],[107.23723,-7.01055,0],[107.23746,-7.01063,0],[107.23772,-7.01089,0],[107.23806,-7.0111,0],[107.2384,-7.01124,0],[107.23863,-7.01134,0],[107.23875,-7.01147,0],[107.23881,-7.01165,0],[107.23874,-7.01198,0],[107.23861,-7.01221,0],[107.23861,-7.0125,0],[107.23873,-7.01271,0],[107.238885,-7.012835,0],[107.23899,-7.01292,0],[107.23954,-7.01324,0],[107.23988,-7.01341,0],[107.24026,-7.01371,0],[107.24035,-7.01399,0],[107.24047,-7.01438,0],[107.24062,-7.01474,0],[107.24078,-7.01506,0],[107.2409,-7.01524,0],[107.24103,-7.01536,0],[107.24119,-7.0154,0],[107.24135,-7.01538,0],[107.24163,-7.01529,0],[107.24196,-7.01519,0],[107.241994,-7.015168,0],[107.24237,-7.01493,0],[107.24263,-7.01474,0],[107.24283,-7.01461,0],[107.24288,-7.01438,0],[107.24291,-7.01397,0],[107.24299,-7.01359,0],[107.24305,-7.01338,0],[107.24317,-7.01334,0],[107.24329,-7.01338,0],[107.24342,-7.0135,0],[107.24353,-7.01372,0],[107.24359,-7.01402,0],[107.24369,-7.01424,0],[107.2439,-7.01453,0],[107.24414,-7.01474,0],[107.24451,-7.01488,0],[107.24469,-7.01485,0],[107.24486,-7.01469,0],[107.24502,-7.01437,0],[107.24511,-7.01394,0],[107.24524,-7.01349,0],[107.24533,-7.01314,0],[107.24551,-7.01285,0],[107.24563,-7.01269,0],[107.24579,-7.01264,0],[107.24603,-7.01269,0],[107.24641,-7.01286,0],[107.24679,-7.01299,0],[107.24717,-7.01313,0],[107.2476,-7.01329,0],[107.2476,-7.01329,0],[107.248169,-7.013634,0],[107.248501,-7.013844,0],[107.249015,-7.014226,0],[107.249233,-7.014379,0],[107.249387,-7.014405,0],[107.24952,-7.014356,0],[107.249871,-7.013864,0],[107.250151,-7.013426,0],[107.250265,-7.013209,0],[107.250479,-7.012727,0],[107.250615,-7.012444,0],[107.250738,-7.012324,0],[107.250848,-7.012266,0],[107.250967,-7.012248,0],[107.251091,-7.012292,0],[107.251287,-7.012427,0],[107.251344,-7.012533,0],[107.251354,-7.012648,0],[107.251292,-7.012789,0],[107.251143,-7.012971,0],[107.250722,-7.013507,0],[107.250608,-7.013715,0],[107.250586,-7.013848,0],[107.250613,-7.013914,0],[107.250733,-7.013971,0],[107.251109,-7.014088,0],[107.251356,-7.014162,0],[107.251804,-7.014438,0],[107.252123,-7.014626,0],[107.252326,-7.014704,0],[107.252556,-7.014646,0],[107.252648,-7.014539,0],[107.25271,-7.01425,0],[107.2526,-7.01378,0],[107.25259,-7.01335,0],[107.252597,-7.013091,0],[107.252622,-7.011953,0],[107.252627,-7.011006,0],[107.25261,-7.01057,0],[107.25262,-7.0103,0],[107.25266,-7.01015,0],[107.25272,-7.00999,0],[107.25289,-7.00974,0],[107.253129,-7.009519,0],[107.25306,-7.009534,0],[107.253486,-7.009308,0],[107.254174,-7.009057,0],[107.254649,-7.008883,0],[107.254669,-7.008772,0],[107.254634,-7.008642,0],[107.254489,-7.008491,0],[107.25415,-7.008265,0],[107.253784,-7.008164,0],[107.253494,-7.008151,0],[107.253233,-7.008194,0],[107.25284,-7.008333,0],[107.252585,-7.008314,0],[107.252454,-7.008204,0],[107.252194,-7.007238,0],[107.25221,-7.00711,0],[107.25228,-7.00693,0],[107.25239,-7.0068,0],[107.25258,-7.00676,0],[107.252675,-7.006767,0],[107.25285,-7.00678,0],[107.2531,-7.00699,0],[107.253112,-7.007004,0],[107.253268,-7.007181,0],[107.253435,-7.00738,0],[107.253608,-7.007496,0],[107.253746,-7.007523,0],[107.253787,-7.007454,0],[107.253787,-7.007337,0],[107.253703,-7.007096,0],[107.253654,-7.006931,0],[107.253626,-7.006814,0],[107.253632,-7.006745,0],[107.253694,-7.006697,0],[107.253855,-7.006638,0],[107.25398,-7.00665,0],[107.25433,-7.00662,0],[107.25442,-7.006606,0],[107.25464,-7.00657,0],[107.25482,-7.00648,0],[107.25499,-7.00625,0],[107.25519,-7.00597,0],[107.25532,-7.00578,0],[107.25572,-7.00537,0],[107.25593,-7.00516,0],[107.25619,-7.00491,0],[107.25631,-7.00477,0],[107.25646,-7.00468,0],[107.25669,-7.004616,0],[107.256876,-7.004656,0],[107.257035,-7.004738,0],[107.257258,-7.005075,0],[107.257765,-7.005968,0],[107.258265,-7.006764,0],[107.258723,-7.00741,0],[107.258849,-7.007705,0],[107.259044,-7.008028,0],[107.259127,-7.008069,0],[107.259278,-7.008061,0],[107.259402,-7.007978,0],[107.259684,-7.00777,0],[107.259841,-7.007535,0],[107.259868,-7.007328,0],[107.259893,-7.006901,0],[107.259892,-7.006715,0],[107.259933,-7.006653,0],[107.260134,-7.006538,0],[107.26036,-7.006506,0],[107.2607,-7.00657,0],[107.260879,-7.006589,0],[107.26099,-7.0066,0],[107.26121,-7.00664,0],[107.2615,-7.00665,0],[107.261898,-7.006583,0],[107.262062,-7.006585,0],[107.262351,-7.006578,0],[107.26258,-7.00664,0],[107.26269,-7.00678,0],[107.262727,-7.006868,0],[107.262755,-7.007006,0],[107.262727,-7.007164,0],[107.262638,-7.007418,0],[107.262567,-7.007624,0],[107.262572,-7.007763,0],[107.262688,-7.007863,0],[107.263004,-7.008009,0],[107.263412,-7.008229,0],[107.26348,-7.00826,0],[107.263639,-7.008437,0],[107.263927,-7.00878,0],[107.264129,-7.008975,0],[107.264249,-7.009032,0],[107.264374,-7.009046,0],[107.264455,-7.008983,0],[107.264478,-7.008825,0],[107.264505,-7.007655,0],[107.26455,-7.00746,0],[107.26465,-7.00725,0],[107.264657,-7.007239,0],[107.26474,-7.00711,0],[107.26491,-7.00693,0],[107.26508,-7.00682,0],[107.26528,-7.00672,0],[107.26547,-7.00669,0],[107.26574,-7.00671,0],[107.2661,-7.00682,0],[107.26666,-7.00711,0],[107.26694,-7.00725,0],[107.267018,-7.007274,0],[107.2672,-7.00733,0],[107.2675,-7.00735,0],[107.267932,-7.007206,0],[107.268275,-7.007013,0],[107.268418,-7.00684,0],[107.268427,-7.006668,0],[107.268316,-7.006468,0],[107.268055,-7.005976,0],[107.267953,-7.005761,0],[107.267934,-7.005666,0],[107.267933,-7.005613,0],[107.26799,-7.00553,0],[107.26812,-7.00547,0],[107.26844,-7.00545,0],[107.268454,-7.005447,0],[107.268731,-7.005393,0],[107.26885,-7.00537,0],[107.26917,-7.00533,0],[107.26962,-7.00529,0],[107.26987,-7.00531,0],[107.2702,-7.00537,0],[107.2702,-7.00537,0],[107.2706,-7.00546,0],[107.27082,-7.00549,0],[107.27098,-7.00546,0],[107.27126,-7.00538,0],[107.271751,-7.005155,0],[107.272263,-7.004956,0],[107.272564,-7.004897,0],[107.272818,-7.004915,0],[107.273034,-7.004981,0],[107.273226,-7.005109,0],[107.273322,-7.005295,0],[107.273521,-7.005849,0],[107.273709,-7.006126,0],[107.273916,-7.00635,0],[107.274219,-7.006511,0],[107.274741,-7.006642,0],[107.274943,-7.006703,0],[107.274976,-7.006751,0],[107.274948,-7.006871,0],[107.274915,-7.006967,0],[107.274796,-7.007077,0],[107.274127,-7.007262,0],[107.273907,-7.00734,0],[107.273792,-7.007436,0],[107.273759,-7.007508,0],[107.273808,-7.007665,0],[107.273972,-7.007913,0],[107.274281,-7.008179,0],[107.274649,-7.008307,0],[107.275511,-7.008494,0],[107.276029,-7.008602,0],[107.27635,-7.00888,0],[107.276364,-7.0089,0],[107.276552,-7.009171,0],[107.27665,-7.009335,0],[107.276738,-7.009608,0],[107.276802,-7.010138,0],[107.276857,-7.010506,0],[107.276958,-7.010683,0],[107.277074,-7.010778,0],[107.277198,-7.010782,0],[107.277241,-7.01072,0],[107.277269,-7.010571,0],[107.277344,-7.01025,0],[107.277415,-7.010135,0],[107.277599,-7.009988,0],[107.27781,-7.00993,0],[107.27805,-7.00988,0],[107.27833,-7.00988,0],[107.27854,-7.00994,0],[107.27872,-7.01007,0],[107.27897,-7.01036,0],[107.27917,-7.01068,0],[107.27939,-7.01106,0],[107.27944,-7.01124,0],[107.27958,-7.01169,0],[107.27965,-7.01192,0],[107.27974,-7.01195,0],[107.279789,-7.011945,0],[107.27993,-7.01193,0],[107.28014,-7.01176,0],[107.28043,-7.0115,0],[107.2807,-7.01128,0],[107.28086,-7.01122,0],[107.28103,-7.01122,0],[107.28123,-7.01122,0],[107.28147,-7.01131,0],[107.2818,-7.01142,0],[107.28238,-7.01172,0],[107.28275,-7.01187,0],[107.28307,-7.01199,0],[107.283088,-7.012007,0],[107.28327,-7.01218,0],[107.28339,-7.01235,0],[107.28345,-7.01255,0],[107.28353,-7.01295,0],[107.28361,-7.01328,0],[107.28374,-7.01355,0],[107.2839,-7.01375,0],[107.283961,-7.013804,0],[107.28415,-7.01397,0],[107.28458,-7.01426,0],[107.28497,-7.01454,0],[107.285008,-7.014585,0],[107.28514,-7.01474,0],[107.28538,-7.01511,0],[107.285613,-7.015362,0],[107.285757,-7.015437,0],[107.285876,-7.015413,0],[107.28601,-7.015274,0],[107.286263,-7.015105,0],[107.2864,-7.01512,0],[107.28645,-7.01522,0],[107.28653,-7.0154,0],[107.28663,-7.01563,0],[107.28681,-7.0159,0],[107.28693,-7.016,0],[107.287155,-7.016117,0],[107.28718,-7.01613,0],[107.28748,-7.01626,0],[107.28768,-7.01634,0],[107.28793,-7.01646,0],[107.28804,-7.01652,0],[107.28806,-7.01663,0],[107.28788,-7.01697,0],[107.28771,-7.01726,0],[107.2876,-7.01751,0],[107.28756,-7.01772,0],[107.28759,-7.01786,0],[107.28767,-7.0181,0],[107.28783,-7.01825,0],[107.28813,-7.01837,0],[107.28847,-7.01846,0],[107.28865,-7.01841,0],[107.28916,-7.01814,0],[107.28971,-7.01788,0],[107.28991,-7.0178,0],[107.29003,-7.01768,0],[107.29011,-7.01758,0],[107.29018,-7.01742,0],[107.29023,-7.01733,0],[107.29038,-7.01723,0],[107.29055,-7.01719,0],[107.29135,-7.01752,0],[107.29181,-7.01766,0],[107.29213,-7.01783,0],[107.29225,-7.01788,0],[107.29239,-7.01785,0],[107.29272,-7.01717,0],[107.29274,-7.01694,0],[107.29266,-7.01638,0],[107.29264,-7.01623,0],[107.2929,-7.01598,0],[107.29298,-7.01568,0],[107.29312,-7.01523,0],[107.29312,-7.01483,0],[107.2933,-7.01432,0],[107.29367,-7.01356,0],[107.293674,-7.013549,0],[107.294,-7.01264,0],[107.29431,-7.01187,0],[107.294853,-7.011099,0],[107.29524,-7.01055,0],[107.295572,-7.01017,0],[107.29565,-7.01008,0]]]]},"properties":{"kd_propinsi":"32","kd_dati2":"17","kd_kecamatan":"013","nm_kecamatan":"Rongga"}},{"type":"Feature","geometry":{"type":"MultiPolygon","coordinates":[[[[107.4199,-7.06732,0],[107.42,-7.06694,0],[107.42045,-7.06625,0],[107.420529,-7.066103,0],[107.4206,-7.06597,0],[107.42071,-7.0654,0],[107.42072,-7.06534,0],[107.420583,-7.064714,0],[107.420599,-7.06464,0],[107.420656,-7.064455,0],[107.420825,-7.06428,0],[107.42102,-7.064059,0],[107.421029,-7.064049,0],[107.42118,-7.063868,0],[107.421339,-7.063764,0],[107.421499,-7.063666,0],[107.421681,-7.063586,0],[107.421729,-7.063552,0],[107.421706,-7.063293,0],[107.421651,-7.063137,0],[107.42157,-7.062909,0],[107.421507,-7.062658,0],[107.421492,-7.062466,0],[107.421476,-7.062251,0],[107.421401,-7.061991,0],[107.421077,-7.061874,0],[107.421007,-7.061849,0],[107.42085,-7.061792,0],[107.420563,-7.061679,0],[107.420513,-7.061644,0],[107.420431,-7.061587,0],[107.420204,-7.061203,0],[107.420206,-7.060933,0],[107.420212,-7.060595,0],[107.420226,-7.060409,0],[107.420259,-7.06026,0],[107.420188,-7.060104,0],[107.420035,-7.059913,0],[107.42003,-7.059894,0],[107.419981,-7.059731,0],[107.420002,-7.059457,0],[107.419976,-7.05922,0],[107.420034,-7.058567,0],[107.420196,-7.058273,0],[107.420301,-7.058066,0],[107.420097,-7.057722,0],[107.419914,-7.057377,0],[107.419598,-7.057081,0],[107.41947,-7.056928,0],[107.419415,-7.056717,0],[107.419734,-7.056183,0],[107.419839,-7.056072,0],[107.420312,-7.055927,0],[107.420646,-7.055869,0],[107.421379,-7.055736,0],[107.421869,-7.055672,0],[107.422272,-7.055583,0],[107.422419,-7.055511,0],[107.422631,-7.055243,0],[107.422773,-7.054965,0],[107.422818,-7.054773,0],[107.422817,-7.054772,0],[107.423014,-7.054477,0],[107.423223,-7.054236,0],[107.423383,-7.053964,0],[107.423636,-7.053706,0],[107.423866,-7.053481,0],[107.423982,-7.05328,0],[107.424241,-7.052651,0],[107.424262,-7.052604,0],[107.424297,-7.052161,0],[107.424329,-7.051982,0],[107.424339,-7.051958,0],[107.424691,-7.051562,0],[107.424762,-7.051472,0],[107.424768,-7.051252,0],[107.424763,-7.051117,0],[107.424813,-7.051031,0],[107.425564,-7.051015,0],[107.425805,-7.051001,0],[107.425947,-7.050933,0],[107.426287,-7.050874,0],[107.426381,-7.050939,0],[107.426722,-7.051091,0],[107.427008,-7.051219,0],[107.427501,-7.051277,0],[107.427635,-7.051158,0],[107.427903,-7.050976,0],[107.428117,-7.050812,0],[107.428247,-7.050694,0],[107.428398,-7.050549,0],[107.428541,-7.050413,0],[107.42865,-7.050313,0],[107.42875,-7.050231,0],[107.429342,-7.049596,0],[107.429403,-7.049519,0],[107.429539,-7.049447,0],[107.429896,-7.049328,0],[107.43086,-7.048971,0],[107.431264,-7.048918,0],[107.432446,-7.048733,0],[107.43281,-7.048678,0],[107.432835,-7.048674,0],[107.434146,-7.048061,0],[107.434187,-7.048033,0],[107.434303,-7.047949,0],[107.434387,-7.047888,0],[107.434477,-7.047805,0],[107.434505,-7.047779,0],[107.434658,-7.047651,0],[107.434686,-7.047624,0],[107.434728,-7.047602,0],[107.434791,-7.047569,0],[107.435126,-7.047435,0],[107.435156,-7.047423,0],[107.435296,-7.047368,0],[107.435434,-7.047313,0],[107.435934,-7.047125,0],[107.435995,-7.047102,0],[107.436322,-7.046974,0],[107.436372,-7.046946,0],[107.436537,-7.046819,0],[107.436554,-7.046801,0],[107.436788,-7.046628,0],[107.437025,-7.046419,0],[107.437232,-7.046192,0],[107.437251,-7.046263,0],[107.437417,-7.046228,0],[107.43751,-7.0461,0],[107.437651,-7.046044,0],[107.438018,-7.046263,0],[107.438172,-7.046377,0],[107.438226,-7.046489,0],[107.438082,-7.046862,0],[107.438082,-7.046864,0],[107.438016,-7.047038,0],[107.437979,-7.047136,0],[107.438038,-7.047385,0],[107.438107,-7.04763,0],[107.437901,-7.048092,0],[107.437906,-7.048104,0],[107.437906,-7.048105,0],[107.437936,-7.048196,0],[107.438448,-7.048474,0],[107.438627,-7.048561,0],[107.438641,-7.048566,0],[107.438872,-7.048543,0],[107.439051,-7.048499,0],[107.440049,-7.048256,0],[107.440255,-7.048237,0],[107.440384,-7.048225,0],[107.440588,-7.048252,0],[107.440942,-7.0483,0],[107.441318,-7.048364,0],[107.441478,-7.048392,0],[107.441761,-7.04842,0],[107.442108,-7.048327,0],[107.442459,-7.048233,0],[107.442762,-7.048152,0],[107.443354,-7.04823,0],[107.44371,-7.048176,0],[107.443967,-7.047994,0],[107.444132,-7.047859,0],[107.444149,-7.047854,0],[107.44425,-7.047823,0],[107.444384,-7.047917,0],[107.444475,-7.048037,0],[107.444575,-7.04817,0],[107.444667,-7.048281,0],[107.444964,-7.048418,0],[107.445233,-7.048542,0],[107.445301,-7.048565,0],[107.445346,-7.048642,0],[107.445264,-7.048744,0],[107.445171,-7.048859,0],[107.445204,-7.048858,0],[107.445756,-7.048834,0],[107.446049,-7.048823,0],[107.446382,-7.048737,0],[107.44689,-7.04856,0],[107.447571,-7.04844,0],[107.447944,-7.048363,0],[107.447951,-7.048363,0],[107.448106,-7.048353,0],[107.448691,-7.048441,0],[107.449151,-7.048539,0],[107.449348,-7.048614,0],[107.449606,-7.048807,0],[107.449992,-7.049194,0],[107.450149,-7.049294,0],[107.450242,-7.049353,0],[107.450329,-7.049389,0],[107.450428,-7.04943,0],[107.450587,-7.04948,0],[107.450674,-7.049518,0],[107.45077,-7.049596,0],[107.450908,-7.049723,0],[107.451109,-7.049878,0],[107.451299,-7.050013,0],[107.451714,-7.050424,0],[107.45182,-7.050508,0],[107.451895,-7.05054,0],[107.451973,-7.050561,0],[107.452032,-7.050584,0],[107.452459,-7.050938,0],[107.453105,-7.05132,0],[107.45396,-7.05171,0],[107.45507,-7.05182,0],[107.456525,-7.05188,0],[107.45653,-7.05188,0],[107.45653,-7.05188,0],[107.45682,-7.05061,0],[107.457,-7.04968,0],[107.45714,-7.04904,0],[107.45748,-7.04841,0],[107.45787,-7.04786,0],[107.45822,-7.04693,0],[107.458322,-7.046707,0],[107.45864,-7.04601,0],[107.459185,-7.04459,0],[107.458846,-7.044389,0],[107.458603,-7.044275,0],[107.458161,-7.044104,0],[107.457747,-7.043832,0],[107.457561,-7.043704,0],[107.457219,-7.043461,0],[107.45729,-7.04319,0],[107.457447,-7.043004,0],[107.457561,-7.04279,0],[107.457547,-7.042519,0],[107.45739,-7.042419,0],[107.457204,-7.042519,0],[107.456833,-7.042676,0],[107.456605,-7.042605,0],[107.456476,-7.04249,0],[107.456376,-7.042291,0],[107.456219,-7.042005,0],[107.456105,-7.041834,0],[107.455948,-7.041662,0],[107.455819,-7.041463,0],[107.455891,-7.040991,0],[107.455605,-7.040906,0],[107.455334,-7.040863,0],[107.455091,-7.040734,0],[107.455006,-7.040634,0],[107.455106,-7.040449,0],[107.45532,-7.040335,0],[107.45532,-7.040178,0],[107.455206,-7.040078,0],[107.455063,-7.039849,0],[107.455191,-7.039735,0],[107.455248,-7.039607,0],[107.455134,-7.039535,0],[107.455034,-7.039407,0],[107.454663,-7.039392,0],[107.45472,-7.039121,0],[107.454663,-7.038836,0],[107.454563,-7.038764,0],[107.45432,-7.038921,0],[107.453949,-7.039021,0],[107.453692,-7.038836,0],[107.453535,-7.03865,0],[107.453492,-7.038536,0],[107.453478,-7.038336,0],[107.453621,-7.038322,0],[107.453764,-7.038265,0],[107.453721,-7.038179,0],[107.453607,-7.038022,0],[107.453592,-7.037879,0],[107.453507,-7.037793,0],[107.453364,-7.037736,0],[107.453235,-7.037665,0],[107.453278,-7.037436,0],[107.453464,-7.037422,0],[107.453792,-7.037365,0],[107.454106,-7.037265,0],[107.453921,-7.03708,0],[107.453835,-7.036808,0],[107.453806,-7.036594,0],[107.453849,-7.036337,0],[107.454078,-7.03628,0],[107.454278,-7.036423,0],[107.454449,-7.036394,0],[107.45472,-7.035952,0],[107.454763,-7.03568,0],[107.454263,-7.035738,0],[107.45422,-7.035738,0],[107.453749,-7.035466,0],[107.453507,-7.035295,0],[107.453292,-7.034995,0],[107.453035,-7.034767,0],[107.452536,-7.034681,0],[107.45225,-7.034495,0],[107.452093,-7.034296,0],[107.451779,-7.034024,0],[107.451422,-7.033725,0],[107.451065,-7.033482,0],[107.45068,-7.033268,0],[107.450337,-7.033011,0],[107.449395,-7.032711,0],[107.449024,-7.032411,0],[107.448795,-7.03214,0],[107.448652,-7.03174,0],[107.448595,-7.03164,0],[107.448181,-7.031483,0],[107.447425,-7.031183,0],[107.447196,-7.030855,0],[107.447011,-7.030512,0],[107.446725,-7.030298,0],[107.446611,-7.030255,0],[107.446497,-7.03007,0],[107.446511,-7.02987,0],[107.446697,-7.029456,0],[107.446811,-7.029156,0],[107.446925,-7.028885,0],[107.447225,-7.028656,0],[107.447682,-7.028356,0],[107.44811,-7.028085,0],[107.448367,-7.027814,0],[107.448495,-7.027486,0],[107.448581,-7.027329,0],[107.448924,-7.027371,0],[107.449109,-7.0273,0],[107.449323,-7.0272,0],[107.449538,-7.027329,0],[107.449809,-7.027271,0],[107.450094,-7.026743,0],[107.450451,-7.026244,0],[107.45078,-7.025929,0],[107.451065,-7.025715,0],[107.451516,-7.025393,0],[107.450037,-7.024973,0],[107.449495,-7.024602,0],[107.449081,-7.024159,0],[107.44881,-7.023531,0],[107.448553,-7.022903,0],[107.448124,-7.022317,0],[107.446382,-7.020576,0],[107.446111,-7.020162,0],[107.445926,-7.019733,0],[107.445469,-7.019305,0],[107.445454,-7.019119,0],[107.444634,-7.017656,0],[107.444384,-7.017292,0],[107.444112,-7.016821,0],[107.443898,-7.01665,0],[107.443242,-7.016478,0],[107.442656,-7.016381,0],[107.44256,-7.01616,0],[107.4423,-7.01529,0],[107.44165,-7.01416,0],[107.43691,-7.01061,0],[107.435595,-7.009757,0],[107.434579,-7.009099,0],[107.43364,-7.00849,0],[107.43234,-7.006005,0],[107.43194,-7.00524,0],[107.43147,-7.003811,0],[107.431928,-7.003543,0],[107.431857,-7.003424,0],[107.431857,-7.003305,0],[107.431869,-7.003079,0],[107.431904,-7.002829,0],[107.431916,-7.002591,0],[107.431833,-7.002389,0],[107.431833,-7.002258,0],[107.43194,-7.002068,0],[107.43219,-7.001878,0],[107.432344,-7.001723,0],[107.432392,-7.001652,0],[107.432582,-7.001628,0],[107.432713,-7.001545,0],[107.432701,-7.001283,0],[107.432642,-7.001188,0],[107.43269,-7.000985,0],[107.432642,-7.000712,0],[107.432582,-7.000533,0],[107.432535,-7.000355,0],[107.432535,-7.000212,0],[107.432547,-7.000093,0],[107.432594,-7.000045,0],[107.433118,-7.00001,0],[107.433177,-6.999784,0],[107.433189,-6.999462,0],[107.433261,-6.999439,0],[107.433344,-6.999284,0],[107.433296,-6.999046,0],[107.433213,-6.998903,0],[107.433142,-6.998701,0],[107.433023,-6.998546,0],[107.432987,-6.998487,0],[107.433035,-6.998344,0],[107.433201,-6.998154,0],[107.433272,-6.997916,0],[107.433177,-6.997797,0],[107.43313,-6.997583,0],[107.433058,-6.997464,0],[107.432951,-6.997285,0],[107.432868,-6.997142,0],[107.429044,-6.997256,0],[107.42857,-6.99652,0],[107.42855,-6.99628,0],[107.42857,-6.99601,0],[107.428614,-6.995721,0],[107.42865,-6.99548,0],[107.428748,-6.994742,0],[107.42876,-6.99465,0],[107.42863,-6.99433,0],[107.42858,-6.99393,0],[107.42833,-6.99339,0],[107.428216,-6.994043,0],[107.428097,-6.994388,0],[107.427776,-6.994614,0],[107.42736,-6.99465,0],[107.427086,-6.994531,0],[107.427003,-6.994329,0],[107.426872,-6.994222,0],[107.426669,-6.994198,0],[107.42636,-6.994317,0],[107.426087,-6.994495,0],[107.425956,-6.994721,0],[107.425753,-6.994947,0],[107.425646,-6.994924,0],[107.425527,-6.994876,0],[107.42542,-6.9949,0],[107.425266,-6.994971,0],[107.425139,-6.994962,0],[107.425092,-6.994914,0],[107.425082,-6.994781,0],[107.425025,-6.994771,0],[107.424997,-6.994705,0],[107.424987,-6.994562,0],[107.42493,-6.994448,0],[107.424978,-6.994257,0],[107.424942,-6.994148,0],[107.424863,-6.994027,0],[107.424835,-6.993884,0],[107.424913,-6.993498,0],[107.424992,-6.993306,0],[107.424978,-6.993177,0],[107.425006,-6.99307,0],[107.424992,-6.992692,0],[107.424963,-6.992406,0],[107.424899,-6.992342,0],[107.424628,-6.992156,0],[107.424492,-6.992135,0],[107.424207,-6.991935,0],[107.424057,-6.991792,0],[107.423807,-6.991564,0],[107.423586,-6.991364,0],[107.423436,-6.991071,0],[107.423464,-6.990821,0],[107.423479,-6.990486,0],[107.423664,-6.990222,0],[107.423828,-6.990043,0],[107.4239,-6.989715,0],[107.423957,-6.989401,0],[107.424071,-6.989287,0],[107.424207,-6.989158,0],[107.424185,-6.98903,0],[107.424235,-6.988858,0],[107.424335,-6.988601,0],[107.424457,-6.988416,0],[107.424721,-6.988039,0],[107.42428,-6.98733,0],[107.424155,-6.987066,0],[107.423399,-6.984959,0],[107.423191,-6.984947,0],[107.42306,-6.985066,0],[107.422882,-6.98484,0],[107.42262,-6.984519,0],[107.422323,-6.984507,0],[107.422097,-6.984388,0],[107.421835,-6.984138,0],[107.421526,-6.983924,0],[107.421288,-6.983841,0],[107.420907,-6.983888,0],[107.420514,-6.983948,0],[107.420324,-6.983995,0],[107.420205,-6.983329,0],[107.419789,-6.9834,0],[107.419325,-6.983448,0],[107.419051,-6.983531,0],[107.418847,-6.983523,0],[107.417866,-6.983909,0],[107.418008,-6.983336,0],[107.417622,-6.982979,0],[107.41708,-6.983051,0],[107.416823,-6.982865,0],[107.41688,-6.982351,0],[107.41718,-6.98198,0],[107.417337,-6.981694,0],[107.417665,-6.981523,0],[107.417894,-6.981109,0],[107.418293,-6.981052,0],[107.418422,-6.980881,0],[107.418136,-6.980567,0],[107.418065,-6.980053,0],[107.418022,-6.979739,0],[107.418322,-6.979267,0],[107.418765,-6.978811,0],[107.419279,-6.978325,0],[107.419635,-6.978154,0],[107.419835,-6.977854,0],[107.420107,-6.977583,0],[107.420549,-6.977311,0],[107.420863,-6.977354,0],[107.421163,-6.97724,0],[107.421292,-6.977026,0],[107.42132,-6.976812,0],[107.421406,-6.976398,0],[107.421406,-6.976112,0],[107.42162,-6.976041,0],[107.421748,-6.975955,0],[107.421777,-6.975327,0],[107.421977,-6.975113,0],[107.42222,-6.974927,0],[107.422348,-6.974699,0],[107.422362,-6.97437,0],[107.422605,-6.974242,0],[107.422762,-6.974156,0],[107.422848,-6.973956,0],[107.422876,-6.973714,0],[107.422948,-6.973614,0],[107.423133,-6.973557,0],[107.423248,-6.9733,0],[107.423219,-6.973043,0],[107.423198,-6.9729,0],[107.42324,-6.972707,0],[107.42329,-6.972572,0],[107.423262,-6.972386,0],[107.423212,-6.972293,0],[107.423119,-6.972186,0],[107.423033,-6.9721,0],[107.422976,-6.972036,0],[107.422998,-6.971936,0],[107.422998,-6.971843,0],[107.422983,-6.971744,0],[107.423062,-6.971644,0],[107.423155,-6.971608,0],[107.423283,-6.971501,0],[107.423447,-6.971344,0],[107.423612,-6.971294,0],[107.42364,-6.971115,0],[107.42384,-6.97103,0],[107.424011,-6.970937,0],[107.423938,-6.97077,0],[107.423995,-6.970678,0],[107.423966,-6.970606,0],[107.423923,-6.969864,0],[107.424095,-6.969628,0],[107.424166,-6.969557,0],[107.423345,-6.968743,0],[107.421576,-6.967416,0],[107.421562,-6.967438,0],[107.421189,-6.968047,0],[107.420072,-6.969318,0],[107.419416,-6.96983,0],[107.417747,-6.970407,0],[107.412904,-6.96967,0],[107.41168,-6.96972,0],[107.410991,-6.969867,0],[107.41051,-6.96997,0],[107.40938,-6.9702,0],[107.409215,-6.970227,0],[107.40833,-6.97037,0],[107.407639,-6.970524,0],[107.4073,-6.9706,0],[107.4064,-6.97074,0],[107.405869,-6.970755,0],[107.40567,-6.97076,0],[107.40521,-6.97068,0],[107.40472,-6.97036,0],[107.404282,-6.969852,0],[107.40428,-6.96985,0],[107.403998,-6.969905,0],[107.403549,-6.970003,0],[107.403194,-6.96989,0],[107.402849,-6.96973,0],[107.402694,-6.969443,0],[107.40253,-6.969119,0],[107.402174,-6.968796,0],[107.401933,-6.968462,0],[107.40174,-6.968186,0],[107.40128,-6.967965,0],[107.400976,-6.967936,0],[107.400479,-6.967888,0],[107.40008,-6.96785,0],[107.3987,-6.96764,0],[107.39752,-6.96738,0],[107.39705,-6.967291,0],[107.39636,-6.96716,0],[107.39539,-6.96699,0],[107.39522,-6.96696,0],[107.395152,-6.96692,0],[107.3947,-6.96665,0],[107.39428,-6.96625,0],[107.39383,-6.9657,0],[107.39351,-6.96524,0],[107.39311,-6.96474,0],[107.39265,-6.96436,0],[107.39231,-6.96415,0],[107.39202,-6.96408,0],[107.391999,-6.964086,0],[107.39155,-6.96421,0],[107.391099,-6.964671,0],[107.39109,-6.96468,0],[107.39057,-6.96538,0],[107.39049,-6.96588,0],[107.39022,-6.96682,0],[107.39009,-6.96697,0],[107.38956,-6.96771,0],[107.38932,-6.96803,0],[107.38903,-6.96826,0],[107.38881,-6.96835,0],[107.38843,-6.96849,0],[107.38827,-6.96862,0],[107.38779,-6.96906,0],[107.38765,-6.96918,0],[107.38735,-6.96966,0],[107.387348,-6.969664,0],[107.387109,-6.970049,0],[107.38704,-6.97016,0],[107.38685,-6.97063,0],[107.38681,-6.97135,0],[107.38685,-6.97209,0],[107.38684,-6.97294,0],[107.38666,-6.97358,0],[107.386598,-6.973674,0],[107.3864,-6.97397,0],[107.38544,-6.97442,0],[107.38462,-6.97489,0],[107.384519,-6.974964,0],[107.384492,-6.975171,0],[107.384544,-6.975328,0],[107.384595,-6.975493,0],[107.384646,-6.975622,0],[107.384473,-6.975659,0],[107.38436,-6.976032,0],[107.384484,-6.976426,0],[107.38431,-6.977324,0],[107.384176,-6.977992,0],[107.383952,-6.978451,0],[107.38406,-6.97862,0],[107.384247,-6.978853,0],[107.38459,-6.97928,0],[107.385,-6.97974,0],[107.385193,-6.980097,0],[107.38527,-6.98024,0],[107.38543,-6.98061,0],[107.38534,-6.98101,0],[107.38509,-6.98151,0],[107.38495,-6.98166,0],[107.38416,-6.98188,0],[107.3836,-6.98212,0],[107.3831,-6.98259,0],[107.38253,-6.98321,0],[107.38184,-6.98396,0],[107.38113,-6.98487,0],[107.38032,-6.98566,0],[107.380028,-6.985862,0],[107.37977,-6.98604,0],[107.37896,-6.98648,0],[107.37808,-6.98663,0],[107.377414,-6.987028,0],[107.37736,-6.98706,0],[107.37718,-6.9872,0],[107.37682,-6.98748,0],[107.37643,-6.9879,0],[107.376,-6.98848,0],[107.37583,-6.98902,0],[107.37559,-6.99,0],[107.37539,-6.99089,0],[107.37537,-6.99185,0],[107.37539,-6.99222,0],[107.37536,-6.99255,0],[107.37531,-6.9928,0],[107.375,-6.99313,0],[107.37407,-6.99399,0],[107.37362,-6.994447,0],[107.37342,-6.99465,0],[107.373367,-6.994683,0],[107.3724,-6.99529,0],[107.37155,-6.99584,0],[107.3706,-6.99637,0],[107.36956,-6.99698,0],[107.369311,-6.997111,0],[107.36834,-6.99762,0],[107.36782,-6.99784,0],[107.367587,-6.997923,0],[107.36754,-6.99794,0],[107.36761,-6.99808,0],[107.3676,-6.99822,0],[107.3676,-6.99847,0],[107.36768,-6.99861,0],[107.36796,-6.99886,0],[107.36838,-6.99921,0],[107.36859,-6.9993,0],[107.36893,-6.99946,0],[107.36891,-6.9996,0],[107.36889,-6.99984,0],[107.36893,-7,0],[107.36905,-7.0005,0],[107.36901,-7.00087,0],[107.36886,-7.00138,0],[107.36872,-7.00142,0],[107.368586,-7.001451,0],[107.368407,-7.00171,0],[107.368075,-7.001933,0],[107.367792,-7.002119,0],[107.367496,-7.002346,0],[107.367388,-7.002523,0],[107.367174,-7.002769,0],[107.366787,-7.003048,0],[107.366399,-7.003197,0],[107.366031,-7.003402,0],[107.365681,-7.003626,0],[107.365368,-7.003923,0],[107.365092,-7.004164,0],[107.364723,-7.004369,0],[107.364502,-7.004555,0],[107.364374,-7.004704,0],[107.364341,-7.004796,0],[107.364301,-7.004907,0],[107.364191,-7.005111,0],[107.364247,-7.005295,0],[107.364341,-7.005535,0],[107.364305,-7.00572,0],[107.364213,-7.005905,0],[107.364165,-7.005993,0],[107.364122,-7.006071,0],[107.364123,-7.006238,0],[107.364142,-7.006404,0],[107.364217,-7.006625,0],[107.364218,-7.006847,0],[107.364182,-7.007013,0],[107.364127,-7.007198,0],[107.364018,-7.007383,0],[107.363981,-7.00755,0],[107.364001,-7.007753,0],[107.36402,-7.007919,0],[107.364058,-7.008159,0],[107.363967,-7.008362,0],[107.363876,-7.008584,0],[107.363803,-7.008751,0],[107.363748,-7.008936,0],[107.36373,-7.009102,0],[107.363768,-7.009268,0],[107.36388,-7.009489,0],[107.363937,-7.009655,0],[107.363993,-7.009858,0],[107.364105,-7.010042,0],[107.36418,-7.010227,0],[107.364236,-7.010393,0],[107.364256,-7.010596,0],[107.364275,-7.010762,0],[107.36422,-7.010965,0],[107.364184,-7.01115,0],[107.364167,-7.011316,0],[107.364094,-7.01152,0],[107.363984,-7.011724,0],[107.363893,-7.011964,0],[107.36382,-7.01226,0],[107.363803,-7.012445,0],[107.363822,-7.012648,0],[107.36386,-7.012888,0],[107.363954,-7.013072,0],[107.364084,-7.013256,0],[107.364251,-7.013384,0],[107.364381,-7.013513,0],[107.364493,-7.013679,0],[107.364605,-7.013826,0],[107.36479,-7.013973,0],[107.36492,-7.014101,0],[107.365217,-7.014285,0],[107.365532,-7.014486,0],[107.365773,-7.014651,0],[107.365977,-7.014798,0],[107.366126,-7.014963,0],[107.366275,-7.015129,0],[107.366424,-7.015313,0],[107.366572,-7.01546,0],[107.366703,-7.015662,0],[107.36687,-7.015846,0],[107.367,-7.015975,0],[107.367167,-7.016177,0],[107.367283,-7.016277,0],[107.367385,-7.016377,0],[107.367472,-7.016456,0],[107.367544,-7.016607,0],[107.367583,-7.016701,0],[107.367617,-7.016778,0],[107.36764,-7.016861,0],[107.367673,-7.016944,0],[107.367712,-7.017016,0],[107.367718,-7.017071,0],[107.367735,-7.017132,0],[107.367751,-7.017178,0],[107.367753,-7.017189,0],[107.367776,-7.017223,0],[107.367777,-7.017252,0],[107.36777,-7.017315,0],[107.367775,-7.01737,0],[107.367764,-7.017431,0],[107.367754,-7.017492,0],[107.367721,-7.017548,0],[107.367693,-7.017614,0],[107.367666,-7.017676,0],[107.367633,-7.017742,0],[107.3676,-7.017825,0],[107.367578,-7.017898,0],[107.367545,-7.017964,0],[107.367518,-7.018042,0],[107.367485,-7.01812,0],[107.367452,-7.018214,0],[107.367414,-7.018319,0],[107.367398,-7.018408,0],[107.367359,-7.01848,0],[107.367338,-7.018586,0],[107.36729,-7.018768,0],[107.367268,-7.018904,0],[107.367266,-7.018918,0],[107.367247,-7.01904,0],[107.367236,-7.019153,0],[107.367248,-7.019289,0],[107.367271,-7.019424,0],[107.367261,-7.019605,0],[107.367261,-7.01973,0],[107.367296,-7.019888,0],[107.367297,-7.020057,0],[107.367298,-7.020272,0],[107.36731,-7.020487,0],[107.367277,-7.020668,0],[107.367234,-7.02103,0],[107.367292,-7.021335,0],[107.367339,-7.021595,0],[107.367486,-7.021696,0],[107.367611,-7.021809,0],[107.367771,-7.022011,0],[107.367772,-7.02217,0],[107.367727,-7.022317,0],[107.367705,-7.022441,0],[107.36774,-7.022577,0],[107.367797,-7.022724,0],[107.367854,-7.022882,0],[107.36789,-7.023232,0],[107.367791,-7.023798,0],[107.367647,-7.02433,0],[107.367513,-7.024727,0],[107.367413,-7.02501,0],[107.367425,-7.025145,0],[107.367404,-7.025507,0],[107.367552,-7.025789,0],[107.367678,-7.026105,0],[107.36768,-7.026388,0],[107.367591,-7.026637,0],[107.367456,-7.026841,0],[107.367219,-7.027024,0],[107.366925,-7.027082,0],[107.36671,-7.027128,0],[107.36653,-7.027253,0],[107.366498,-7.027298,0],[107.36655,-7.02741,0],[107.3665,-7.02762,0],[107.36647,-7.02773,0],[107.36657,-7.0279,0],[107.36674,-7.02804,0],[107.36688,-7.02808,0],[107.36702,-7.02802,0],[107.36727,-7.02767,0],[107.36736,-7.02756,0],[107.36747,-7.02753,0],[107.36761,-7.02761,0],[107.36776,-7.02792,0],[107.36783,-7.02817,0],[107.36783,-7.02833,0],[107.367793,-7.028649,0],[107.367704,-7.028842,0],[107.367614,-7.028944,0],[107.367596,-7.029,0],[107.367558,-7.029125,0],[107.367547,-7.029145,0],[107.36782,-7.02926,0],[107.36802,-7.02935,0],[107.36813,-7.02946,0],[107.36816,-7.02955,0],[107.36807,-7.02965,0],[107.36787,-7.02978,0],[107.368027,-7.030084,0],[107.368062,-7.030253,0],[107.368074,-7.030423,0],[107.368007,-7.030627,0],[107.367906,-7.030808,0],[107.367714,-7.030945,0],[107.367398,-7.031037,0],[107.367081,-7.031061,0],[107.366707,-7.030927,0],[107.366321,-7.030771,0],[107.36597,-7.030807,0],[107.365711,-7.031023,0],[107.365263,-7.031964,0],[107.365093,-7.032732,0],[107.36542,-7.03332,0],[107.36557,-7.03344,0],[107.36573,-7.03346,0],[107.36594,-7.03349,0],[107.3661,-7.03359,0],[107.36654,-7.0339,0],[107.3667,-7.03467,0],[107.36687,-7.03483,0],[107.36741,-7.03525,0],[107.36748,-7.03533,0],[107.36752,-7.03538,0],[107.36753,-7.035422,0],[107.367572,-7.035595,0],[107.36759,-7.03567,0],[107.36765,-7.03599,0],[107.36765,-7.03629,0],[107.36746,-7.03677,0],[107.367406,-7.037087,0],[107.367279,-7.037305,0],[107.36724,-7.03749,0],[107.36725,-7.03802,0],[107.36723,-7.03818,0],[107.36717,-7.03834,0],[107.3672,-7.03848,0],[107.367,-7.03852,0],[107.366904,-7.038559,0],[107.366768,-7.038583,0],[107.366598,-7.038595,0],[107.366497,-7.038675,0],[107.366395,-7.038732,0],[107.366317,-7.038811,0],[107.366249,-7.038913,0],[107.36622,-7.03904,0],[107.36637,-7.03932,0],[107.36692,-7.04019,0],[107.36715,-7.04063,0],[107.36718,-7.04086,0],[107.36712,-7.04108,0],[107.367,-7.04127,0],[107.366887,-7.041428,0],[107.366829,-7.041715,0],[107.36656,-7.042101,0],[107.365862,-7.042952,0],[107.365739,-7.043292,0],[107.365628,-7.043575,0],[107.365764,-7.04371,0],[107.36598,-7.043924,0],[107.366118,-7.044297,0],[107.366244,-7.044567,0],[107.366308,-7.044643,0],[107.36641,-7.04465,0],[107.36671,-7.04434,0],[107.3669,-7.04412,0],[107.36706,-7.04439,0],[107.36716,-7.04462,0],[107.3672,-7.04488,0],[107.3673,-7.04532,0],[107.3676,-7.04603,0],[107.36788,-7.0467,0],[107.36781,-7.04736,0],[107.36759,-7.0482,0],[107.367375,-7.048748,0],[107.36728,-7.04899,0],[107.366644,-7.050552,0],[107.366648,-7.050615,0],[107.366785,-7.050818,0],[107.366989,-7.05093,0],[107.367431,-7.051018,0],[107.367873,-7.051027,0],[107.368156,-7.051037,0],[107.368473,-7.051137,0],[107.368894,-7.051497,0],[107.369202,-7.051948,0],[107.369407,-7.052184,0],[107.369389,-7.052334,0],[107.3694,-7.05235,0],[107.36947,-7.05278,0],[107.36947,-7.052784,0],[107.36948,-7.05289,0],[107.36943,-7.05334,0],[107.36929,-7.05394,0],[107.36925,-7.05403,0],[107.369151,-7.054183,0],[107.369019,-7.054329,0],[107.368923,-7.054498,0],[107.36864,-7.05489,0],[107.36837,-7.05523,0],[107.36818,-7.05546,0],[107.36807,-7.05559,0],[107.368,-7.05574,0],[107.36792,-7.0561,0],[107.36793,-7.05627,0],[107.36798,-7.05673,0],[107.3679,-7.05675,0],[107.36765,-7.05692,0],[107.36734,-7.05714,0],[107.36723,-7.05718,0],[107.366953,-7.05769,0],[107.366532,-7.058115,0],[107.366327,-7.058382,0],[107.366134,-7.058552,0],[107.36599,-7.058662,0],[107.365773,-7.05882,0],[107.365531,-7.058967,0],[107.365302,-7.059161,0],[107.365061,-7.05938,0],[107.364844,-7.059575,0],[107.364772,-7.059672,0],[107.36464,-7.059866,0],[107.364435,-7.060158,0],[107.36428,-7.060533,0],[107.3641,-7.060958,0],[107.363898,-7.061624,0],[107.363779,-7.062108,0],[107.36368,-7.06284,0],[107.36368,-7.06312,0],[107.363758,-7.063358,0],[107.363749,-7.063513,0],[107.363808,-7.063658,0],[107.363828,-7.063812,0],[107.36379,-7.06388,0],[107.363761,-7.063948,0],[107.363732,-7.064016,0],[107.363616,-7.064094,0],[107.363433,-7.064202,0],[107.363114,-7.06429,0],[107.362824,-7.064398,0],[107.362563,-7.064535,0],[107.362302,-7.064691,0],[107.362051,-7.064867,0],[107.361887,-7.065013,0],[107.361782,-7.065226,0],[107.36172,-7.06542,0],[107.36181,-7.06552,0],[107.36191,-7.06562,0],[107.36203,-7.06572,0],[107.36213,-7.06586,0],[107.36218,-7.06593,0],[107.36231,-7.06611,0],[107.36241,-7.06628,0],[107.36248,-7.06638,0],[107.36262,-7.06652,0],[107.36278,-7.06666,0],[107.36299,-7.06686,0],[107.36311,-7.06692,0],[107.36328,-7.06701,0],[107.36357,-7.06707,0],[107.36388,-7.06715,0],[107.36396,-7.06725,0],[107.364,-7.06739,0],[107.363834,-7.067668,0],[107.363935,-7.067779,0],[107.363937,-7.068147,0],[107.363936,-7.068227,0],[107.363933,-7.068431,0],[107.36393,-7.06866,0],[107.363919,-7.069284,0],[107.363922,-7.069903,0],[107.363859,-7.070833,0],[107.363934,-7.071432,0],[107.36394,-7.07148,0],[107.36439,-7.07248,0],[107.36455,-7.07334,0],[107.36484,-7.07418,0],[107.36496,-7.07444,0],[107.36503,-7.07477,0],[107.365,-7.07501,0],[107.36495,-7.0752,0],[107.36497,-7.07532,0],[107.36542,-7.07576,0],[107.36582,-7.07624,0],[107.36615,-7.07668,0],[107.36621,-7.0768,0],[107.366282,-7.076945,0],[107.3666,-7.07758,0],[107.36695,-7.07824,0],[107.36721,-7.07872,0],[107.36739,-7.07897,0],[107.36768,-7.07933,0],[107.36773,-7.0794,0],[107.368099,-7.079769,0],[107.36828,-7.07995,0],[107.36871,-7.08046,0],[107.36889,-7.08086,0],[107.369175,-7.081972,0],[107.36921,-7.08211,0],[107.3693,-7.08257,0],[107.369255,-7.08281,0],[107.369327,-7.083249,0],[107.369399,-7.084022,0],[107.369243,-7.084715,0],[107.368993,-7.0852,0],[107.368599,-7.085792,0],[107.368263,-7.086452,0],[107.368136,-7.087145,0],[107.367957,-7.088026,0],[107.36767,-7.088734,0],[107.367527,-7.08918,0],[107.367326,-7.089694,0],[107.367011,-7.090595,0],[107.366966,-7.09135,0],[107.367049,-7.092366,0],[107.366782,-7.093257,0],[107.366236,-7.094325,0],[107.365871,-7.094926,0],[107.365611,-7.095363,0],[107.365455,-7.095715,0],[107.36556,-7.095762,0],[107.365721,-7.095897,0],[107.366016,-7.096166,0],[107.366434,-7.096513,0],[107.366472,-7.096653,0],[107.36646,-7.096824,0],[107.366431,-7.097125,0],[107.366481,-7.097493,0],[107.366599,-7.097908,0],[107.366618,-7.098074,0],[107.366689,-7.098323,0],[107.366767,-7.098472,0],[107.366958,-7.098705,0],[107.367068,-7.098782,0],[107.367346,-7.098982,0],[107.367571,-7.099115,0],[107.367779,-7.099241,0],[107.367921,-7.099322,0],[107.368334,-7.099531,0],[107.368474,-7.099619,0],[107.368643,-7.099712,0],[107.368862,-7.09987,0],[107.369035,-7.099996,0],[107.369144,-7.100088,0],[107.36925,-7.100166,0],[107.369373,-7.100281,0],[107.369502,-7.100467,0],[107.369594,-7.100594,0],[107.369647,-7.100691,0],[107.369681,-7.10078,0],[107.369719,-7.100885,0],[107.369754,-7.100963,0],[107.369805,-7.101078,0],[107.36983,-7.101166,0],[107.369864,-7.101358,0],[107.369883,-7.101503,0],[107.369932,-7.101711,0],[107.369957,-7.101793,0],[107.369993,-7.101854,0],[107.370056,-7.102012,0],[107.370071,-7.102136,0],[107.370072,-7.102222,0],[107.37006,-7.102339,0],[107.370049,-7.102479,0],[107.370068,-7.102692,0],[107.370084,-7.102765,0],[107.370117,-7.102915,0],[107.370236,-7.103189,0],[107.370314,-7.103272,0],[107.37046,-7.103379,0],[107.37059,-7.10345,0],[107.370746,-7.103523,0],[107.370936,-7.103256,0],[107.371123,-7.103028,0],[107.371266,-7.102833,0],[107.371433,-7.102671,0],[107.3715,-7.102631,0],[107.371537,-7.102613,0],[107.3716,-7.102576,0],[107.371658,-7.102531,0],[107.371661,-7.102522,0],[107.371694,-7.102449,0],[107.371708,-7.102404,0],[107.371713,-7.102368,0],[107.371714,-7.102359,0],[107.371715,-7.102341,0],[107.371722,-7.102305,0],[107.371736,-7.10225,0],[107.371756,-7.102205,0],[107.371792,-7.102133,0],[107.371838,-7.102051,0],[107.371893,-7.101969,0],[107.371927,-7.101933,0],[107.371964,-7.10187,0],[107.372011,-7.101797,0],[107.372076,-7.101697,0],[107.372111,-7.101643,0],[107.372159,-7.101543,0],[107.372188,-7.101462,0],[107.372212,-7.10138,0],[107.37222,-7.101353,0],[107.372245,-7.101281,0],[107.372268,-7.101217,0],[107.372286,-7.101172,0],[107.372302,-7.101091,0],[107.372328,-7.100982,0],[107.372356,-7.100873,0],[107.372397,-7.100765,0],[107.372446,-7.100656,0],[107.37249,-7.100574,0],[107.372496,-7.100565,0],[107.372549,-7.100484,0],[107.372606,-7.100411,0],[107.372682,-7.100302,0],[107.372781,-7.100166,0],[107.372809,-7.10013,0],[107.37291,-7.100012,0],[107.373012,-7.09993,0],[107.37316,-7.09983,0],[107.3733,-7.099748,0],[107.373367,-7.099702,0],[107.373486,-7.099602,0],[107.373559,-7.099529,0],[107.373728,-7.099357,0],[107.373897,-7.099184,0],[107.374076,-7.099021,0],[107.374128,-7.098984,0],[107.374345,-7.098829,0],[107.374624,-7.09862,0],[107.374646,-7.098602,0],[107.374938,-7.098356,0],[107.374999,-7.09832,0],[107.375192,-7.098183,0],[107.375534,-7.097965,0],[107.37582,-7.097819,0],[107.376354,-7.097536,0],[107.376839,-7.097226,0],[107.377185,-7.096989,0],[107.377165,-7.096917,0],[107.377006,-7.096511,0],[107.376689,-7.09579,0],[107.37651,-7.095411,0],[107.376481,-7.095176,0],[107.376531,-7.09495,0],[107.376568,-7.094891,0],[107.376633,-7.094787,0],[107.376871,-7.094445,0],[107.37693,-7.09436,0],[107.377049,-7.093628,0],[107.377049,-7.093601,0],[107.376985,-7.093086,0],[107.376891,-7.092923,0],[107.37664,-7.092663,0],[107.376194,-7.092213,0],[107.376885,-7.092251,0],[107.379075,-7.093089,0],[107.37957,-7.093032,0],[107.379733,-7.092995,0],[107.379951,-7.093006,0],[107.380119,-7.093038,0],[107.380323,-7.093064,0],[107.380566,-7.09307,0],[107.380673,-7.093056,0],[107.380754,-7.093032,0],[107.380903,-7.09298,0],[107.381067,-7.092938,0],[107.381157,-7.092958,0],[107.381229,-7.093016,0],[107.38135,-7.093149,0],[107.381542,-7.093413,0],[107.381644,-7.093554,0],[107.381909,-7.093856,0],[107.38218,-7.094108,0],[107.382438,-7.09434,0],[107.383024,-7.094781,0],[107.38323,-7.094861,0],[107.383595,-7.095049,0],[107.383928,-7.095192,0],[107.384122,-7.095275,0],[107.384397,-7.095492,0],[107.384744,-7.095733,0],[107.384896,-7.095841,0],[107.385178,-7.096245,0],[107.385362,-7.096448,0],[107.385433,-7.096502,0],[107.385484,-7.096556,0],[107.385509,-7.096631,0],[107.385524,-7.096759,0],[107.385535,-7.097016,0],[107.385596,-7.097294,0],[107.385672,-7.097446,0],[107.385756,-7.097517,0],[107.385875,-7.09754,0],[107.386001,-7.097549,0],[107.386148,-7.097539,0],[107.386327,-7.097529,0],[107.386402,-7.09752,0],[107.386502,-7.097529,0],[107.386545,-7.097538,0],[107.386671,-7.097609,0],[107.3868,-7.097699,0],[107.386838,-7.097735,0],[107.38703,-7.09787,0],[107.387181,-7.09795,0],[107.387308,-7.097995,0],[107.387358,-7.098022,0],[107.387609,-7.098129,0],[107.387742,-7.098164,0],[107.388007,-7.098199,0],[107.388049,-7.098199,0],[107.388262,-7.098216,0],[107.388468,-7.098323,0],[107.388631,-7.098485,0],[107.388798,-7.098647,0],[107.38881,-7.098656,0],[107.388912,-7.098773,0],[107.38896,-7.098866,0],[107.388996,-7.098935,0],[107.38907,-7.09907,0],[107.389076,-7.099079,0],[107.389175,-7.099196,0],[107.389211,-7.099223,0],[107.389325,-7.099277,0],[107.389453,-7.099312,0],[107.389566,-7.099321,0],[107.389697,-7.099329,0],[107.389863,-7.099355,0],[107.390021,-7.099391,0],[107.390187,-7.099435,0],[107.390213,-7.099444,0],[107.390252,-7.099454,0],[107.390283,-7.099461,0],[107.390394,-7.099488,0],[107.390518,-7.099506,0],[107.3907,-7.09955,0],[107.390709,-7.099559,0],[107.390969,-7.099603,0],[107.391351,-7.099565,0],[107.391381,-7.099564,0],[107.391942,-7.099489,0],[107.392184,-7.099488,0],[107.392356,-7.099171,0],[107.39236,-7.099165,0],[107.392369,-7.099153,0],[107.39248,-7.098998,0],[107.393116,-7.09829,0],[107.393217,-7.098181,0],[107.39374,-7.097537,0],[107.393769,-7.097491,0],[107.394039,-7.096839,0],[107.394361,-7.096106,0],[107.394519,-7.095797,0],[107.394888,-7.095425,0],[107.395308,-7.095061,0],[107.39539,-7.095007,0],[107.39522,-7.094628,0],[107.395203,-7.094393,0],[107.395269,-7.093932,0],[107.395368,-7.09366,0],[107.395666,-7.093152,0],[107.395779,-7.092817,0],[107.396049,-7.092436,0],[107.396128,-7.092327,0],[107.396234,-7.092182,0],[107.396776,-7.092279,0],[107.396854,-7.092323,0],[107.398871,-7.092313,0],[107.400274,-7.092189,0],[107.400352,-7.092152,0],[107.400682,-7.092033,0],[107.401076,-7.091877,0],[107.401315,-7.09184,0],[107.40145,-7.091875,0],[107.401663,-7.092118,0],[107.401757,-7.092316,0],[107.401829,-7.092587,0],[107.402013,-7.092815,0],[107.402067,-7.092881,0],[107.402142,-7.092974,0],[107.402714,-7.093514,0],[107.40276,-7.093513,0],[107.4031,-7.093503,0],[107.403144,-7.093506,0],[107.403489,-7.093528,0],[107.403733,-7.093608,0],[107.403751,-7.093617,0],[107.404054,-7.093724,0],[107.404298,-7.093822,0],[107.404539,-7.093965,0],[107.404821,-7.094153,0],[107.405026,-7.094351,0],[107.405269,-7.094648,0],[107.405535,-7.094954,0],[107.405633,-7.095053,0],[107.405828,-7.095161,0],[107.405997,-7.095227,0],[107.406031,-7.095241,0],[107.406205,-7.095321,0],[107.406405,-7.095429,0],[107.406548,-7.095518,0],[107.406684,-7.09559,0],[107.406803,-7.095662,0],[107.406959,-7.09576,0],[107.407087,-7.09585,0],[107.40723,-7.095939,0],[107.407442,-7.096056,0],[107.407623,-7.096172,0],[107.407769,-7.096271,0],[107.407792,-7.096286,0],[107.40788,-7.096343,0],[107.408043,-7.096469,0],[107.408158,-7.096567,0],[107.408173,-7.096576,0],[107.408279,-7.096666,0],[107.408373,-7.096756,0],[107.408456,-7.096828,0],[107.408548,-7.096873,0],[107.4086,-7.0969,0],[107.408732,-7.096921,0],[107.408876,-7.096909,0],[107.408948,-7.096889,0],[107.408982,-7.096859,0],[107.408996,-7.096791,0],[107.409001,-7.096651,0],[107.409004,-7.096561,0],[107.408973,-7.096409,0],[107.408933,-7.096287,0],[107.40886,-7.096131,0],[107.408785,-7.095946,0],[107.408703,-7.095746,0],[107.408645,-7.095514,0],[107.408597,-7.095397,0],[107.408527,-7.095305,0],[107.408431,-7.095165,0],[107.408367,-7.095028,0],[107.40828,-7.094825,0],[107.408206,-7.094651,0],[107.408192,-7.094633,0],[107.408139,-7.094588,0],[107.407994,-7.094417,0],[107.407927,-7.094345,0],[107.407882,-7.0943,0],[107.407848,-7.094228,0],[107.4078,-7.094111,0],[107.407753,-7.09403,0],[107.40773,-7.094003,0],[107.407684,-7.093895,0],[107.407673,-7.09384,0],[107.407662,-7.093696,0],[107.407641,-7.093524,0],[107.407605,-7.093344,0],[107.407584,-7.093136,0],[107.407585,-7.093091,0],[107.407584,-7.093066,0],[107.40758,-7.092883,0],[107.407551,-7.092747,0],[107.407457,-7.092495,0],[107.407389,-7.092369,0],[107.407143,-7.092072,0],[107.407046,-7.091783,0],[107.407046,-7.091765,0],[107.407074,-7.091421,0],[107.407098,-7.091331,0],[107.407206,-7.091122,0],[107.407358,-7.090941,0],[107.407869,-7.090369,0],[107.40819,-7.089798,0],[107.408263,-7.089528,0],[107.408285,-7.089445,0],[107.408376,-7.089173,0],[107.408464,-7.089109,0],[107.408558,-7.089127,0],[107.409061,-7.08926,0],[107.409313,-7.089231,0],[107.4095,-7.089131,0],[107.40981,-7.088831,0],[107.409946,-7.088605,0],[107.410092,-7.088342,0],[107.410219,-7.088196,0],[107.410271,-7.08807,0],[107.410351,-7.087837,0],[107.410521,-7.087345,0],[107.41048,-7.086894,0],[107.410394,-7.086361,0],[107.410323,-7.086081,0],[107.410345,-7.085909,0],[107.410387,-7.085846,0],[107.410681,-7.085546,0],[107.410913,-7.085418,0],[107.411154,-7.085308,0],[107.411201,-7.085182,0],[107.411256,-7.084838,0],[107.41155,-7.084312,0],[107.411582,-7.084068,0],[107.411651,-7.084042,0],[107.411884,-7.084001,0],[107.412153,-7.083976,0],[107.412379,-7.083964,0],[107.412685,-7.083933,0],[107.413009,-7.083893,0],[107.413267,-7.083848,0],[107.41351,-7.083741,0],[107.413749,-7.083656,0],[107.41406,-7.083553,0],[107.414538,-7.083467,0],[107.415035,-7.083387,0],[107.415262,-7.08329,0],[107.415458,-7.083139,0],[107.415668,-7.082929,0],[107.416136,-7.082435,0],[107.416365,-7.082071,0],[107.416436,-7.081799,0],[107.416479,-7.081557,0],[107.416484,-7.081352,0],[107.416413,-7.08118,0],[107.416339,-7.081098,0],[107.416245,-7.080993,0],[107.416131,-7.08077,0],[107.416007,-7.080563,0],[107.415713,-7.080303,0],[107.415592,-7.080143,0],[107.415563,-7.079994,0],[107.415596,-7.079774,0],[107.415751,-7.079256,0],[107.415775,-7.079164,0],[107.415785,-7.079122,0],[107.415803,-7.079121,0],[107.415866,-7.079157,0],[107.415939,-7.079288,0],[107.415995,-7.079373,0],[107.416022,-7.079414,0],[107.41617,-7.07969,0],[107.416258,-7.079693,0],[107.41655,-7.079597,0],[107.416782,-7.079545,0],[107.417022,-7.079502,0],[107.417066,-7.079407,0],[107.417149,-7.079273,0],[107.417265,-7.079231,0],[107.417412,-7.079257,0],[107.417659,-7.079283,0],[107.417736,-7.079259,0],[107.417736,-7.079258,0],[107.417823,-7.079231,0],[107.417862,-7.079164,0],[107.417983,-7.078818,0],[107.418015,-7.07879,0],[107.41813,-7.078686,0],[107.418302,-7.078626,0],[107.418472,-7.078632,0],[107.418492,-7.078472,0],[107.418528,-7.078299,0],[107.418546,-7.078115,0],[107.418538,-7.078026,0],[107.418584,-7.077838,0],[107.418623,-7.077713,0],[107.418675,-7.077571,0],[107.418701,-7.077414,0],[107.418666,-7.077271,0],[107.41872,-7.07722,0],[107.41886,-7.07709,0],[107.419061,-7.076817,0],[107.41914,-7.07671,0],[107.41921,-7.07658,0],[107.41934,-7.07646,0],[107.41957,-7.07634,0],[107.41994,-7.07611,0],[107.42041,-7.07575,0],[107.42078,-7.07565,0],[107.42103,-7.07567,0],[107.4213,-7.07575,0],[107.42151,-7.07575,0],[107.42169,-7.0757,0],[107.42179,-7.0756,0],[107.42184,-7.07544,0],[107.42193,-7.07529,0],[107.42214,-7.07516,0],[107.422,-7.07468,0],[107.4219,-7.07384,0],[107.421894,-7.073704,0],[107.42189,-7.07363,0],[107.42152,-7.07321,0],[107.42141,-7.07308,0],[107.42136,-7.07291,0],[107.42143,-7.07262,0],[107.4216,-7.07225,0],[107.42172,-7.07204,0],[107.4217,-7.07169,0],[107.42175,-7.07091,0],[107.42135,-7.07036,0],[107.42116,-7.07008,0],[107.42109,-7.06985,0],[107.4209,-7.0691,0],[107.42078,-7.06863,0],[107.42036,-7.06812,0],[107.42023,-7.06793,0],[107.42,-7.06763,0],[107.41992,-7.06751,0],[107.4199,-7.06732,0]]]]},"properties":{"kd_propinsi":"32","kd_dati2":"17","kd_kecamatan":"014","nm_kecamatan":"Sindangkerta"}},{"type":"Feature","geometry":{"type":"MultiPolygon","coordinates":[[[[107.36948,-7.05289,0],[107.36947,-7.052784,0],[107.36947,-7.05278,0],[107.3694,-7.05235,0],[107.369389,-7.052334,0],[107.369407,-7.052184,0],[107.369202,-7.051948,0],[107.368894,-7.051497,0],[107.368473,-7.051137,0],[107.368156,-7.051037,0],[107.367873,-7.051027,0],[107.367431,-7.051018,0],[107.366989,-7.05093,0],[107.366785,-7.050818,0],[107.366648,-7.050615,0],[107.366644,-7.050552,0],[107.36728,-7.04899,0],[107.367375,-7.048748,0],[107.36759,-7.0482,0],[107.36781,-7.04736,0],[107.36788,-7.0467,0],[107.3676,-7.04603,0],[107.3673,-7.04532,0],[107.3672,-7.04488,0],[107.36716,-7.04462,0],[107.36706,-7.04439,0],[107.3669,-7.04412,0],[107.36671,-7.04434,0],[107.36641,-7.04465,0],[107.366308,-7.044643,0],[107.366244,-7.044567,0],[107.366118,-7.044297,0],[107.36598,-7.043924,0],[107.365764,-7.04371,0],[107.365628,-7.043575,0],[107.365739,-7.043292,0],[107.365862,-7.042952,0],[107.36656,-7.042101,0],[107.366829,-7.041715,0],[107.366887,-7.041428,0],[107.367,-7.04127,0],[107.36712,-7.04108,0],[107.36718,-7.04086,0],[107.36715,-7.04063,0],[107.36692,-7.04019,0],[107.36637,-7.03932,0],[107.36622,-7.03904,0],[107.366249,-7.038913,0],[107.366317,-7.038811,0],[107.366395,-7.038732,0],[107.366497,-7.038675,0],[107.366598,-7.038595,0],[107.366768,-7.038583,0],[107.366904,-7.038559,0],[107.367,-7.03852,0],[107.3672,-7.03848,0],[107.36717,-7.03834,0],[107.36723,-7.03818,0],[107.36725,-7.03802,0],[107.36724,-7.03749,0],[107.367279,-7.037305,0],[107.367406,-7.037087,0],[107.36746,-7.03677,0],[107.36765,-7.03629,0],[107.36765,-7.03599,0],[107.36759,-7.03567,0],[107.367572,-7.035595,0],[107.36753,-7.035422,0],[107.36752,-7.03538,0],[107.36748,-7.03533,0],[107.36741,-7.03525,0],[107.36687,-7.03483,0],[107.3667,-7.03467,0],[107.36654,-7.0339,0],[107.3661,-7.03359,0],[107.36594,-7.03349,0],[107.36573,-7.03346,0],[107.36557,-7.03344,0],[107.36542,-7.03332,0],[107.365093,-7.032732,0],[107.365263,-7.031964,0],[107.365711,-7.031023,0],[107.36597,-7.030807,0],[107.366321,-7.030771,0],[107.366707,-7.030927,0],[107.367081,-7.031061,0],[107.367398,-7.031037,0],[107.367714,-7.030945,0],[107.367906,-7.030808,0],[107.368007,-7.030627,0],[107.368074,-7.030423,0],[107.368062,-7.030253,0],[107.368027,-7.030084,0],[107.36787,-7.02978,0],[107.36807,-7.02965,0],[107.36816,-7.02955,0],[107.36813,-7.02946,0],[107.36802,-7.02935,0],[107.36782,-7.02926,0],[107.367547,-7.029145,0],[107.367558,-7.029125,0],[107.367596,-7.029,0],[107.367614,-7.028944,0],[107.367704,-7.028842,0],[107.367793,-7.028649,0],[107.36783,-7.02833,0],[107.36783,-7.02817,0],[107.36776,-7.02792,0],[107.36761,-7.02761,0],[107.36747,-7.02753,0],[107.36736,-7.02756,0],[107.36727,-7.02767,0],[107.36702,-7.02802,0],[107.36688,-7.02808,0],[107.36674,-7.02804,0],[107.36657,-7.0279,0],[107.36647,-7.02773,0],[107.3665,-7.02762,0],[107.36655,-7.02741,0],[107.366498,-7.027298,0],[107.36653,-7.027253,0],[107.36671,-7.027128,0],[107.366925,-7.027082,0],[107.367219,-7.027024,0],[107.367456,-7.026841,0],[107.367591,-7.026637,0],[107.36768,-7.026388,0],[107.367678,-7.026105,0],[107.367552,-7.025789,0],[107.367404,-7.025507,0],[107.367425,-7.025145,0],[107.367413,-7.02501,0],[107.367513,-7.024727,0],[107.367647,-7.02433,0],[107.367791,-7.023798,0],[107.36789,-7.023232,0],[107.367854,-7.022882,0],[107.367797,-7.022724,0],[107.36774,-7.022577,0],[107.367705,-7.022441,0],[107.367727,-7.022317,0],[107.367772,-7.02217,0],[107.367771,-7.022011,0],[107.367611,-7.021809,0],[107.367486,-7.021696,0],[107.367339,-7.021595,0],[107.367292,-7.021335,0],[107.367234,-7.02103,0],[107.367277,-7.020668,0],[107.36731,-7.020487,0],[107.367298,-7.020272,0],[107.367297,-7.020057,0],[107.367296,-7.019888,0],[107.367261,-7.01973,0],[107.367261,-7.019605,0],[107.367271,-7.019424,0],[107.367248,-7.019289,0],[107.367236,-7.019153,0],[107.367247,-7.01904,0],[107.367266,-7.018918,0],[107.367268,-7.018904,0],[107.36729,-7.018768,0],[107.367338,-7.018586,0],[107.367359,-7.01848,0],[107.367398,-7.018408,0],[107.367414,-7.018319,0],[107.367452,-7.018214,0],[107.367485,-7.01812,0],[107.367518,-7.018042,0],[107.367545,-7.017964,0],[107.367578,-7.017898,0],[107.3676,-7.017825,0],[107.367633,-7.017742,0],[107.367666,-7.017676,0],[107.367693,-7.017614,0],[107.367721,-7.017548,0],[107.367754,-7.017492,0],[107.367764,-7.017431,0],[107.367775,-7.01737,0],[107.36777,-7.017315,0],[107.367777,-7.017252,0],[107.367776,-7.017223,0],[107.367753,-7.017189,0],[107.367751,-7.017178,0],[107.367735,-7.017132,0],[107.367718,-7.017071,0],[107.367712,-7.017016,0],[107.367673,-7.016944,0],[107.36764,-7.016861,0],[107.367617,-7.016778,0],[107.367583,-7.016701,0],[107.367544,-7.016607,0],[107.367472,-7.016456,0],[107.367385,-7.016377,0],[107.367283,-7.016277,0],[107.367167,-7.016177,0],[107.367,-7.015975,0],[107.36687,-7.015846,0],[107.366703,-7.015662,0],[107.366572,-7.01546,0],[107.366424,-7.015313,0],[107.366275,-7.015129,0],[107.366126,-7.014963,0],[107.365977,-7.014798,0],[107.365773,-7.014651,0],[107.365532,-7.014486,0],[107.365217,-7.014285,0],[107.36492,-7.014101,0],[107.36479,-7.013973,0],[107.364605,-7.013826,0],[107.364493,-7.013679,0],[107.364381,-7.013513,0],[107.364251,-7.013384,0],[107.364084,-7.013256,0],[107.363954,-7.013072,0],[107.36386,-7.012888,0],[107.363822,-7.012648,0],[107.363803,-7.012445,0],[107.36382,-7.01226,0],[107.363893,-7.011964,0],[107.363984,-7.011724,0],[107.364094,-7.01152,0],[107.364167,-7.011316,0],[107.364184,-7.01115,0],[107.36422,-7.010965,0],[107.364275,-7.010762,0],[107.364256,-7.010596,0],[107.364236,-7.010393,0],[107.36418,-7.010227,0],[107.364105,-7.010042,0],[107.363993,-7.009858,0],[107.363937,-7.009655,0],[107.36388,-7.009489,0],[107.363768,-7.009268,0],[107.36373,-7.009102,0],[107.363748,-7.008936,0],[107.363803,-7.008751,0],[107.363876,-7.008584,0],[107.363967,-7.008362,0],[107.364058,-7.008159,0],[107.36402,-7.007919,0],[107.364001,-7.007753,0],[107.363981,-7.00755,0],[107.364018,-7.007383,0],[107.364127,-7.007198,0],[107.364182,-7.007013,0],[107.364218,-7.006847,0],[107.364217,-7.006625,0],[107.364142,-7.006404,0],[107.364123,-7.006238,0],[107.364122,-7.006071,0],[107.364165,-7.005993,0],[107.364213,-7.005905,0],[107.364305,-7.00572,0],[107.364341,-7.005535,0],[107.364247,-7.005295,0],[107.364191,-7.005111,0],[107.364301,-7.004907,0],[107.364341,-7.004796,0],[107.364374,-7.004704,0],[107.364502,-7.004555,0],[107.364723,-7.004369,0],[107.365092,-7.004164,0],[107.365368,-7.003923,0],[107.365681,-7.003626,0],[107.366031,-7.003402,0],[107.366399,-7.003197,0],[107.366787,-7.003048,0],[107.367174,-7.002769,0],[107.367388,-7.002523,0],[107.367496,-7.002346,0],[107.367792,-7.002119,0],[107.368075,-7.001933,0],[107.368407,-7.00171,0],[107.368586,-7.001451,0],[107.36872,-7.00142,0],[107.36886,-7.00138,0],[107.36901,-7.00087,0],[107.36905,-7.0005,0],[107.36893,-7,0],[107.36889,-6.99984,0],[107.36891,-6.9996,0],[107.36893,-6.99946,0],[107.36859,-6.9993,0],[107.36838,-6.99921,0],[107.36796,-6.99886,0],[107.36768,-6.99861,0],[107.3676,-6.99847,0],[107.3676,-6.99822,0],[107.36761,-6.99808,0],[107.36754,-6.99794,0],[107.367587,-6.997923,0],[107.367101,-6.997438,0],[107.366998,-6.997482,0],[107.366858,-6.997459,0],[107.366642,-6.997361,0],[107.366464,-6.997272,0],[107.366277,-6.997186,0],[107.366143,-6.997186,0],[107.366043,-6.997053,0],[107.365856,-6.996943,0],[107.365704,-6.996903,0],[107.365517,-6.996823,0],[107.365441,-6.996776,0],[107.3654,-6.996724,0],[107.365348,-6.996655,0],[107.365225,-6.996492,0],[107.36513,-6.99635,0],[107.3651,-6.99628,0],[107.36492,-6.99621,0],[107.364748,-6.996137,0],[107.364672,-6.996044,0],[107.3645,-6.99577,0],[107.364433,-6.995693,0],[107.364427,-6.995609,0],[107.364319,-6.995461,0],[107.364177,-6.995401,0],[107.364137,-6.995384,0],[107.363839,-6.995311,0],[107.363665,-6.995242,0],[107.363548,-6.995015,0],[107.363523,-6.994809,0],[107.363435,-6.994698,0],[107.363319,-6.994604,0],[107.363239,-6.994524,0],[107.363194,-6.994402,0],[107.363144,-6.994291,0],[107.363111,-6.994221,0],[107.363065,-6.994131,0],[107.362966,-6.994127,0],[107.362904,-6.994144,0],[107.362855,-6.994177,0],[107.362805,-6.994198,0],[107.362805,-6.994215,0],[107.362772,-6.994235,0],[107.36274,-6.994273,0],[107.362731,-6.994289,0],[107.362719,-6.994306,0],[107.362711,-6.994318,0],[107.362686,-6.994314,0],[107.362678,-6.994335,0],[107.362653,-6.994356,0],[107.362629,-6.994442,0],[107.3626,-6.994504,0],[107.362564,-6.994571,0],[107.362511,-6.994677,0],[107.362387,-6.994749,0],[107.362209,-6.994865,0],[107.362085,-6.994964,0],[107.361926,-6.995213,0],[107.361776,-6.995436,0],[107.361555,-6.995687,0],[107.361281,-6.995828,0],[107.361128,-6.995813,0],[107.360889,-6.995992,0],[107.36068,-6.995953,0],[107.360657,-6.995949,0],[107.360443,-6.995923,0],[107.360292,-6.99596,0],[107.360177,-6.996085,0],[107.360053,-6.996219,0],[107.359885,-6.996371,0],[107.359716,-6.996514,0],[107.359397,-6.996649,0],[107.3592,-6.996517,0],[107.359116,-6.996491,0],[107.359031,-6.996464,0],[107.358835,-6.99651,0],[107.358814,-6.996514,0],[107.358592,-6.996566,0],[107.358453,-6.996587,0],[107.3584,-6.996655,0],[107.358396,-6.996766,0],[107.358162,-6.9968,0],[107.35799,-6.996864,0],[107.357837,-6.996964,0],[107.357701,-6.997019,0],[107.357584,-6.997092,0],[107.357448,-6.997138,0],[107.357295,-6.99722,0],[107.357132,-6.997239,0],[107.356978,-6.997213,0],[107.356814,-6.997141,0],[107.356633,-6.997079,0],[107.35647,-6.99708,0],[107.356307,-6.997054,0],[107.356171,-6.997,0],[107.355971,-6.996965,0],[107.355736,-6.996921,0],[107.355573,-6.996931,0],[107.355401,-6.996904,0],[107.355238,-6.996905,0],[107.355111,-6.996951,0],[107.354985,-6.997006,0],[107.354876,-6.99707,0],[107.354713,-6.99708,0],[107.354613,-6.996999,0],[107.354504,-6.996936,0],[107.354404,-6.996837,0],[107.354293,-6.996778,0],[107.354191,-6.996738,0],[107.354166,-6.996729,0],[107.354063,-6.996698,0],[107.353964,-6.996677,0],[107.353799,-6.996638,0],[107.353679,-6.996625,0],[107.353623,-6.996664,0],[107.353539,-6.99676,0],[107.353487,-6.996889,0],[107.353464,-6.996928,0],[107.353449,-6.996947,0],[107.353422,-6.99695,0],[107.353402,-6.996946,0],[107.353378,-6.996953,0],[107.35327,-6.996841,0],[107.35307,-6.996648,0],[107.352909,-6.996358,0],[107.35294,-6.996012,0],[107.353125,-6.995835,0],[107.353521,-6.995655,0],[107.353744,-6.995462,0],[107.354131,-6.995104,0],[107.354402,-6.994927,0],[107.354711,-6.994808,0],[107.354974,-6.994655,0],[107.355079,-6.994527,0],[107.355096,-6.994507,0],[107.355244,-6.994329,0],[107.355262,-6.994312,0],[107.355488,-6.994104,0],[107.355662,-6.99372,0],[107.355596,-6.993411,0],[107.355453,-6.992962,0],[107.35535,-6.99259,0],[107.355318,-6.992177,0],[107.355233,-6.9918,0],[107.355216,-6.990911,0],[107.355107,-6.990374,0],[107.355099,-6.989969,0],[107.35522,-6.98966,0],[107.355386,-6.989273,0],[107.355507,-6.988974,0],[107.35558,-6.988622,0],[107.355622,-6.988446,0],[107.35568,-6.988302,0],[107.355761,-6.98807,0],[107.355786,-6.988043,0],[107.355883,-6.987937,0],[107.356116,-6.98768,0],[107.356323,-6.987365,0],[107.356374,-6.986976,0],[107.356365,-6.986707,0],[107.356166,-6.986314,0],[107.3561,-6.986016,0],[107.356226,-6.985717,0],[107.356371,-6.985357,0],[107.35637,-6.985112,0],[107.356327,-6.985011,0],[107.356257,-6.984911,0],[107.356129,-6.984789,0],[107.355995,-6.98464,0],[107.355914,-6.98454,0],[107.355882,-6.984492,0],[107.355871,-6.984433,0],[107.35586,-6.98438,0],[107.355854,-6.984322,0],[107.355833,-6.984205,0],[107.355816,-6.984104,0],[107.355818,-6.984005,0],[107.355823,-6.98384,0],[107.355843,-6.983717,0],[107.35587,-6.983627,0],[107.355901,-6.983504,0],[107.355964,-6.98328,0],[107.356003,-6.983094,0],[107.356135,-6.983062,0],[107.356378,-6.982705,0],[107.356456,-6.982437,0],[107.35668,-6.982204,0],[107.356889,-6.982009,0],[107.356935,-6.981915,0],[107.357074,-6.981666,0],[107.357178,-6.98152,0],[107.357339,-6.981272,0],[107.357726,-6.980849,0],[107.358174,-6.980376,0],[107.358109,-6.980152,0],[107.358097,-6.979955,0],[107.358114,-6.979918,0],[107.358155,-6.97986,0],[107.358324,-6.979548,0],[107.358361,-6.979491,0],[107.358369,-6.979464,0],[107.358419,-6.979371,0],[107.358415,-6.979303,0],[107.3585,-6.979003,0],[107.358489,-6.978854,0],[107.358371,-6.978738,0],[107.358253,-6.978642,0],[107.358189,-6.978611,0],[107.35813,-6.978579,0],[107.358066,-6.978574,0],[107.358008,-6.978537,0],[107.357981,-6.978527,0],[107.357877,-6.978455,0],[107.35778,-6.978365,0],[107.35762,-6.978204,0],[107.357423,-6.978065,0],[107.357174,-6.978029,0],[107.356852,-6.978054,0],[107.356674,-6.978125,0],[107.356587,-6.978203,0],[107.356567,-6.978209,0],[107.35636,-6.978018,0],[107.356181,-6.978033,0],[107.356064,-6.977947,0],[107.356021,-6.977829,0],[107.355874,-6.977761,0],[107.355669,-6.977787,0],[107.35548,-6.97777,0],[107.355428,-6.977779,0],[107.355339,-6.977743,0],[107.355205,-6.977698,0],[107.354905,-6.977473,0],[107.354648,-6.97748,0],[107.354148,-6.977538,0],[107.353741,-6.977563,0],[107.353438,-6.977646,0],[107.353291,-6.977749,0],[107.353186,-6.977814,0],[107.353106,-6.97783,0],[107.352831,-6.977848,0],[107.352664,-6.977977,0],[107.352592,-6.978105,0],[107.352571,-6.978199,0],[107.352351,-6.978299,0],[107.35227,-6.97831,0],[107.351708,-6.978282,0],[107.351644,-6.978252,0],[107.351546,-6.978055,0],[107.351441,-6.977832,0],[107.351413,-6.977614,0],[107.35134,-6.977405,0],[107.35123,-6.977247,0],[107.351154,-6.977072,0],[107.351125,-6.977018,0],[107.351125,-6.977013,0],[107.351118,-6.977004,0],[107.351075,-6.976924,0],[107.350989,-6.976828,0],[107.350933,-6.976792,0],[107.350815,-6.976656,0],[107.35069,-6.97662,0],[107.350593,-6.976437,0],[107.350498,-6.976437,0],[107.350469,-6.976434,0],[107.350304,-6.976416,0],[107.350253,-6.976411,0],[107.350172,-6.976356,0],[107.350128,-6.976301,0],[107.350108,-6.976224,0],[107.350085,-6.976134,0],[107.350011,-6.975944,0],[107.349875,-6.975862,0],[107.349603,-6.975818,0],[107.349423,-6.975858,0],[107.34914,-6.976006,0],[107.34893,-6.976069,0],[107.348783,-6.976017,0],[107.34851,-6.975913,0],[107.347641,-6.975922,0],[107.347401,-6.97586,0],[107.347011,-6.975758,0],[107.346899,-6.975756,0],[107.346856,-6.975746,0],[107.346791,-6.97573,0],[107.345747,-6.975735,0],[107.345003,-6.97576,0],[107.344725,-6.975745,0],[107.344349,-6.975561,0],[107.343859,-6.975478,0],[107.343706,-6.975494,0],[107.343427,-6.975625,0],[107.343347,-6.975642,0],[107.343277,-6.975657,0],[107.342953,-6.975473,0],[107.34273,-6.975388,0],[107.342509,-6.975322,0],[107.342229,-6.974945,0],[107.34202,-6.97477,0],[107.341838,-6.974594,0],[107.341199,-6.974355,0],[107.340946,-6.974251,0],[107.340925,-6.97424,0],[107.340565,-6.974217,0],[107.339927,-6.973795,0],[107.339352,-6.973432,0],[107.33934,-6.97343,0],[107.338885,-6.973264,0],[107.338827,-6.973243,0],[107.338179,-6.973113,0],[107.337887,-6.973086,0],[107.33782,-6.97308,0],[107.337707,-6.973095,0],[107.337596,-6.973113,0],[107.337328,-6.973191,0],[107.33713,-6.97325,0],[107.337056,-6.973281,0],[107.336888,-6.973353,0],[107.336613,-6.973608,0],[107.336587,-6.973634,0],[107.33641,-6.97382,0],[107.33622,-6.97392,0],[107.33579,-6.97396,0],[107.33569,-6.97412,0],[107.335653,-6.974205,0],[107.33554,-6.97447,0],[107.335451,-6.974738,0],[107.335444,-6.974748,0],[107.33535,-6.97486,0],[107.335259,-6.974926,0],[107.335242,-6.974936,0],[107.335099,-6.975005,0],[107.334942,-6.975123,0],[107.334862,-6.975163,0],[107.334715,-6.975198,0],[107.334286,-6.975257,0],[107.333943,-6.975385,0],[107.333696,-6.975506,0],[107.333452,-6.97561,0],[107.333295,-6.975678,0],[107.333064,-6.97581,0],[107.332755,-6.976008,0],[107.332469,-6.976164,0],[107.332111,-6.976226,0],[107.331989,-6.976228,0],[107.331519,-6.976235,0],[107.3313,-6.976223,0],[107.330955,-6.97623,0],[107.330878,-6.976234,0],[107.330679,-6.97622,0],[107.33049,-6.97617,0],[107.330355,-6.976125,0],[107.33026,-6.976087,0],[107.330245,-6.97608,0],[107.330107,-6.976022,0],[107.33002,-6.97598,0],[107.32983,-6.97594,0],[107.32982,-6.97594,0],[107.329618,-6.975951,0],[107.329558,-6.975954,0],[107.328637,-6.976004,0],[107.327701,-6.975925,0],[107.327307,-6.975742,0],[107.327141,-6.975668,0],[107.326946,-6.975574,0],[107.32666,-6.975429,0],[107.326131,-6.975182,0],[107.326043,-6.975145,0],[107.32596,-6.97522,0],[107.32582,-6.97542,0],[107.32578,-6.97552,0],[107.32571,-6.97551,0],[107.32544,-6.9754,0],[107.32508,-6.97528,0],[107.32475,-6.97528,0],[107.3244,-6.97533,0],[107.32418,-6.97546,0],[107.32409,-6.97551,0],[107.32375,-6.9757,0],[107.32348,-6.97584,0],[107.32311,-6.97606,0],[107.323,-6.97614,0],[107.32289,-6.97615,0],[107.322525,-6.976132,0],[107.322518,-6.976034,0],[107.322514,-6.976035,0],[107.322309,-6.975992,0],[107.322106,-6.975856,0],[107.321898,-6.975766,0],[107.321584,-6.975559,0],[107.321343,-6.975352,0],[107.321089,-6.975146,0],[107.320896,-6.975143,0],[107.32085,-6.975147,0],[107.320746,-6.975156,0],[107.320601,-6.97522,0],[107.320465,-6.975298,0],[107.320416,-6.975307,0],[107.320183,-6.975326,0],[107.31985,-6.97536,0],[107.319484,-6.975498,0],[107.319377,-6.975492,0],[107.318972,-6.975301,0],[107.318729,-6.975203,0],[107.31863,-6.975189,0],[107.318438,-6.975126,0],[107.318292,-6.975106,0],[107.318053,-6.975326,0],[107.317623,-6.975739,0],[107.317403,-6.975948,0],[107.3174,-6.97595,0],[107.317297,-6.975994,0],[107.31691,-6.97616,0],[107.316766,-6.976178,0],[107.316545,-6.976281,0],[107.316235,-6.976477,0],[107.315921,-6.976635,0],[107.31536,-6.976663,0],[107.314166,-6.976858,0],[107.313615,-6.97701,0],[107.31334,-6.97706,0],[107.31334,-6.977255,0],[107.313312,-6.977353,0],[107.31327,-6.977457,0],[107.313219,-6.977593,0],[107.313136,-6.977761,0],[107.313043,-6.977949,0],[107.312908,-6.978148,0],[107.312869,-6.978319,0],[107.312844,-6.978544,0],[107.312827,-6.978701,0],[107.312755,-6.978827,0],[107.312672,-6.978942,0],[107.312576,-6.979062,0],[107.312533,-6.979126,0],[107.312361,-6.979507,0],[107.312269,-6.979852,0],[107.312261,-6.980332,0],[107.3121,-6.98082,0],[107.31194,-6.98099,0],[107.31172,-6.98135,0],[107.31159,-6.98168,0],[107.311489,-6.981983,0],[107.31137,-6.98206,0],[107.3109,-6.9822,0],[107.31066,-6.98236,0],[107.3105,-6.98255,0],[107.31041,-6.98275,0],[107.31033,-6.98295,0],[107.31031,-6.98306,0],[107.31028,-6.98353,0],[107.31028,-6.98378,0],[107.31016,-6.984,0],[107.31012,-6.98415,0],[107.31016,-6.98496,0],[107.31025,-6.98514,0],[107.31051,-6.98555,0],[107.31052,-6.98565,0],[107.31047,-6.98591,0],[107.31047,-6.98611,0],[107.31048,-6.98636,0],[107.3105,-6.98655,0],[107.31057,-6.98665,0],[107.310573,-6.986653,0],[107.310549,-6.986767,0],[107.31077,-6.987257,0],[107.311045,-6.987777,0],[107.311192,-6.987985,0],[107.311349,-6.988172,0],[107.311465,-6.988307,0],[107.31157,-6.988432,0],[107.311696,-6.98863,0],[107.3118,-6.9889,0],[107.31171,-6.98937,0],[107.31185,-6.98987,0],[107.31175,-6.99008,0],[107.31171,-6.99022,0],[107.311712,-6.990236,0],[107.31172,-6.99032,0],[107.31175,-6.99089,0],[107.31178,-6.99124,0],[107.311894,-6.991749,0],[107.311894,-6.991764,0],[107.31177,-6.99218,0],[107.31171,-6.99232,0],[107.31172,-6.99327,0],[107.311719,-6.993274,0],[107.31167,-6.99363,0],[107.31156,-6.99381,0],[107.31153,-6.99386,0],[107.31151,-6.99393,0],[107.31149,-6.99431,0],[107.31163,-6.99471,0],[107.311649,-6.994772,0],[107.311643,-6.994849,0],[107.311685,-6.995063,0],[107.31165,-6.99519,0],[107.31146,-6.99604,0],[107.31151,-6.99629,0],[107.31155,-6.99638,0],[107.31158,-6.99646,0],[107.31157,-6.99655,0],[107.31147,-6.99676,0],[107.31127,-6.99707,0],[107.31114,-6.99728,0],[107.31088,-6.99778,0],[107.31084,-6.99807,0],[107.31083,-6.99815,0],[107.31098,-6.99821,0],[107.31108,-6.9983,0],[107.3111,-6.99842,0],[107.311134,-6.99853,0],[107.31118,-6.99868,0],[107.31127,-6.99874,0],[107.311333,-6.998781,0],[107.311408,-6.998966,0],[107.311498,-6.999092,0],[107.311703,-6.999284,0],[107.31114,-6.9996,0],[107.31106,-6.99974,0],[107.31106,-6.99987,0],[107.3111,-7,0],[107.31101,-7.0004,0],[107.31077,-7.00104,0],[107.31033,-7.00191,0],[107.310247,-7.00205,0],[107.31011,-7.00228,0],[107.30955,-7.00296,0],[107.3089,-7.00354,0],[107.308464,-7.003756,0],[107.308037,-7.003875,0],[107.307904,-7.003924,0],[107.307813,-7.003951,0],[107.307509,-7.004091,0],[107.30746,-7.0043,0],[107.30688,-7.00398,0],[107.30635,-7.00389,0],[107.30591,-7.00407,0],[107.30575,-7.00429,0],[107.30541,-7.00476,0],[107.30488,-7.00521,0],[107.30435,-7.00542,0],[107.30377,-7.00554,0],[107.30313,-7.00558,0],[107.30237,-7.00558,0],[107.30127,-7.00558,0],[107.30054,-7.00569,0],[107.29988,-7.00612,0],[107.29964,-7.00643,0],[107.299416,-7.006794,0],[107.2994,-7.00682,0],[107.29919,-7.00703,0],[107.29858,-7.00749,0],[107.29842,-7.00768,0],[107.29814,-7.00814,0],[107.29774,-7.00855,0],[107.29732,-7.00887,0],[107.29732,-7.00887,0],[107.29618,-7.00971,0],[107.29565,-7.01008,0],[107.295572,-7.01017,0],[107.29524,-7.01055,0],[107.294853,-7.011099,0],[107.29431,-7.01187,0],[107.294,-7.01264,0],[107.293674,-7.013549,0],[107.29367,-7.01356,0],[107.2933,-7.01432,0],[107.29312,-7.01483,0],[107.29312,-7.01523,0],[107.29298,-7.01568,0],[107.2929,-7.01598,0],[107.29264,-7.01623,0],[107.29266,-7.01638,0],[107.29274,-7.01694,0],[107.29272,-7.01717,0],[107.29239,-7.01785,0],[107.29225,-7.01788,0],[107.29213,-7.01783,0],[107.29181,-7.01766,0],[107.29135,-7.01752,0],[107.29055,-7.01719,0],[107.29038,-7.01723,0],[107.29023,-7.01733,0],[107.29018,-7.01742,0],[107.29011,-7.01758,0],[107.29003,-7.01768,0],[107.28991,-7.0178,0],[107.28971,-7.01788,0],[107.28916,-7.01814,0],[107.28865,-7.01841,0],[107.28847,-7.01846,0],[107.28813,-7.01837,0],[107.28783,-7.01825,0],[107.28767,-7.0181,0],[107.28759,-7.01786,0],[107.28756,-7.01772,0],[107.2876,-7.01751,0],[107.28771,-7.01726,0],[107.28788,-7.01697,0],[107.28806,-7.01663,0],[107.28804,-7.01652,0],[107.28793,-7.01646,0],[107.28768,-7.01634,0],[107.28748,-7.01626,0],[107.28718,-7.01613,0],[107.287155,-7.016117,0],[107.28693,-7.016,0],[107.28681,-7.0159,0],[107.28663,-7.01563,0],[107.28653,-7.0154,0],[107.28645,-7.01522,0],[107.2864,-7.01512,0],[107.286263,-7.015105,0],[107.28601,-7.015274,0],[107.285876,-7.015413,0],[107.285757,-7.015437,0],[107.285613,-7.015362,0],[107.28538,-7.01511,0],[107.28514,-7.01474,0],[107.285008,-7.014585,0],[107.28497,-7.01454,0],[107.28458,-7.01426,0],[107.28415,-7.01397,0],[107.283961,-7.013804,0],[107.2839,-7.01375,0],[107.28374,-7.01355,0],[107.28361,-7.01328,0],[107.28353,-7.01295,0],[107.28345,-7.01255,0],[107.28339,-7.01235,0],[107.28327,-7.01218,0],[107.283088,-7.012007,0],[107.28307,-7.01199,0],[107.28275,-7.01187,0],[107.28238,-7.01172,0],[107.2818,-7.01142,0],[107.28147,-7.01131,0],[107.28123,-7.01122,0],[107.28103,-7.01122,0],[107.28086,-7.01122,0],[107.2807,-7.01128,0],[107.28043,-7.0115,0],[107.28014,-7.01176,0],[107.27993,-7.01193,0],[107.279789,-7.011945,0],[107.27974,-7.01195,0],[107.27965,-7.01192,0],[107.27958,-7.01169,0],[107.27944,-7.01124,0],[107.27939,-7.01106,0],[107.27917,-7.01068,0],[107.27897,-7.01036,0],[107.27872,-7.01007,0],[107.27854,-7.00994,0],[107.27833,-7.00988,0],[107.27805,-7.00988,0],[107.27781,-7.00993,0],[107.277599,-7.009988,0],[107.277415,-7.010135,0],[107.277344,-7.01025,0],[107.277269,-7.010571,0],[107.277241,-7.01072,0],[107.277198,-7.010782,0],[107.277074,-7.010778,0],[107.276958,-7.010683,0],[107.276857,-7.010506,0],[107.276802,-7.010138,0],[107.276738,-7.009608,0],[107.27665,-7.009335,0],[107.276552,-7.009171,0],[107.276364,-7.0089,0],[107.27635,-7.00888,0],[107.276029,-7.008602,0],[107.275511,-7.008494,0],[107.274649,-7.008307,0],[107.274281,-7.008179,0],[107.273972,-7.007913,0],[107.273808,-7.007665,0],[107.273759,-7.007508,0],[107.273792,-7.007436,0],[107.273907,-7.00734,0],[107.274127,-7.007262,0],[107.274796,-7.007077,0],[107.274915,-7.006967,0],[107.274948,-7.006871,0],[107.274976,-7.006751,0],[107.274943,-7.006703,0],[107.274741,-7.006642,0],[107.274219,-7.006511,0],[107.273916,-7.00635,0],[107.273709,-7.006126,0],[107.273521,-7.005849,0],[107.273322,-7.005295,0],[107.273226,-7.005109,0],[107.273034,-7.004981,0],[107.272818,-7.004915,0],[107.272564,-7.004897,0],[107.272263,-7.004956,0],[107.271751,-7.005155,0],[107.27126,-7.00538,0],[107.27098,-7.00546,0],[107.27082,-7.00549,0],[107.2706,-7.00546,0],[107.2702,-7.00537,0],[107.2702,-7.00537,0],[107.26987,-7.00531,0],[107.26962,-7.00529,0],[107.26917,-7.00533,0],[107.26885,-7.00537,0],[107.268731,-7.005393,0],[107.268454,-7.005447,0],[107.26844,-7.00545,0],[107.26812,-7.00547,0],[107.26799,-7.00553,0],[107.267933,-7.005613,0],[107.267934,-7.005666,0],[107.267953,-7.005761,0],[107.268055,-7.005976,0],[107.268316,-7.006468,0],[107.268427,-7.006668,0],[107.268418,-7.00684,0],[107.268275,-7.007013,0],[107.267932,-7.007206,0],[107.2675,-7.00735,0],[107.2672,-7.00733,0],[107.267018,-7.007274,0],[107.26694,-7.00725,0],[107.26666,-7.00711,0],[107.2661,-7.00682,0],[107.26574,-7.00671,0],[107.26547,-7.00669,0],[107.26528,-7.00672,0],[107.26508,-7.00682,0],[107.26491,-7.00693,0],[107.26474,-7.00711,0],[107.264657,-7.007239,0],[107.26465,-7.00725,0],[107.26455,-7.00746,0],[107.264505,-7.007655,0],[107.264478,-7.008825,0],[107.264455,-7.008983,0],[107.264374,-7.009046,0],[107.264249,-7.009032,0],[107.264129,-7.008975,0],[107.263927,-7.00878,0],[107.263639,-7.008437,0],[107.26348,-7.00826,0],[107.263412,-7.008229,0],[107.263004,-7.008009,0],[107.262688,-7.007863,0],[107.262572,-7.007763,0],[107.262567,-7.007624,0],[107.262638,-7.007418,0],[107.262727,-7.007164,0],[107.262755,-7.007006,0],[107.262727,-7.006868,0],[107.26269,-7.00678,0],[107.26258,-7.00664,0],[107.262351,-7.006578,0],[107.262062,-7.006585,0],[107.261898,-7.006583,0],[107.2615,-7.00665,0],[107.26121,-7.00664,0],[107.26099,-7.0066,0],[107.260879,-7.006589,0],[107.2607,-7.00657,0],[107.26036,-7.006506,0],[107.260134,-7.006538,0],[107.259933,-7.006653,0],[107.259892,-7.006715,0],[107.259893,-7.006901,0],[107.259868,-7.007328,0],[107.259841,-7.007535,0],[107.259684,-7.00777,0],[107.259402,-7.007978,0],[107.259278,-7.008061,0],[107.259127,-7.008069,0],[107.259044,-7.008028,0],[107.258849,-7.007705,0],[107.258723,-7.00741,0],[107.258265,-7.006764,0],[107.257765,-7.005968,0],[107.257258,-7.005075,0],[107.257035,-7.004738,0],[107.256876,-7.004656,0],[107.25669,-7.004616,0],[107.25646,-7.00468,0],[107.25631,-7.00477,0],[107.25619,-7.00491,0],[107.25593,-7.00516,0],[107.25572,-7.00537,0],[107.25532,-7.00578,0],[107.25519,-7.00597,0],[107.25499,-7.00625,0],[107.25482,-7.00648,0],[107.25464,-7.00657,0],[107.25442,-7.006606,0],[107.25433,-7.00662,0],[107.25398,-7.00665,0],[107.253855,-7.006638,0],[107.253694,-7.006697,0],[107.253632,-7.006745,0],[107.253626,-7.006814,0],[107.253654,-7.006931,0],[107.253703,-7.007096,0],[107.253787,-7.007337,0],[107.253787,-7.007454,0],[107.253746,-7.007523,0],[107.253608,-7.007496,0],[107.253435,-7.00738,0],[107.253268,-7.007181,0],[107.253112,-7.007004,0],[107.2531,-7.00699,0],[107.25285,-7.00678,0],[107.252675,-7.006767,0],[107.25258,-7.00676,0],[107.25239,-7.0068,0],[107.25228,-7.00693,0],[107.25221,-7.00711,0],[107.252194,-7.007238,0],[107.252454,-7.008204,0],[107.252585,-7.008314,0],[107.25284,-7.008333,0],[107.253233,-7.008194,0],[107.253494,-7.008151,0],[107.253784,-7.008164,0],[107.25415,-7.008265,0],[107.254489,-7.008491,0],[107.254634,-7.008642,0],[107.254669,-7.008772,0],[107.254649,-7.008883,0],[107.254174,-7.009057,0],[107.253486,-7.009308,0],[107.25306,-7.009534,0],[107.253129,-7.009519,0],[107.25289,-7.00974,0],[107.25272,-7.00999,0],[107.25266,-7.01015,0],[107.25262,-7.0103,0],[107.25261,-7.01057,0],[107.252627,-7.011006,0],[107.252622,-7.011953,0],[107.252597,-7.013091,0],[107.25259,-7.01335,0],[107.2526,-7.01378,0],[107.25271,-7.01425,0],[107.252648,-7.014539,0],[107.252556,-7.014646,0],[107.252326,-7.014704,0],[107.252123,-7.014626,0],[107.251804,-7.014438,0],[107.251356,-7.014162,0],[107.251109,-7.014088,0],[107.250733,-7.013971,0],[107.250613,-7.013914,0],[107.250586,-7.013848,0],[107.250608,-7.013715,0],[107.250722,-7.013507,0],[107.251143,-7.012971,0],[107.251292,-7.012789,0],[107.251354,-7.012648,0],[107.251344,-7.012533,0],[107.251287,-7.012427,0],[107.251091,-7.012292,0],[107.250967,-7.012248,0],[107.250848,-7.012266,0],[107.250738,-7.012324,0],[107.250615,-7.012444,0],[107.250479,-7.012727,0],[107.250265,-7.013209,0],[107.250151,-7.013426,0],[107.249871,-7.013864,0],[107.24952,-7.014356,0],[107.249387,-7.014405,0],[107.249233,-7.014379,0],[107.249015,-7.014226,0],[107.248501,-7.013844,0],[107.248169,-7.013634,0],[107.2476,-7.01329,0],[107.2476,-7.01329,0],[107.24717,-7.01313,0],[107.24679,-7.01299,0],[107.24641,-7.01286,0],[107.24603,-7.01269,0],[107.24579,-7.01264,0],[107.24563,-7.01269,0],[107.24551,-7.01285,0],[107.24533,-7.01314,0],[107.24524,-7.01349,0],[107.24511,-7.01394,0],[107.24502,-7.01437,0],[107.24486,-7.01469,0],[107.24469,-7.01485,0],[107.24451,-7.01488,0],[107.24414,-7.01474,0],[107.2439,-7.01453,0],[107.24369,-7.01424,0],[107.24359,-7.01402,0],[107.24353,-7.01372,0],[107.24342,-7.0135,0],[107.24329,-7.01338,0],[107.24317,-7.01334,0],[107.24305,-7.01338,0],[107.24299,-7.01359,0],[107.24291,-7.01397,0],[107.24288,-7.01438,0],[107.24283,-7.01461,0],[107.24263,-7.01474,0],[107.24237,-7.01493,0],[107.241994,-7.015168,0],[107.24196,-7.01519,0],[107.24163,-7.01529,0],[107.24135,-7.01538,0],[107.24119,-7.0154,0],[107.24103,-7.01536,0],[107.2409,-7.01524,0],[107.24078,-7.01506,0],[107.24062,-7.01474,0],[107.24047,-7.01438,0],[107.24035,-7.01399,0],[107.24026,-7.01371,0],[107.23988,-7.01341,0],[107.23954,-7.01324,0],[107.23899,-7.01292,0],[107.238885,-7.012835,0],[107.23873,-7.01271,0],[107.23861,-7.0125,0],[107.23861,-7.01221,0],[107.23874,-7.01198,0],[107.23881,-7.01165,0],[107.23875,-7.01147,0],[107.23863,-7.01134,0],[107.2384,-7.01124,0],[107.23806,-7.0111,0],[107.23772,-7.01089,0],[107.23746,-7.01063,0],[107.23723,-7.01055,0],[107.237057,-7.010583,0],[107.23702,-7.01059,0],[107.23673,-7.0107,0],[107.23639,-7.01079,0],[107.23605,-7.011,0],[107.23578,-7.01128,0],[107.23557,-7.01164,0],[107.2354,-7.01196,0],[107.23519,-7.0122,0],[107.235003,-7.012241,0],[107.23496,-7.01225,0],[107.23476,-7.01225,0],[107.23436,-7.01219,0],[107.23407,-7.01215,0],[107.23387,-7.01217,0],[107.23365,-7.01222,0],[107.23342,-7.01231,0],[107.23317,-7.01239,0],[107.23304,-7.01241,0],[107.23288,-7.01228,0],[107.23277,-7.01208,0],[107.23263,-7.0118,0],[107.23244,-7.0114,0],[107.23229,-7.01117,0],[107.23207,-7.01119,0],[107.23172,-7.01125,0],[107.23158,-7.01124,0],[107.23148,-7.01114,0],[107.23144,-7.01105,0],[107.23142,-7.01087,0],[107.23143,-7.01051,0],[107.23149,-7.01013,0],[107.23169,-7.0097,0],[107.23186,-7.00944,0],[107.23192,-7.00907,0],[107.2318,-7.00876,0],[107.23164,-7.00859,0],[107.23142,-7.00849,0],[107.23119,-7.00845,0],[107.23099,-7.00849,0],[107.23082,-7.00861,0],[107.23069,-7.00885,0],[107.23061,-7.00946,0],[107.23062,-7.00998,0],[107.23063,-7.01059,0],[107.23058,-7.01088,0],[107.2304,-7.01093,0],[107.23017,-7.01087,0],[107.22992,-7.01068,0],[107.22965,-7.01037,0],[107.2294,-7.01011,0],[107.22906,-7.00969,0],[107.22874,-7.0094,0],[107.22839,-7.00928,0],[107.22808,-7.00924,0],[107.22771,-7.00924,0],[107.22727,-7.00927,0],[107.22677,-7.00929,0],[107.2266,-7.00937,0],[107.22645,-7.00986,0],[107.22626,-7.01042,0],[107.226125,-7.01069,0],[107.22607,-7.0108,0],[107.22594,-7.01091,0],[107.22578,-7.01088,0],[107.22566,-7.01076,0],[107.22549,-7.01051,0],[107.22524,-7.01021,0],[107.224973,-7.010022,0],[107.22497,-7.01002,0],[107.22468,-7.01,0],[107.22439,-7.01004,0],[107.22424,-7.01017,0],[107.22412,-7.01035,0],[107.2241,-7.01066,0],[107.224098,-7.010684,0],[107.22406,-7.01114,0],[107.224,-7.01166,0],[107.22392,-7.01215,0],[107.22378,-7.0125,0],[107.22346,-7.01274,0],[107.22302,-7.0129,0],[107.22223,-7.01317,0],[107.22157,-7.01346,0],[107.22095,-7.0137,0],[107.22046,-7.01391,0],[107.22027,-7.01406,0],[107.22022,-7.01425,0],[107.22022,-7.01445,0],[107.22023,-7.01466,0],[107.22034,-7.01488,0],[107.22057,-7.01509,0],[107.22081,-7.01527,0],[107.22105,-7.01528,0],[107.22119,-7.01519,0],[107.22134,-7.01502,0],[107.22149,-7.01477,0],[107.22163,-7.01467,0],[107.22182,-7.01459,0],[107.22204,-7.0146,0],[107.22225,-7.01472,0],[107.2224,-7.0149,0],[107.22245,-7.0151,0],[107.22244,-7.01528,0],[107.22236,-7.01555,0],[107.22208,-7.01595,0],[107.22178,-7.01638,0],[107.22144,-7.01686,0],[107.2212,-7.0171,0],[107.22102,-7.01716,0],[107.22075,-7.01722,0],[107.21998,-7.01722,0],[107.2194,-7.01727,0],[107.21876,-7.01736,0],[107.21842,-7.01744,0],[107.21808,-7.01769,0],[107.2178,-7.018,0],[107.21781,-7.0182,0],[107.21789,-7.01837,0],[107.21808,-7.01846,0],[107.21829,-7.01854,0],[107.21853,-7.01856,0],[107.21881,-7.01846,0],[107.21905,-7.01837,0],[107.21924,-7.01836,0],[107.21944,-7.01841,0],[107.2196,-7.01861,0],[107.21978,-7.01889,0],[107.21999,-7.01903,0],[107.2202,-7.01906,0],[107.22037,-7.01898,0],[107.2206,-7.0188,0],[107.2207,-7.01872,0],[107.22093,-7.01867,0],[107.22117,-7.01871,0],[107.22142,-7.01883,0],[107.22191,-7.01914,0],[107.22231,-7.01948,0],[107.22246,-7.01955,0],[107.22262,-7.01946,0],[107.22277,-7.01939,0],[107.22297,-7.01934,0],[107.22316,-7.01937,0],[107.22327,-7.01951,0],[107.22325,-7.01985,0],[107.22315,-7.02006,0],[107.22274,-7.02021,0],[107.22217,-7.02032,0],[107.22157,-7.02041,0],[107.2211,-7.0205,0],[107.22078,-7.02052,0],[107.2205,-7.02048,0],[107.22029,-7.02037,0],[107.22,-7.02013,0],[107.2197,-7.01992,0],[107.2194,-7.01985,0],[107.21907,-7.0199,0],[107.21876,-7.01988,0],[107.21811,-7.01954,0],[107.21731,-7.01914,0],[107.21687,-7.01887,0],[107.21662,-7.01862,0],[107.21643,-7.01828,0],[107.21631,-7.01792,0],[107.21611,-7.01752,0],[107.21594,-7.0171,0],[107.21578,-7.01672,0],[107.21549,-7.01639,0],[107.21531,-7.01625,0],[107.215127,-7.016225,0],[107.21502,-7.01621,0],[107.21466,-7.01628,0],[107.21428,-7.01652,0],[107.21395,-7.01685,0],[107.21377,-7.01721,0],[107.21382,-7.01766,0],[107.21376,-7.01816,0],[107.21361,-7.01847,0],[107.21332,-7.01873,0],[107.21315,-7.01902,0],[107.21303,-7.01937,0],[107.21297,-7.02003,0],[107.2128,-7.02076,0],[107.21259,-7.02121,0],[107.21214,-7.02142,0],[107.21156,-7.0216,0],[107.21115,-7.02165,0],[107.2107,-7.02166,0],[107.2103,-7.0216,0],[107.20998,-7.02155,0],[107.20962,-7.0214,0],[107.20925,-7.02128,0],[107.20868,-7.0211,0],[107.20839,-7.02095,0],[107.20834,-7.02074,0],[107.20832,-7.02049,0],[107.20843,-7.02025,0],[107.20862,-7.02001,0],[107.20886,-7.01975,0],[107.20893,-7.0196,0],[107.20891,-7.01947,0],[107.20886,-7.01927,0],[107.20879,-7.01911,0],[107.20876,-7.01891,0],[107.20875,-7.0187,0],[107.20875,-7.01856,0],[107.20871,-7.01845,0],[107.20864,-7.01841,0],[107.20839,-7.01837,0],[107.20808,-7.01839,0],[107.20777,-7.01839,0],[107.20752,-7.01838,0],[107.20726,-7.01827,0],[107.20714,-7.01813,0],[107.20706,-7.0178,0],[107.20703,-7.01744,0],[107.20702,-7.01715,0],[107.20702,-7.01698,0],[107.2071,-7.01687,0],[107.20727,-7.01679,0],[107.20744,-7.01676,0],[107.20769,-7.01676,0],[107.20802,-7.01675,0],[107.2084,-7.01674,0],[107.20859,-7.01669,0],[107.20871,-7.0166,0],[107.20879,-7.0164,0],[107.20878,-7.01608,0],[107.20875,-7.01563,0],[107.20873,-7.01512,0],[107.20873,-7.01448,0],[107.20869,-7.0142,0],[107.20854,-7.01379,0],[107.20839,-7.01361,0],[107.20808,-7.01348,0],[107.20766,-7.01344,0],[107.20729,-7.01343,0],[107.20683,-7.01348,0],[107.20635,-7.01351,0],[107.20615,-7.01349,0],[107.20599,-7.01342,0],[107.20591,-7.01336,0],[107.20586,-7.01324,0],[107.20585,-7.01311,0],[107.20586,-7.01295,0],[107.20588,-7.01277,0],[107.20592,-7.01257,0],[107.20592,-7.01239,0],[107.20583,-7.01215,0],[107.20575,-7.01195,0],[107.20569,-7.01168,0],[107.20569,-7.0114,0],[107.20575,-7.01115,0],[107.20581,-7.01082,0],[107.20588,-7.01059,0],[107.20594,-7.01033,0],[107.20599,-7.01003,0],[107.20602,-7.00978,0],[107.20607,-7.00958,0],[107.20608,-7.00936,0],[107.20608,-7.00917,0],[107.206,-7.00902,0],[107.20591,-7.0089,0],[107.20562,-7.00881,0],[107.205581,-7.00881,0],[107.20532,-7.00881,0],[107.20498,-7.0089,0],[107.20469,-7.00905,0],[107.20446,-7.00916,0],[107.20421,-7.00918,0],[107.20389,-7.00921,0],[107.20366,-7.00925,0],[107.20343,-7.00932,0],[107.20306,-7.00943,0],[107.20258,-7.00956,0],[107.20227,-7.00964,0],[107.20189,-7.00964,0],[107.20144,-7.00955,0],[107.20115,-7.00946,0],[107.20097,-7.00945,0],[107.20075,-7.00949,0],[107.20058,-7.00954,0],[107.20037,-7.0096,0],[107.2002,-7.0096,0],[107.2,-7.00945,0],[107.19985,-7.00915,0],[107.19969,-7.00885,0],[107.19954,-7.00846,0],[107.1992,-7.0082,0],[107.19891,-7.00804,0],[107.19869,-7.00795,0],[107.198448,-7.00795,0],[107.19843,-7.00795,0],[107.19826,-7.00803,0],[107.19811,-7.00814,0],[107.198072,-7.008319,0],[107.19803,-7.00852,0],[107.19794,-7.00909,0],[107.19791,-7.00953,0],[107.19785,-7.0098,0],[107.19776,-7.01011,0],[107.19762,-7.01052,0],[107.1975,-7.01093,0],[107.19734,-7.01136,0],[107.1972,-7.01177,0],[107.19711,-7.01196,0],[107.19711,-7.01215,0],[107.19718,-7.01238,0],[107.19724,-7.0128,0],[107.19726,-7.01307,0],[107.19723,-7.01326,0],[107.19718,-7.01359,0],[107.1971,-7.01407,0],[107.19701,-7.01452,0],[107.19688,-7.015,0],[107.19677,-7.01553,0],[107.19666,-7.01602,0],[107.19655,-7.01656,0],[107.19648,-7.01689,0],[107.19639,-7.01712,0],[107.19626,-7.01728,0],[107.19601,-7.01741,0],[107.19582,-7.01752,0],[107.19564,-7.01761,0],[107.19543,-7.01768,0],[107.19508,-7.01777,0],[107.19475,-7.01793,0],[107.19445,-7.01812,0],[107.19411,-7.01837,0],[107.194106,-7.018373,0],[107.194106,-7.018373,0],[107.194106,-7.018373,0],[107.194025,-7.018433,0],[107.194173,-7.018414,0],[107.194236,-7.018437,0],[107.19436,-7.018483,0],[107.194429,-7.01883,0],[107.194427,-7.018853,0],[107.19442,-7.018937,0],[107.194394,-7.019237,0],[107.194357,-7.019554,0],[107.194379,-7.019952,0],[107.1947,-7.020086,0],[107.194831,-7.020133,0],[107.195031,-7.020204,0],[107.195053,-7.020213,0],[107.1954,-7.020344,0],[107.195495,-7.020473,0],[107.19553,-7.020521,0],[107.195581,-7.020591,0],[107.195595,-7.020743,0],[107.19561,-7.020911,0],[107.195629,-7.021112,0],[107.195618,-7.021135,0],[107.195468,-7.021454,0],[107.195386,-7.021628,0],[107.195321,-7.021679,0],[107.195236,-7.021745,0],[107.195128,-7.021829,0],[107.195086,-7.021838,0],[107.19501,-7.021856,0],[107.194708,-7.021894,0],[107.194245,-7.021912,0],[107.194147,-7.021916,0],[107.193734,-7.022074,0],[107.193458,-7.02244,0],[107.193367,-7.022779,0],[107.193396,-7.023271,0],[107.193301,-7.023609,0],[107.193152,-7.023917,0],[107.193154,-7.024269,0],[107.193362,-7.024494,0],[107.193646,-7.024755,0],[107.193685,-7.024983,0],[107.193648,-7.025117,0],[107.193461,-7.025398,0],[107.193387,-7.025778,0],[107.193596,-7.026093,0],[107.193938,-7.026485,0],[107.194039,-7.026662,0],[107.194056,-7.026844,0],[107.193979,-7.027064,0],[107.193828,-7.027285,0],[107.19349,-7.027549,0],[107.193169,-7.02758,0],[107.192659,-7.027553,0],[107.192387,-7.027629,0],[107.191851,-7.02785,0],[107.191428,-7.02811,0],[107.191268,-7.028463,0],[107.191027,-7.029386,0],[107.190953,-7.029857,0],[107.190918,-7.030173,0],[107.190938,-7.030481,0],[107.191015,-7.030932,0],[107.191055,-7.031348,0],[107.191076,-7.031854,0],[107.191007,-7.032279,0],[107.190781,-7.032607,0],[107.190605,-7.032894,0],[107.19046,-7.033195,0],[107.190255,-7.03363,0],[107.190124,-7.033965,0],[107.190088,-7.034453,0],[107.190034,-7.034986,0],[107.189884,-7.035267,0],[107.189586,-7.035829,0],[107.18938,-7.036264,0],[107.189213,-7.036871,0],[107.189177,-7.037187,0],[107.18913,-7.037459,0],[107.189067,-7.037829,0],[107.189065,-7.037844,0],[107.189031,-7.038155,0],[107.189033,-7.038643,0],[107.188978,-7.039077,0],[107.188847,-7.03934,0],[107.188641,-7.039639,0],[107.188492,-7.040092,0],[107.188325,-7.040599,0],[107.18827,-7.040979,0],[107.188216,-7.041567,0],[107.188124,-7.04192,0],[107.188057,-7.04236,0],[107.188037,-7.042491,0],[107.18812,-7.042675,0],[107.188277,-7.042831,0],[107.188544,-7.042993,0],[107.189017,-7.043235,0],[107.189169,-7.043515,0],[107.189191,-7.043666,0],[107.189243,-7.044016,0],[107.189263,-7.044154,0],[107.189176,-7.04445,0],[107.189081,-7.044578,0],[107.189059,-7.044607,0],[107.188918,-7.044639,0],[107.188659,-7.044582,0],[107.188046,-7.044378,0],[107.18772,-7.044389,0],[107.187344,-7.044509,0],[107.187041,-7.044728,0],[107.186771,-7.045197,0],[107.186758,-7.045233,0],[107.186617,-7.045632,0],[107.186719,-7.045912,0],[107.186969,-7.046011,0],[107.187443,-7.04594,0],[107.187551,-7.045928,0],[107.187917,-7.045888,0],[107.188155,-7.045932,0],[107.188179,-7.045936,0],[107.188423,-7.046129,0],[107.188447,-7.046519,0],[107.188327,-7.046788,0],[107.188065,-7.047044,0],[107.187715,-7.047237,0],[107.187169,-7.047556,0],[107.186832,-7.047991,0],[107.186664,-7.04839,0],[107.186568,-7.048558,0],[107.186512,-7.048656,0],[107.18641,-7.048835,0],[107.186116,-7.049224,0],[107.186042,-7.049306,0],[107.185966,-7.049392,0],[107.185783,-7.049596,0],[107.185653,-7.050202,0],[107.185674,-7.050555,0],[107.185752,-7.050858,0],[107.185829,-7.051052,0],[107.186041,-7.051197,0],[107.186371,-7.051227,0],[107.186572,-7.051245,0],[107.186857,-7.051257,0],[107.187055,-7.05138,0],[107.186907,-7.051568,0],[107.186855,-7.051595,0],[107.186701,-7.051676,0],[107.186505,-7.051728,0],[107.186172,-7.051783,0],[107.185928,-7.051804,0],[107.185761,-7.051819,0],[107.185619,-7.051831,0],[107.18551,-7.051835,0],[107.185483,-7.051836,0],[107.185378,-7.05184,0],[107.185076,-7.051877,0],[107.184775,-7.052087,0],[107.184724,-7.052158,0],[107.184547,-7.052405,0],[107.184476,-7.052504,0],[107.184213,-7.052785,0],[107.184166,-7.053053,0],[107.184105,-7.053898,0],[107.184027,-7.054866,0],[107.184087,-7.054992,0],[107.184091,-7.054995,0],[107.184186,-7.055063,0],[107.184231,-7.055133,0],[107.18426,-7.05518,0],[107.184232,-7.055315,0],[107.18401,-7.055645,0],[107.183779,-7.055941,0],[107.183682,-7.056178,0],[107.183476,-7.056631,0],[107.18329,-7.057065,0],[107.182971,-7.057579,0],[107.182892,-7.057627,0],[107.18263,-7.05779,0],[107.182628,-7.057791,0],[107.18223,-7.057898,0],[107.181982,-7.057963,0],[107.181936,-7.058127,0],[107.182007,-7.058337,0],[107.182171,-7.058557,0],[107.182523,-7.058646,0],[107.182847,-7.05866,0],[107.183203,-7.058575,0],[107.183711,-7.058501,0],[107.183788,-7.058492,0],[107.184031,-7.058462,0],[107.18423,-7.058494,0],[107.184281,-7.058533,0],[107.184353,-7.058588,0],[107.184699,-7.0592,0],[107.184715,-7.059228,0],[107.184857,-7.059329,0],[107.185162,-7.059328,0],[107.185248,-7.059264,0],[107.185314,-7.059216,0],[107.185412,-7.059089,0],[107.18546,-7.059015,0],[107.185581,-7.058826,0],[107.185763,-7.058524,0],[107.185856,-7.058223,0],[107.185921,-7.058124,0],[107.18595,-7.058079,0],[107.186105,-7.058056,0],[107.186287,-7.058086,0],[107.186338,-7.058145,0],[107.186569,-7.058413,0],[107.186786,-7.058812,0],[107.186989,-7.059124,0],[107.186997,-7.059136,0],[107.187169,-7.059569,0],[107.187276,-7.059836,0],[107.187284,-7.059858,0],[107.187494,-7.060104,0],[107.187568,-7.060191,0],[107.187695,-7.060268,0],[107.187697,-7.060269,0],[107.187703,-7.060273,0],[107.187836,-7.060353,0],[107.18814,-7.060346,0],[107.188176,-7.060345,0],[107.188202,-7.060331,0],[107.188229,-7.060316,0],[107.188383,-7.060231,0],[107.188396,-7.06022,0],[107.188436,-7.060185,0],[107.188553,-7.060083,0],[107.188703,-7.059945,0],[107.188831,-7.059887,0],[107.188985,-7.059841,0],[107.189197,-7.059858,0],[107.189482,-7.060005,0],[107.189605,-7.060109,0],[107.189721,-7.060359,0],[107.189739,-7.060622,0],[107.189648,-7.061067,0],[107.189627,-7.061197,0],[107.189593,-7.061411,0],[107.189595,-7.061603,0],[107.189651,-7.061709,0],[107.189883,-7.061858,0],[107.190064,-7.061912,0],[107.190184,-7.061948,0],[107.190383,-7.061865,0],[107.190484,-7.061723,0],[107.190537,-7.061649,0],[107.190742,-7.06118,0],[107.190979,-7.061125,0],[107.1911,-7.061097,0],[107.191306,-7.061096,0],[107.191449,-7.061095,0],[107.191459,-7.061095,0],[107.191715,-7.061057,0],[107.191786,-7.061001,0],[107.191823,-7.060902,0],[107.191779,-7.060733,0],[107.191679,-7.060533,0],[107.191443,-7.060211,0],[107.19115,-7.059722,0],[107.19096,-7.059325,0],[107.190934,-7.059027,0],[107.191,-7.058869,0],[107.191158,-7.058794,0],[107.191389,-7.05882,0],[107.191577,-7.058851,0],[107.19202,-7.058984,0],[107.19238,-7.059072,0],[107.192393,-7.059075,0],[107.192606,-7.059081,0],[107.192691,-7.059051,0],[107.192826,-7.058946,0],[107.19314,-7.058752,0],[107.193215,-7.058705,0],[107.193296,-7.058655,0],[107.193305,-7.058652,0],[107.193654,-7.058526,0],[107.19405,-7.05847,0],[107.194167,-7.058538,0],[107.194362,-7.058651,0],[107.194579,-7.058808,0],[107.194755,-7.058857,0],[107.19497,-7.058863,0],[107.19512,-7.058826,0],[107.195301,-7.058731,0],[107.1954,-7.058618,0],[107.195381,-7.058522,0],[107.195376,-7.058495,0],[107.195324,-7.058468,0],[107.195281,-7.058446,0],[107.195163,-7.058384,0],[107.194596,-7.05826,0],[107.194544,-7.058174,0],[107.194575,-7.057945,0],[107.19465,-7.057844,0],[107.194802,-7.057731,0],[107.195161,-7.057647,0],[107.19548,-7.05765,0],[107.19567,-7.057663,0],[107.196216,-7.057701,0],[107.196397,-7.057753,0],[107.196657,-7.057828,0],[107.196819,-7.057938,0],[107.196854,-7.057961,0],[107.197232,-7.058359,0],[107.197733,-7.058729,0],[107.198146,-7.058933,0],[107.198295,-7.058938,0],[107.198311,-7.058938,0],[107.198436,-7.058875,0],[107.198609,-7.058737,0],[107.198784,-7.058204,0],[107.198896,-7.057806,0],[107.198875,-7.057426,0],[107.198966,-7.056847,0],[107.199096,-7.056642,0],[107.199109,-7.056621,0],[107.199296,-7.056415,0],[107.199385,-7.056354,0],[107.199473,-7.056293,0],[107.199774,-7.056048,0],[107.200139,-7.055948,0],[107.200235,-7.055951,0],[107.200482,-7.056107,0],[107.200512,-7.056137,0],[107.200708,-7.056333,0],[107.20093,-7.056557,0],[107.201044,-7.056624,0],[107.201143,-7.056647,0],[107.201472,-7.05668,0],[107.201733,-7.056662,0],[107.202025,-7.056603,0],[107.202159,-7.056576,0],[107.202252,-7.056524,0],[107.202358,-7.056054,0],[107.202317,-7.055738,0],[107.202299,-7.055493,0],[107.202343,-7.055367,0],[107.202346,-7.055358,0],[107.202588,-7.05509,0],[107.202685,-7.05494,0],[107.202713,-7.05479,0],[107.202738,-7.05466,0],[107.202766,-7.054477,0],[107.202791,-7.054314,0],[107.202954,-7.054171,0],[107.20334,-7.054178,0],[107.203446,-7.054272,0],[107.203526,-7.054343,0],[107.203651,-7.054564,0],[107.203705,-7.054773,0],[107.203689,-7.054967,0],[107.203688,-7.054976,0],[107.203577,-7.055257,0],[107.203575,-7.055457,0],[107.203663,-7.055813,0],[107.20367,-7.055884,0],[107.203718,-7.056323,0],[107.203719,-7.05633,0],[107.203723,-7.056453,0],[107.203731,-7.056658,0],[107.203788,-7.056817,0],[107.203793,-7.056822,0],[107.203799,-7.056829,0],[107.203926,-7.05695,0],[107.204185,-7.057068,0],[107.204762,-7.057084,0],[107.204883,-7.057054,0],[107.204918,-7.057045,0],[107.205169,-7.056885,0],[107.205175,-7.056881,0],[107.20521,-7.056836,0],[107.205241,-7.056797,0],[107.205278,-7.056751,0],[107.205279,-7.056749,0],[107.205285,-7.056741,0],[107.205302,-7.05672,0],[107.205307,-7.056713,0],[107.205382,-7.056618,0],[107.205506,-7.05636,0],[107.20552,-7.056279,0],[107.205559,-7.056061,0],[107.205577,-7.055957,0],[107.205588,-7.055887,0],[107.205607,-7.055773,0],[107.205613,-7.055737,0],[107.20567,-7.055688,0],[107.205684,-7.055675,0],[107.205836,-7.055637,0],[107.20591,-7.055663,0],[107.20594,-7.055673,0],[107.206053,-7.055711,0],[107.206085,-7.05573,0],[107.206568,-7.056007,0],[107.207193,-7.056317,0],[107.207345,-7.056374,0],[107.207452,-7.056413,0],[107.207839,-7.056422,0],[107.208001,-7.056352,0],[107.208121,-7.056219,0],[107.208169,-7.055989,0],[107.208205,-7.055819,0],[107.208255,-7.055357,0],[107.208297,-7.055158,0],[107.20852,-7.054734,0],[107.208851,-7.05431,0],[107.209094,-7.054097,0],[107.209481,-7.054113,0],[107.209641,-7.054261,0],[107.209706,-7.054321,0],[107.209689,-7.054666,0],[107.209869,-7.055026,0],[107.209931,-7.055259,0],[107.209926,-7.055356,0],[107.209913,-7.055566,0],[107.209893,-7.055678,0],[107.209855,-7.055883,0],[107.209966,-7.056226,0],[107.210173,-7.056255,0],[107.210273,-7.056269,0],[107.21049,-7.056042,0],[107.210704,-7.055796,0],[107.210766,-7.055725,0],[107.211022,-7.055425,0],[107.211229,-7.055189,0],[107.211303,-7.055128,0],[107.211505,-7.054962,0],[107.212035,-7.054675,0],[107.212078,-7.054652,0],[107.212495,-7.054767,0],[107.212724,-7.055028,0],[107.212844,-7.055266,0],[107.212874,-7.05557,0],[107.212946,-7.056031,0],[107.213255,-7.056167,0],[107.213393,-7.056228,0],[107.213867,-7.055999,0],[107.214404,-7.055636,0],[107.21446,-7.055599,0],[107.214796,-7.055642,0],[107.214976,-7.055949,0],[107.21503,-7.056418,0],[107.21514,-7.056558,0],[107.215396,-7.056642,0],[107.215657,-7.056686,0],[107.216006,-7.056759,0],[107.216073,-7.056774,0],[107.216239,-7.056753,0],[107.216822,-7.056532,0],[107.216831,-7.056528,0],[107.216838,-7.056535,0],[107.21708,-7.05677,0],[107.217109,-7.056916,0],[107.217065,-7.057115,0],[107.217022,-7.057196,0],[107.216939,-7.057392,0],[107.216862,-7.057575,0],[107.216814,-7.057722,0],[107.216806,-7.057746,0],[107.216814,-7.057864,0],[107.216979,-7.057998,0],[107.217124,-7.058041,0],[107.217344,-7.058107,0],[107.21779,-7.058204,0],[107.218137,-7.058356,0],[107.21834,-7.058413,0],[107.21846,-7.058388,0],[107.218534,-7.058373,0],[107.218772,-7.058241,0],[107.218908,-7.058045,0],[107.219065,-7.057737,0],[107.219192,-7.057553,0],[107.219252,-7.057465,0],[107.219499,-7.057238,0],[107.21987,-7.057065,0],[107.22002,-7.057058,0],[107.220171,-7.057112,0],[107.220243,-7.057281,0],[107.220286,-7.057396,0],[107.220366,-7.057535,0],[107.220376,-7.057554,0],[107.220402,-7.057535,0],[107.220458,-7.057496,0],[107.220487,-7.057475,0],[107.220703,-7.057321,0],[107.220756,-7.057273,0],[107.22104,-7.057015,0],[107.22107,-7.056993,0],[107.221271,-7.056853,0],[107.221497,-7.056786,0],[107.22185,-7.056778,0],[107.221898,-7.056794,0],[107.221956,-7.056814,0],[107.221972,-7.056844,0],[107.222034,-7.056968,0],[107.222022,-7.05711,0],[107.222022,-7.057113,0],[107.222018,-7.057119,0],[107.221923,-7.057286,0],[107.221893,-7.057339,0],[107.221687,-7.057563,0],[107.221552,-7.057667,0],[107.221549,-7.05767,0],[107.221546,-7.057672,0],[107.221499,-7.057792,0],[107.221533,-7.057889,0],[107.221534,-7.05789,0],[107.221534,-7.05789,0],[107.221534,-7.05789,0],[107.221598,-7.05793,0],[107.221666,-7.057973,0],[107.221768,-7.057985,0],[107.222108,-7.057718,0],[107.222216,-7.057631,0],[107.22222,-7.057628,0],[107.222268,-7.057624,0],[107.222323,-7.05762,0],[107.222334,-7.05762,0],[107.222426,-7.057674,0],[107.22249,-7.057849,0],[107.222518,-7.057986,0],[107.222559,-7.058189,0],[107.222612,-7.058276,0],[107.223,-7.058309,0],[107.223009,-7.058309,0],[107.223017,-7.05831,0],[107.223352,-7.058303,0],[107.223488,-7.058253,0],[107.223777,-7.057774,0],[107.224007,-7.057104,0],[107.224028,-7.056951,0],[107.223978,-7.056844,0],[107.223863,-7.056797,0],[107.223648,-7.056709,0],[107.223498,-7.056656,0],[107.223444,-7.056579,0],[107.223442,-7.056438,0],[107.223471,-7.056291,0],[107.223525,-7.056025,0],[107.22354,-7.055954,0],[107.223587,-7.055616,0],[107.223569,-7.055359,0],[107.223569,-7.055354,0],[107.223502,-7.055164,0],[107.223365,-7.054994,0],[107.223154,-7.054872,0],[107.223071,-7.054874,0],[107.222808,-7.054878,0],[107.222601,-7.054882,0],[107.22252,-7.054823,0],[107.222485,-7.054686,0],[107.22275,-7.054445,0],[107.222892,-7.054315,0],[107.223052,-7.054142,0],[107.223102,-7.054087,0],[107.223107,-7.054078,0],[107.223186,-7.053926,0],[107.223191,-7.0538,0],[107.223154,-7.053737,0],[107.223106,-7.053657,0],[107.223016,-7.053598,0],[107.222752,-7.053631,0],[107.22243,-7.053695,0],[107.222367,-7.053677,0],[107.222316,-7.053413,0],[107.222352,-7.052919,0],[107.222357,-7.052851,0],[107.222402,-7.052731,0],[107.222515,-7.05264,0],[107.222645,-7.052576,0],[107.222669,-7.052514,0],[107.222695,-7.052445,0],[107.222645,-7.052205,0],[107.222635,-7.05213,0],[107.222862,-7.052179,0],[107.223304,-7.052276,0],[107.22357,-7.052351,0],[107.223687,-7.052355,0],[107.223833,-7.052361,0],[107.223959,-7.052322,0],[107.224029,-7.052237,0],[107.22403,-7.052122,0],[107.223897,-7.051891,0],[107.223764,-7.051756,0],[107.223679,-7.05173,0],[107.223467,-7.051666,0],[107.223288,-7.051619,0],[107.223224,-7.051602,0],[107.223045,-7.051495,0],[107.222933,-7.051338,0],[107.222931,-7.051332,0],[107.222928,-7.051326,0],[107.222813,-7.051018,0],[107.222771,-7.050774,0],[107.222769,-7.050604,0],[107.222787,-7.050361,0],[107.2228,-7.050316,0],[107.222818,-7.050283,0],[107.22284,-7.050242,0],[107.22296,-7.050209,0],[107.222972,-7.050211,0],[107.223051,-7.050228,0],[107.223271,-7.050355,0],[107.223304,-7.050374,0],[107.223344,-7.050398,0],[107.223391,-7.050422,0],[107.223524,-7.050491,0],[107.22355,-7.050504,0],[107.223653,-7.050513,0],[107.223816,-7.050359,0],[107.22392,-7.05024,0],[107.223928,-7.050235,0],[107.223935,-7.05023,0],[107.224049,-7.0502,0],[107.224084,-7.050191,0],[107.224113,-7.050188,0],[107.224277,-7.05017,0],[107.224361,-7.050137,0],[107.224439,-7.05009,0],[107.224489,-7.050008,0],[107.224492,-7.049936,0],[107.224485,-7.049669,0],[107.224455,-7.049433,0],[107.224439,-7.049196,0],[107.224446,-7.049143,0],[107.224566,-7.049104,0],[107.224696,-7.049104,0],[107.224702,-7.049107,0],[107.225158,-7.049328,0],[107.225569,-7.049466,0],[107.226165,-7.049432,0],[107.226325,-7.049425,0],[107.226521,-7.049416,0],[107.226746,-7.049451,0],[107.226796,-7.049458,0],[107.22688,-7.049507,0],[107.227134,-7.049655,0],[107.227142,-7.04966,0],[107.227151,-7.049665,0],[107.227175,-7.049673,0],[107.227641,-7.049832,0],[107.227682,-7.049846,0],[107.227709,-7.049857,0],[107.227903,-7.049936,0],[107.228464,-7.050418,0],[107.228581,-7.050513,0],[107.228651,-7.050508,0],[107.228737,-7.050222,0],[107.228816,-7.04996,0],[107.228889,-7.049727,0],[107.229037,-7.049516,0],[107.229169,-7.049433,0],[107.22934,-7.049432,0],[107.22937,-7.049444,0],[107.229461,-7.049481,0],[107.22949,-7.049531,0],[107.22954,-7.049614,0],[107.229433,-7.050006,0],[107.229407,-7.050101,0],[107.22939,-7.050163,0],[107.229387,-7.050298,0],[107.229517,-7.050721,0],[107.229537,-7.050787,0],[107.229625,-7.051061,0],[107.229663,-7.051118,0],[107.229692,-7.051162,0],[107.229789,-7.051171,0],[107.229923,-7.051094,0],[107.230077,-7.050771,0],[107.230251,-7.050405,0],[107.230357,-7.050214,0],[107.23063,-7.049986,0],[107.23101,-7.04982,0],[107.231088,-7.049786,0],[107.231419,-7.049759,0],[107.231557,-7.049748,0],[107.231664,-7.049754,0],[107.231798,-7.049761,0],[107.232006,-7.049855,0],[107.232158,-7.050013,0],[107.232253,-7.050148,0],[107.232332,-7.050191,0],[107.23245,-7.050115,0],[107.23251,-7.05,0],[107.232532,-7.04996,0],[107.23264,-7.049756,0],[107.232737,-7.049546,0],[107.23285,-7.049431,0],[107.232879,-7.049401,0],[107.23301,-7.049346,0],[107.233021,-7.049357,0],[107.23324,-7.049588,0],[107.233314,-7.049665,0],[107.233391,-7.049781,0],[107.233543,-7.049921,0],[107.233732,-7.049989,0],[107.234054,-7.049993,0],[107.23426,-7.04992,0],[107.234377,-7.049826,0],[107.23439,-7.049816,0],[107.234418,-7.049711,0],[107.234137,-7.049147,0],[107.234111,-7.049095,0],[107.23395,-7.048768,0],[107.233947,-7.048755,0],[107.233914,-7.048593,0],[107.233946,-7.04849,0],[107.23395,-7.048477,0],[107.233967,-7.048462,0],[107.234037,-7.048401,0],[107.234196,-7.048378,0],[107.234471,-7.048548,0],[107.234635,-7.048648,0],[107.234813,-7.048734,0],[107.23526,-7.048796,0],[107.235277,-7.048799,0],[107.235386,-7.048778,0],[107.235849,-7.048376,0],[107.23602,-7.048228,0],[107.236097,-7.048161,0],[107.236294,-7.048018,0],[107.236348,-7.048002,0],[107.236565,-7.04794,0],[107.236605,-7.047928,0],[107.236995,-7.047972,0],[107.237001,-7.047973,0],[107.237108,-7.04798,0],[107.23731,-7.047778,0],[107.23739,-7.047659,0],[107.237413,-7.04761,0],[107.237482,-7.047219,0],[107.237516,-7.047008,0],[107.23762,-7.046835,0],[107.237748,-7.046729,0],[107.237851,-7.046709,0],[107.238055,-7.046997,0],[107.238056,-7.046998,0],[107.238135,-7.047065,0],[107.238595,-7.046967,0],[107.238713,-7.046942,0],[107.238933,-7.046895,0],[107.238975,-7.04689,0],[107.239093,-7.046875,0],[107.239347,-7.047033,0],[107.239368,-7.047045,0],[107.239369,-7.047046,0],[107.239509,-7.047136,0],[107.2396,-7.047131,0],[107.239664,-7.047081,0],[107.239737,-7.047023,0],[107.23986,-7.046925,0],[107.240002,-7.046823,0],[107.240048,-7.04679,0],[107.24013,-7.046747,0],[107.240249,-7.046724,0],[107.240333,-7.046765,0],[107.240518,-7.046952,0],[107.240523,-7.046959,0],[107.240777,-7.047296,0],[107.240818,-7.047357,0],[107.24111,-7.047667,0],[107.241209,-7.047685,0],[107.241229,-7.047689,0],[107.241626,-7.047763,0],[107.241704,-7.047778,0],[107.242204,-7.047871,0],[107.242338,-7.047903,0],[107.242532,-7.04795,0],[107.242646,-7.04801,0],[107.242703,-7.048155,0],[107.242681,-7.048279,0],[107.242675,-7.048289,0],[107.242663,-7.048307,0],[107.242537,-7.04836,0],[107.242276,-7.048412,0],[107.242197,-7.048465,0],[107.242184,-7.04849,0],[107.242182,-7.048535,0],[107.242181,-7.048555,0],[107.242201,-7.048575,0],[107.242303,-7.048683,0],[107.242463,-7.048749,0],[107.242503,-7.048765,0],[107.242534,-7.048768,0],[107.242846,-7.048794,0],[107.243084,-7.04875,0],[107.243283,-7.048713,0],[107.243295,-7.048711,0],[107.243399,-7.048697,0],[107.243471,-7.048759,0],[107.243571,-7.048845,0],[107.243588,-7.048859,0],[107.243684,-7.048965,0],[107.243776,-7.04905,0],[107.243879,-7.049146,0],[107.244094,-7.049272,0],[107.244147,-7.049291,0],[107.244294,-7.049345,0],[107.244492,-7.049383,0],[107.244664,-7.049384,0],[107.244686,-7.049384,0],[107.244722,-7.049385,0],[107.245029,-7.049351,0],[107.245375,-7.049129,0],[107.245513,-7.04915,0],[107.245592,-7.049218,0],[107.245643,-7.049342,0],[107.245653,-7.049559,0],[107.24558,-7.050035,0],[107.24554,-7.050239,0],[107.245509,-7.050398,0],[107.245549,-7.050443,0],[107.245554,-7.050445,0],[107.24556,-7.050447,0],[107.245691,-7.050454,0],[107.245861,-7.050405,0],[107.245978,-7.050294,0],[107.245998,-7.050275,0],[107.246354,-7.049917,0],[107.246354,-7.049917,0],[107.246514,-7.049978,0],[107.246746,-7.050131,0],[107.246818,-7.050178,0],[107.247232,-7.050421,0],[107.247248,-7.05043,0],[107.247263,-7.050427,0],[107.247389,-7.050402,0],[107.247704,-7.050251,0],[107.247864,-7.050179,0],[107.248267,-7.049997,0],[107.248338,-7.049965,0],[107.248498,-7.050015,0],[107.248644,-7.050128,0],[107.248776,-7.050245,0],[107.249024,-7.050464,0],[107.249152,-7.050412,0],[107.249265,-7.050306,0],[107.249314,-7.05026,0],[107.2496,-7.04986,0],[107.249701,-7.049542,0],[107.249784,-7.049336,0],[107.249999,-7.049081,0],[107.250108,-7.049048,0],[107.250109,-7.049048,0],[107.25022,-7.049089,0],[107.250508,-7.049297,0],[107.250669,-7.049362,0],[107.250751,-7.049395,0],[107.251169,-7.04947,0],[107.251389,-7.049526,0],[107.251408,-7.049531,0],[107.251606,-7.049566,0],[107.251643,-7.04955,0],[107.25179,-7.049488,0],[107.251985,-7.049337,0],[107.252057,-7.049186,0],[107.25207,-7.049119,0],[107.252115,-7.048892,0],[107.252073,-7.048748,0],[107.252071,-7.048744,0],[107.251965,-7.048391,0],[107.252081,-7.048267,0],[107.252167,-7.048258,0],[107.252173,-7.048258,0],[107.252219,-7.048285,0],[107.252273,-7.048318,0],[107.252313,-7.048342,0],[107.252468,-7.048509,0],[107.252749,-7.048782,0],[107.25288,-7.048909,0],[107.253095,-7.049117,0],[107.25318,-7.049199,0],[107.253225,-7.049243,0],[107.253385,-7.049554,0],[107.253666,-7.050089,0],[107.253677,-7.05011,0],[107.253875,-7.050389,0],[107.253899,-7.050416,0],[107.253981,-7.050507,0],[107.253979,-7.050571,0],[107.254026,-7.050772,0],[107.254087,-7.051085,0],[107.254122,-7.051282,0],[107.254217,-7.051379,0],[107.254305,-7.05145,0],[107.254562,-7.051655,0],[107.254567,-7.05166,0],[107.254526,-7.051784,0],[107.254525,-7.051785,0],[107.254525,-7.051786,0],[107.254312,-7.052262,0],[107.254207,-7.052571,0],[107.25427,-7.052688,0],[107.254418,-7.052825,0],[107.25449,-7.052865,0],[107.254671,-7.052968,0],[107.254729,-7.052984,0],[107.254951,-7.053045,0],[107.255286,-7.053066,0],[107.255286,-7.053066,0],[107.255759,-7.053101,0],[107.255963,-7.053193,0],[107.256052,-7.053301,0],[107.256054,-7.053303,0],[107.256055,-7.053305,0],[107.25606,-7.053313,0],[107.256338,-7.053746,0],[107.25642,-7.053761,0],[107.25645,-7.053767,0],[107.256468,-7.053762,0],[107.256533,-7.053747,0],[107.256623,-7.053725,0],[107.256801,-7.05361,0],[107.257133,-7.053298,0],[107.257133,-7.053298,0],[107.257134,-7.053297,0],[107.257171,-7.053266,0],[107.257342,-7.053122,0],[107.257417,-7.053157,0],[107.257482,-7.053278,0],[107.257496,-7.053456,0],[107.257534,-7.054061,0],[107.257601,-7.054172,0],[107.257666,-7.054279,0],[107.25776,-7.054467,0],[107.25778,-7.054507,0],[107.257785,-7.054693,0],[107.257803,-7.054895,0],[107.257818,-7.055061,0],[107.25789,-7.055368,0],[107.257897,-7.055409,0],[107.257946,-7.055695,0],[107.25787,-7.055785,0],[107.257773,-7.055829,0],[107.257736,-7.055846,0],[107.257595,-7.055928,0],[107.257544,-7.056044,0],[107.257516,-7.056121,0],[107.25736,-7.05655,0],[107.257357,-7.056554,0],[107.257096,-7.056867,0],[107.257039,-7.05695,0],[107.256886,-7.057174,0],[107.256765,-7.057239,0],[107.256706,-7.057272,0],[107.256537,-7.057366,0],[107.256441,-7.057487,0],[107.256445,-7.057574,0],[107.256527,-7.05767,0],[107.256652,-7.057699,0],[107.256724,-7.057692,0],[107.25683,-7.057683,0],[107.256933,-7.057675,0],[107.257117,-7.057714,0],[107.257255,-7.05774,0],[107.257342,-7.057755,0],[107.257493,-7.057687,0],[107.25765,-7.057648,0],[107.257794,-7.057699,0],[107.257996,-7.057829,0],[107.258057,-7.057926,0],[107.258067,-7.057942,0],[107.258044,-7.058064,0],[107.258005,-7.058122,0],[107.257946,-7.058214,0],[107.257906,-7.058282,0],[107.257769,-7.058523,0],[107.257856,-7.058635,0],[107.258005,-7.058718,0],[107.258221,-7.058759,0],[107.258377,-7.058762,0],[107.258723,-7.058769,0],[107.258894,-7.058764,0],[107.259229,-7.058752,0],[107.259277,-7.05875,0],[107.259582,-7.05866,0],[107.26006,-7.058532,0],[107.260193,-7.058608,0],[107.260271,-7.058718,0],[107.260255,-7.058814,0],[107.260228,-7.058844,0],[107.260153,-7.058927,0],[107.260085,-7.05899,0],[107.25979,-7.059263,0],[107.25969,-7.059492,0],[107.259663,-7.059586,0],[107.259499,-7.060146,0],[107.259466,-7.060351,0],[107.259506,-7.060425,0],[107.259533,-7.060476,0],[107.259699,-7.06059,0],[107.25989,-7.060644,0],[107.260201,-7.060646,0],[107.260204,-7.060646,0],[107.260645,-7.060652,0],[107.260828,-7.06072,0],[107.260832,-7.060722,0],[107.261043,-7.060877,0],[107.261379,-7.061144,0],[107.261512,-7.061111,0],[107.261674,-7.060993,0],[107.261737,-7.060954,0],[107.261911,-7.060848,0],[107.262062,-7.060855,0],[107.262237,-7.060936,0],[107.262301,-7.060988,0],[107.26245,-7.061109,0],[107.262572,-7.061154,0],[107.262826,-7.061129,0],[107.262991,-7.061045,0],[107.26304,-7.06102,0],[107.263391,-7.060835,0],[107.263392,-7.060835,0],[107.263394,-7.060836,0],[107.263489,-7.060893,0],[107.263596,-7.061046,0],[107.263628,-7.061088,0],[107.263819,-7.061338,0],[107.264224,-7.061543,0],[107.264314,-7.061697,0],[107.264315,-7.061812,0],[107.264308,-7.062048,0],[107.264389,-7.062165,0],[107.264397,-7.062172,0],[107.264405,-7.062179,0],[107.264734,-7.062527,0],[107.264748,-7.062536,0],[107.264776,-7.062554,0],[107.264995,-7.062642,0],[107.265164,-7.06271,0],[107.265409,-7.062908,0],[107.265511,-7.063087,0],[107.265526,-7.063114,0],[107.26553,-7.063204,0],[107.265534,-7.06328,0],[107.265474,-7.063549,0],[107.265454,-7.063689,0],[107.265549,-7.063868,0],[107.265845,-7.064377,0],[107.265921,-7.064672,0],[107.265941,-7.064748,0],[107.265914,-7.064912,0],[107.265812,-7.06514,0],[107.26575,-7.065317,0],[107.26579,-7.065381,0],[107.265826,-7.06544,0],[107.266119,-7.065736,0],[107.266193,-7.065899,0],[107.266197,-7.066069,0],[107.266182,-7.066355,0],[107.26617,-7.066569,0],[107.26616,-7.066767,0],[107.266155,-7.066851,0],[107.266252,-7.066906,0],[107.266311,-7.066917,0],[107.266402,-7.066934,0],[107.266549,-7.066962,0],[107.266842,-7.067048,0],[107.266881,-7.06706,0],[107.267001,-7.067181,0],[107.267281,-7.067408,0],[107.267505,-7.067432,0],[107.267652,-7.067514,0],[107.267757,-7.067647,0],[107.267807,-7.067829,0],[107.267895,-7.06842,0],[107.268046,-7.06864,0],[107.268073,-7.068667,0],[107.26821,-7.068804,0],[107.268416,-7.068906,0],[107.268476,-7.068943,0],[107.268756,-7.069111,0],[107.268876,-7.069267,0],[107.26893,-7.069463,0],[107.268928,-7.069506,0],[107.26892,-7.069733,0],[107.268914,-7.069817,0],[107.268945,-7.069868,0],[107.269045,-7.069874,0],[107.269363,-7.069816,0],[107.269775,-7.069775,0],[107.269974,-7.069836,0],[107.270098,-7.069962,0],[107.270224,-7.070191,0],[107.270267,-7.070355,0],[107.270302,-7.070485,0],[107.270327,-7.070975,0],[107.270328,-7.071007,0],[107.270329,-7.071017,0],[107.27033,-7.071027,0],[107.270368,-7.071127,0],[107.270373,-7.071141,0],[107.270382,-7.071165,0],[107.270385,-7.071167,0],[107.2705,-7.071265,0],[107.270687,-7.071325,0],[107.270931,-7.071434,0],[107.270956,-7.071455,0],[107.271212,-7.071666,0],[107.271502,-7.071954,0],[107.271596,-7.072047,0],[107.2717,-7.072259,0],[107.271833,-7.072504,0],[107.271848,-7.072531,0],[107.271996,-7.072693,0],[107.272099,-7.072708,0],[107.27227,-7.072653,0],[107.27257,-7.072552,0],[107.27265,-7.072525,0],[107.272733,-7.072573,0],[107.27286,-7.072647,0],[107.273009,-7.072769,0],[107.2735,-7.07317,0],[107.273768,-7.073358,0],[107.274274,-7.073401,0],[107.274545,-7.07347,0],[107.274856,-7.073622,0],[107.274982,-7.073774,0],[107.275122,-7.074068,0],[107.27511,-7.074248,0],[107.275047,-7.074796,0],[107.275175,-7.074859,0],[107.275278,-7.074869,0],[107.275401,-7.074881,0],[107.275811,-7.074955,0],[107.27616,-7.075096,0],[107.276373,-7.075183,0],[107.276891,-7.075384,0],[107.277459,-7.07559,0],[107.277511,-7.075608,0],[107.277667,-7.075665,0],[107.277766,-7.075717,0],[107.27778,-7.075725,0],[107.278343,-7.076037,0],[107.278589,-7.076183,0],[107.278909,-7.076442,0],[107.279008,-7.076494,0],[107.279191,-7.076591,0],[107.279683,-7.076764,0],[107.279971,-7.076876,0],[107.280254,-7.076993,0],[107.280322,-7.077036,0],[107.280476,-7.077101,0],[107.280514,-7.077117,0],[107.280539,-7.077119,0],[107.280754,-7.077135,0],[107.281215,-7.077084,0],[107.281707,-7.076906,0],[107.281807,-7.076909,0],[107.282068,-7.076962,0],[107.282077,-7.076967,0],[107.282086,-7.076971,0],[107.282202,-7.077068,0],[107.282315,-7.077225,0],[107.282328,-7.077281,0],[107.282342,-7.077526,0],[107.28238,-7.077691,0],[107.282436,-7.077819,0],[107.282598,-7.078053,0],[107.28278,-7.078198,0],[107.28279,-7.078206,0],[107.282839,-7.078219,0],[107.282939,-7.078246,0],[107.283451,-7.078379,0],[107.283543,-7.078402,0],[107.283649,-7.07843,0],[107.283676,-7.078441,0],[107.283861,-7.078562,0],[107.283945,-7.078707,0],[107.283929,-7.078819,0],[107.283844,-7.078931,0],[107.28352,-7.079219,0],[107.283078,-7.079588,0],[107.28304,-7.079664,0],[107.283027,-7.079688,0],[107.2831,-7.079725,0],[107.283292,-7.079712,0],[107.28413,-7.079631,0],[107.284224,-7.07968,0],[107.284236,-7.079729,0],[107.284247,-7.079771,0],[107.284266,-7.080101,0],[107.284277,-7.080296,0],[107.284362,-7.080384,0],[107.284407,-7.080432,0],[107.284602,-7.080657,0],[107.284592,-7.080763,0],[107.284482,-7.080987,0],[107.284195,-7.081448,0],[107.284061,-7.08173,0],[107.283979,-7.081871,0],[107.283878,-7.082043,0],[107.284021,-7.082287,0],[107.284104,-7.082375,0],[107.284194,-7.08247,0],[107.284475,-7.082747,0],[107.284515,-7.082913,0],[107.284562,-7.083274,0],[107.284883,-7.083854,0],[107.28506,-7.084226,0],[107.285342,-7.084789,0],[107.285426,-7.085002,0],[107.285426,-7.085003,0],[107.285427,-7.085005,0],[107.2855,-7.085121,0],[107.285574,-7.085196,0],[107.285701,-7.08527,0],[107.285795,-7.085348,0],[107.28587,-7.085411,0],[107.286046,-7.085473,0],[107.28631,-7.085482,0],[107.286583,-7.085382,0],[107.286853,-7.085176,0],[107.286919,-7.085142,0],[107.287074,-7.085063,0],[107.287257,-7.085076,0],[107.28753,-7.085097,0],[107.288324,-7.085166,0],[107.288628,-7.08526,0],[107.288947,-7.085338,0],[107.289319,-7.085582,0],[107.289456,-7.085656,0],[107.289875,-7.085928,0],[107.290209,-7.086206,0],[107.290467,-7.08643,0],[107.290676,-7.086593,0],[107.290697,-7.08661,0],[107.290945,-7.086816,0],[107.290985,-7.086841,0],[107.291191,-7.087012,0],[107.291474,-7.086985,0],[107.291481,-7.086978,0],[107.291503,-7.086954,0],[107.291714,-7.08673,0],[107.29191,-7.086521,0],[107.292662,-7.086429,0],[107.292679,-7.086431,0],[107.292896,-7.086448,0],[107.292993,-7.086422,0],[107.293172,-7.086332,0],[107.293278,-7.086269,0],[107.293325,-7.086242,0],[107.293433,-7.08614,0],[107.293436,-7.086138,0],[107.293519,-7.086047,0],[107.293796,-7.085602,0],[107.294012,-7.085353,0],[107.294228,-7.085176,0],[107.294624,-7.084923,0],[107.295015,-7.084632,0],[107.295035,-7.08461,0],[107.295252,-7.084362,0],[107.295365,-7.084093,0],[107.295497,-7.083752,0],[107.295776,-7.083419,0],[107.295986,-7.083337,0],[107.296262,-7.083259,0],[107.296405,-7.083253,0],[107.296651,-7.083301,0],[107.296867,-7.083349,0],[107.297028,-7.083386,0],[107.297364,-7.083422,0],[107.298072,-7.083499,0],[107.298391,-7.083697,0],[107.29845,-7.083817,0],[107.29869,-7.084307,0],[107.298797,-7.084477,0],[107.298998,-7.084794,0],[107.29911,-7.084948,0],[107.299234,-7.085119,0],[107.299472,-7.085709,0],[107.299585,-7.086063,0],[107.299616,-7.086161,0],[107.299717,-7.086327,0],[107.299873,-7.086448,0],[107.300015,-7.086479,0],[107.300117,-7.086502,0],[107.300405,-7.086445,0],[107.300437,-7.086431,0],[107.300981,-7.086187,0],[107.301446,-7.085786,0],[107.301943,-7.085406,0],[107.302375,-7.085116,0],[107.302596,-7.084982,0],[107.302774,-7.08497,0],[107.302967,-7.085043,0],[107.303119,-7.085101,0],[107.303187,-7.085145,0],[107.303475,-7.085332,0],[107.303761,-7.085411,0],[107.303986,-7.085474,0],[107.304442,-7.085605,0],[107.304726,-7.085808,0],[107.304968,-7.086186,0],[107.305085,-7.086441,0],[107.305179,-7.086626,0],[107.305272,-7.086703,0],[107.305606,-7.086832,0],[107.305784,-7.086862,0],[107.306118,-7.087015,0],[107.30649,-7.087168,0],[107.306716,-7.087345,0],[107.306845,-7.087558,0],[107.306863,-7.087595,0],[107.307024,-7.087935,0],[107.307068,-7.088239,0],[107.307069,-7.08852,0],[107.307004,-7.088934,0],[107.306902,-7.089154,0],[107.306799,-7.089405,0],[107.306788,-7.089618,0],[107.306778,-7.090081,0],[107.306786,-7.090422,0],[107.306912,-7.090621,0],[107.307103,-7.090801,0],[107.307276,-7.09093,0],[107.307596,-7.091032,0],[107.308245,-7.091149,0],[107.308798,-7.091224,0],[107.309317,-7.091273,0],[107.309732,-7.091418,0],[107.310165,-7.091649,0],[107.310581,-7.091906,0],[107.310773,-7.092129,0],[107.310817,-7.092327,0],[107.310792,-7.092569,0],[107.310766,-7.092619,0],[107.310655,-7.092829,0],[107.310475,-7.093114,0],[107.310381,-7.093374,0],[107.310348,-7.09365,0],[107.310377,-7.094111,0],[107.310379,-7.094383,0],[107.310354,-7.094597,0],[107.310288,-7.094938,0],[107.310267,-7.095051,0],[107.310238,-7.095211,0],[107.31023,-7.095381,0],[107.310308,-7.095585,0],[107.310411,-7.095679,0],[107.310719,-7.095839,0],[107.311283,-7.096015,0],[107.311796,-7.096192,0],[107.312266,-7.09636,0],[107.312754,-7.096638,0],[107.313455,-7.096916,0],[107.313865,-7.097102,0],[107.314139,-7.097237,0],[107.314293,-7.097398,0],[107.314432,-7.097832,0],[107.314576,-7.098273,0],[107.314672,-7.098568,0],[107.314796,-7.098922,0],[107.314894,-7.099104,0],[107.315077,-7.099359,0],[107.31579,-7.100195,0],[107.31613,-7.100655,0],[107.316373,-7.100983,0],[107.316679,-7.101393,0],[107.317515,-7.102582,0],[107.317996,-7.103069,0],[107.318182,-7.103289,0],[107.318262,-7.103536,0],[107.318245,-7.104236,0],[107.318206,-7.104956,0],[107.318231,-7.105358,0],[107.318431,-7.105609,0],[107.318718,-7.105866,0],[107.319038,-7.106024,0],[107.319278,-7.106222,0],[107.319611,-7.106505,0],[107.320294,-7.107101,0],[107.320613,-7.107178,0],[107.320739,-7.107184,0],[107.320953,-7.107155,0],[107.321162,-7.107118,0],[107.32136,-7.107084,0],[107.3215,-7.107062,0],[107.321622,-7.10704,0],[107.321718,-7.107025,0],[107.321869,-7.107016,0],[107.322088,-7.106995,0],[107.322599,-7.106953,0],[107.322928,-7.106914,0],[107.323384,-7.106833,0],[107.323678,-7.106789,0],[107.3238,-7.10676,0],[107.323904,-7.106702,0],[107.323961,-7.106666,0],[107.324033,-7.106601,0],[107.324101,-7.106543,0],[107.324176,-7.106496,0],[107.324258,-7.106435,0],[107.324337,-7.106395,0],[107.324475,-7.106327,0],[107.32465,-7.106268,0],[107.324818,-7.106178,0],[107.324935,-7.106114,0],[107.325061,-7.106024,0],[107.325152,-7.105987,0],[107.32525,-7.105964,0],[107.325409,-7.105947,0],[107.325863,-7.105911,0],[107.325995,-7.105893,0],[107.326419,-7.10586,0],[107.32656,-7.105867,0],[107.326788,-7.105654,0],[107.326782,-7.104384,0],[107.327523,-7.103189,0],[107.327564,-7.103124,0],[107.32868,-7.101326,0],[107.330593,-7.098224,0],[107.331944,-7.09843,0],[107.332802,-7.09856,0],[107.333657,-7.098505,0],[107.333847,-7.098358,0],[107.334349,-7.097969,0],[107.335673,-7.096944,0],[107.337141,-7.095808,0],[107.337589,-7.097356,0],[107.338809,-7.09692,0],[107.339126,-7.097046,0],[107.340365,-7.097536,0],[107.341204,-7.097808,0],[107.341211,-7.09781,0],[107.341421,-7.097878,0],[107.344783,-7.098654,0],[107.345039,-7.09863,0],[107.346103,-7.09853,0],[107.346371,-7.098505,0],[107.347339,-7.098415,0],[107.348127,-7.099103,0],[107.348316,-7.099268,0],[107.349428,-7.098651,0],[107.350474,-7.097834,0],[107.350492,-7.097821,0],[107.352446,-7.09769,0],[107.353536,-7.098265,0],[107.353578,-7.098288,0],[107.354706,-7.098239,0],[107.355177,-7.09793,0],[107.355186,-7.097915,0],[107.355258,-7.097829,0],[107.355301,-7.0978,0],[107.35534,-7.097782,0],[107.355403,-7.097744,0],[107.355459,-7.097712,0],[107.355545,-7.097668,0],[107.355605,-7.097642,0],[107.355704,-7.097602,0],[107.355795,-7.097515,0],[107.355843,-7.097419,0],[107.355866,-7.097341,0],[107.355896,-7.097275,0],[107.355947,-7.09723,0],[107.356018,-7.097182,0],[107.356132,-7.097148,0],[107.356352,-7.097094,0],[107.356535,-7.097018,0],[107.356851,-7.096786,0],[107.357294,-7.096218,0],[107.358669,-7.093394,0],[107.358982,-7.090256,0],[107.361659,-7.092125,0],[107.361737,-7.092219,0],[107.361983,-7.092457,0],[107.362166,-7.092652,0],[107.362325,-7.092842,0],[107.362421,-7.092918,0],[107.362546,-7.092975,0],[107.362713,-7.093008,0],[107.363077,-7.093059,0],[107.363209,-7.093087,0],[107.363333,-7.093132,0],[107.363429,-7.093177,0],[107.363579,-7.093232,0],[107.363658,-7.09331,0],[107.363695,-7.093439,0],[107.36371,-7.093539,0],[107.363707,-7.093633,0],[107.363741,-7.094006,0],[107.363695,-7.094257,0],[107.363619,-7.094535,0],[107.363587,-7.094745,0],[107.363559,-7.094894,0],[107.363536,-7.095114,0],[107.363537,-7.095324,0],[107.363543,-7.09552,0],[107.363572,-7.095716,0],[107.363636,-7.095922,0],[107.363727,-7.096007,0],[107.363814,-7.096059,0],[107.363905,-7.096083,0],[107.364001,-7.096085,0],[107.364135,-7.096077,0],[107.364337,-7.09602,0],[107.364601,-7.095963,0],[107.364825,-7.095892,0],[107.36497,-7.09583,0],[107.36507,-7.09578,0],[107.365156,-7.095743,0],[107.365234,-7.09571,0],[107.36527,-7.095698,0],[107.365317,-7.095688,0],[107.365364,-7.095688,0],[107.365425,-7.095701,0],[107.365455,-7.095715,0],[107.365611,-7.095363,0],[107.365871,-7.094926,0],[107.366236,-7.094325,0],[107.366782,-7.093257,0],[107.367049,-7.092366,0],[107.366966,-7.09135,0],[107.367011,-7.090595,0],[107.367326,-7.089694,0],[107.367527,-7.08918,0],[107.36767,-7.088734,0],[107.367957,-7.088026,0],[107.368136,-7.087145,0],[107.368263,-7.086452,0],[107.368599,-7.085792,0],[107.368993,-7.0852,0],[107.369243,-7.084715,0],[107.369399,-7.084022,0],[107.369327,-7.083249,0],[107.369255,-7.08281,0],[107.3693,-7.08257,0],[107.36921,-7.08211,0],[107.369175,-7.081972,0],[107.36889,-7.08086,0],[107.36871,-7.08046,0],[107.36828,-7.07995,0],[107.368099,-7.079769,0],[107.36773,-7.0794,0],[107.36768,-7.07933,0],[107.36739,-7.07897,0],[107.36721,-7.07872,0],[107.36695,-7.07824,0],[107.3666,-7.07758,0],[107.366282,-7.076945,0],[107.36621,-7.0768,0],[107.36615,-7.07668,0],[107.36582,-7.07624,0],[107.36542,-7.07576,0],[107.36497,-7.07532,0],[107.36495,-7.0752,0],[107.365,-7.07501,0],[107.36503,-7.07477,0],[107.36496,-7.07444,0],[107.36484,-7.07418,0],[107.36455,-7.07334,0],[107.36439,-7.07248,0],[107.36394,-7.07148,0],[107.363934,-7.071432,0],[107.363859,-7.070833,0],[107.363922,-7.069903,0],[107.363919,-7.069284,0],[107.36393,-7.06866,0],[107.363933,-7.068431,0],[107.363936,-7.068227,0],[107.363937,-7.068147,0],[107.363935,-7.067779,0],[107.363834,-7.067668,0],[107.364,-7.06739,0],[107.36396,-7.06725,0],[107.36388,-7.06715,0],[107.36357,-7.06707,0],[107.36328,-7.06701,0],[107.36311,-7.06692,0],[107.36299,-7.06686,0],[107.36278,-7.06666,0],[107.36262,-7.06652,0],[107.36248,-7.06638,0],[107.36241,-7.06628,0],[107.36231,-7.06611,0],[107.36218,-7.06593,0],[107.36213,-7.06586,0],[107.36203,-7.06572,0],[107.36191,-7.06562,0],[107.36181,-7.06552,0],[107.36172,-7.06542,0],[107.361782,-7.065226,0],[107.361887,-7.065013,0],[107.362051,-7.064867,0],[107.362302,-7.064691,0],[107.362563,-7.064535,0],[107.362824,-7.064398,0],[107.363114,-7.06429,0],[107.363433,-7.064202,0],[107.363616,-7.064094,0],[107.363732,-7.064016,0],[107.363761,-7.063948,0],[107.36379,-7.06388,0],[107.363828,-7.063812,0],[107.363808,-7.063658,0],[107.363749,-7.063513,0],[107.363758,-7.063358,0],[107.36368,-7.06312,0],[107.36368,-7.06284,0],[107.363779,-7.062108,0],[107.363898,-7.061624,0],[107.3641,-7.060958,0],[107.36428,-7.060533,0],[107.364435,-7.060158,0],[107.36464,-7.059866,0],[107.364772,-7.059672,0],[107.364844,-7.059575,0],[107.365061,-7.05938,0],[107.365302,-7.059161,0],[107.365531,-7.058967,0],[107.365773,-7.05882,0],[107.36599,-7.058662,0],[107.366134,-7.058552,0],[107.366327,-7.058382,0],[107.366532,-7.058115,0],[107.366953,-7.05769,0],[107.36723,-7.05718,0],[107.36734,-7.05714,0],[107.36765,-7.05692,0],[107.3679,-7.05675,0],[107.36798,-7.05673,0],[107.36793,-7.05627,0],[107.36792,-7.0561,0],[107.368,-7.05574,0],[107.36807,-7.05559,0],[107.36818,-7.05546,0],[107.36837,-7.05523,0],[107.36864,-7.05489,0],[107.368923,-7.054498,0],[107.369019,-7.054329,0],[107.369151,-7.054183,0],[107.36925,-7.05403,0],[107.36929,-7.05394,0],[107.36943,-7.05334,0],[107.36948,-7.05289,0]]]]},"properties":{"kd_propinsi":"32","kd_dati2":"17","kd_kecamatan":"015","nm_kecamatan":"Gununghalu"}},{"type":"Feature","geometry":{"type":"MultiPolygon","coordinates":[[[[107.437456,-6.894215,0],[107.437365,-6.893179,0],[107.438325,-6.892601,0],[107.439084,-6.892174,0],[107.439399,-6.89175,0],[107.439819,-6.891156,0],[107.440304,-6.890857,0],[107.440578,-6.890623,0],[107.440724,-6.890221,0],[107.440869,-6.889713,0],[107.440952,-6.889375,0],[107.441121,-6.88931,0],[107.441566,-6.889435,0],[107.44199,-6.889623,0],[107.44235,-6.889727,0],[107.442772,-6.889619,0],[107.44313,-6.889363,0],[107.44336,-6.88877,0],[107.443549,-6.888474,0],[107.443886,-6.888282,0],[107.444288,-6.88828,0],[107.444711,-6.88832,0],[107.44507,-6.888233,0],[107.445429,-6.887999,0],[107.445682,-6.887892,0],[107.445978,-6.887954,0],[107.446148,-6.88808,0],[107.446361,-6.888332,0],[107.44651,-6.888606,0],[107.44668,-6.888753,0],[107.44704,-6.888815,0],[107.447378,-6.888708,0],[107.447715,-6.888537,0],[107.448011,-6.888514,0],[107.448223,-6.88864,0],[107.448309,-6.888872,0],[107.448416,-6.889062,0],[107.448628,-6.889187,0],[107.449073,-6.889248,0],[107.449431,-6.88912,0],[107.450126,-6.888503,0],[107.450927,-6.887992,0],[107.451221,-6.887631,0],[107.451452,-6.887271,0],[107.45179,-6.887079,0],[107.45217,-6.887056,0],[107.452803,-6.886898,0],[107.453553,-6.886943,0],[107.453466,-6.885839,0],[107.453465,-6.885832,0],[107.453538,-6.88519,0],[107.453799,-6.884546,0],[107.453833,-6.883867,0],[107.453754,-6.883263,0],[107.453335,-6.882547,0],[107.452954,-6.881983,0],[107.452763,-6.881455,0],[107.452638,-6.88044,0],[107.453202,-6.879827,0],[107.453765,-6.879287,0],[107.454211,-6.879062,0],[107.454657,-6.878746,0],[107.455086,-6.878104,0],[107.455352,-6.877715,0],[107.455723,-6.877385,0],[107.456125,-6.877309,0],[107.457049,-6.877304,0],[107.457929,-6.877285,0],[107.458747,-6.876997,0],[107.459534,-6.876487,0],[107.460202,-6.875962,0],[107.460096,-6.874796,0],[107.460091,-6.873698,0],[107.460189,-6.87264,0],[107.460309,-6.871727,0],[107.460305,-6.870939,0],[107.459884,-6.869884,0],[107.459694,-6.869284,0],[107.459734,-6.868848,0],[107.459731,-6.868392,0],[107.459584,-6.867937,0],[107.459519,-6.867357,0],[107.459578,-6.866817,0],[107.459617,-6.866361,0],[107.459461,-6.865405,0],[107.45936,-6.864692,0],[107.459348,-6.864379,0],[107.459474,-6.864125,0],[107.459786,-6.86381,0],[107.460058,-6.863574,0],[107.460184,-6.863398,0],[107.46031,-6.863113,0],[107.460338,-6.862869,0],[107.460346,-6.862527,0],[107.460294,-6.862051,0],[107.460286,-6.861897,0],[107.460319,-6.861745,0],[107.460355,-6.861622,0],[107.460358,-6.861504,0],[107.460325,-6.86139,0],[107.460218,-6.86126,0],[107.460149,-6.861179,0],[107.460112,-6.861073,0],[107.46011,-6.86107,0],[107.46016,-6.86086,0],[107.460432,-6.860516,0],[107.460443,-6.860398,0],[107.460448,-6.860347,0],[107.460348,-6.860225,0],[107.460011,-6.859896,0],[107.459988,-6.859681,0],[107.459965,-6.859459,0],[107.459759,-6.859214,0],[107.459613,-6.859046,0],[107.459697,-6.858847,0],[107.459674,-6.858686,0],[107.459598,-6.858663,0],[107.459429,-6.858701,0],[107.459115,-6.858824,0],[107.458824,-6.858832,0],[107.45872,-6.85875,0],[107.458595,-6.858502,0],[107.458541,-6.858459,0],[107.458442,-6.85838,0],[107.458235,-6.858334,0],[107.458051,-6.85838,0],[107.457944,-6.858472,0],[107.45786,-6.858678,0],[107.45786,-6.858877,0],[107.457791,-6.859122,0],[107.457768,-6.859367,0],[107.457401,-6.859569,0],[107.457377,-6.859582,0],[107.45714,-6.85972,0],[107.457018,-6.859712,0],[107.456922,-6.859739,0],[107.45678,-6.859766,0],[107.456736,-6.859737,0],[107.456589,-6.859643,0],[107.45639,-6.859544,0],[107.456267,-6.859444,0],[107.456038,-6.859501,0],[107.455588,-6.859357,0],[107.455205,-6.85929,0],[107.455163,-6.859285,0],[107.455002,-6.859266,0],[107.454929,-6.85931,0],[107.454791,-6.859339,0],[107.454724,-6.859388,0],[107.45464,-6.859409,0],[107.454577,-6.859429,0],[107.454484,-6.859437,0],[107.454357,-6.859409,0],[107.454198,-6.85933,0],[107.454058,-6.859314,0],[107.454009,-6.859307,0],[107.453928,-6.859325,0],[107.453885,-6.859307,0],[107.453859,-6.859222,0],[107.453811,-6.859162,0],[107.45362,-6.859103,0],[107.453551,-6.859071,0],[107.45349,-6.859068,0],[107.453456,-6.859094,0],[107.453457,-6.859142,0],[107.453513,-6.859204,0],[107.453556,-6.859258,0],[107.45359,-6.859332,0],[107.453624,-6.859405,0],[107.45362,-6.859481,0],[107.453489,-6.859557,0],[107.453397,-6.859569,0],[107.453306,-6.859553,0],[107.453222,-6.859671,0],[107.453185,-6.859786,0],[107.453202,-6.859899,0],[107.453182,-6.860027,0],[107.453106,-6.860058,0],[107.452979,-6.860098,0],[107.452882,-6.860106,0],[107.452768,-6.860102,0],[107.45262,-6.860062,0],[107.452412,-6.860023,0],[107.452304,-6.860023,0],[107.452007,-6.860429,0],[107.451836,-6.860524,0],[107.451788,-6.860608,0],[107.451593,-6.860899,0],[107.451422,-6.861006,0],[107.451339,-6.861032,0],[107.450939,-6.861282,0],[107.450915,-6.861338,0],[107.4509,-6.861373,0],[107.450649,-6.861536,0],[107.450633,-6.861719,0],[107.450597,-6.861759,0],[107.450438,-6.861751,0],[107.450397,-6.861755,0],[107.45035,-6.861759,0],[107.450231,-6.861835,0],[107.450151,-6.86193,0],[107.450127,-6.862002,0],[107.450111,-6.862146,0],[107.450012,-6.862293,0],[107.449936,-6.862325,0],[107.44984,-6.862325,0],[107.449769,-6.862293,0],[107.449725,-6.862281,0],[107.449585,-6.862281,0],[107.449526,-6.862305,0],[107.44945,-6.862424,0],[107.449398,-6.86248,0],[107.449318,-6.862508,0],[107.449099,-6.86252,0],[107.448777,-6.862512,0],[107.448657,-6.86244,0],[107.44839,-6.862476,0],[107.448307,-6.862241,0],[107.448064,-6.862261,0],[107.447897,-6.862285,0],[107.447817,-6.86216,0],[107.447763,-6.862083,0],[107.447697,-6.861998,0],[107.447618,-6.861974,0],[107.447569,-6.86199,0],[107.447484,-6.862121,0],[107.447383,-6.862209,0],[107.447255,-6.862205,0],[107.447244,-6.862114,0],[107.447239,-6.861998,0],[107.447235,-6.86193,0],[107.447012,-6.861891,0],[107.446853,-6.861831,0],[107.446745,-6.861723,0],[107.446646,-6.861683,0],[107.446542,-6.861616,0],[107.446447,-6.861652,0],[107.446391,-6.861715,0],[107.446371,-6.861855,0],[107.446399,-6.861851,0],[107.446391,-6.861918,0],[107.44617,-6.86205,0],[107.44571,-6.8625,0],[107.445334,-6.86267,0],[107.44529,-6.86269,0],[107.44461,-6.86268,0],[107.44386,-6.86264,0],[107.443358,-6.862546,0],[107.44295,-6.86247,0],[107.442625,-6.862406,0],[107.442317,-6.862346,0],[107.442182,-6.86232,0],[107.44203,-6.86229,0],[107.44101,-6.86199,0],[107.44024,-6.86171,0],[107.43967,-6.86155,0],[107.43913,-6.86143,0],[107.43855,-6.86139,0],[107.43763,-6.86141,0],[107.43685,-6.86141,0],[107.43558,-6.86139,0],[107.43469,-6.8614,0],[107.434027,-6.861328,0],[107.433785,-6.861471,0],[107.433597,-6.861655,0],[107.433373,-6.86198,0],[107.432661,-6.862299,0],[107.431678,-6.86276,0],[107.430797,-6.863343,0],[107.430851,-6.863526,0],[107.430777,-6.863566,0],[107.430356,-6.863288,0],[107.430085,-6.863126,0],[107.429956,-6.863119,0],[107.429753,-6.863193,0],[107.42938,-6.863221,0],[107.429089,-6.863261,0],[107.428831,-6.863254,0],[107.428742,-6.863206,0],[107.428695,-6.863227,0],[107.428533,-6.863221,0],[107.42837,-6.863153,0],[107.42786,-6.86323,0],[107.42756,-6.86327,0],[107.42737,-6.86342,0],[107.42696,-6.86369,0],[107.42669,-6.86384,0],[107.42653,-6.86386,0],[107.426207,-6.863668,0],[107.426092,-6.863654,0],[107.42578,-6.863526,0],[107.425699,-6.863546,0],[107.425514,-6.863531,0],[107.425455,-6.863526,0],[107.425258,-6.863587,0],[107.424831,-6.863797,0],[107.424587,-6.863844,0],[107.424511,-6.863884,0],[107.424289,-6.864,0],[107.423997,-6.864007,0],[107.423808,-6.863932,0],[107.423658,-6.863993,0],[107.423435,-6.864007,0],[107.423225,-6.864088,0],[107.423062,-6.864027,0],[107.42275,-6.864,0],[107.422397,-6.864034,0],[107.42214,-6.86414,0],[107.421821,-6.864346,0],[107.421747,-6.864407,0],[107.421664,-6.864569,0],[107.421537,-6.864685,0],[107.42134,-6.864692,0],[107.421069,-6.864753,0],[107.420892,-6.864753,0],[107.42059,-6.864612,0],[107.420526,-6.864637,0],[107.420316,-6.864556,0],[107.419869,-6.86442,0],[107.419543,-6.864298,0],[107.419374,-6.864359,0],[107.418988,-6.864326,0],[107.418337,-6.864136,0],[107.41814,-6.864027,0],[107.418018,-6.864075,0],[107.417862,-6.864115,0],[107.417638,-6.864163,0],[107.417462,-6.864305,0],[107.417401,-6.864515,0],[107.417259,-6.864441,0],[107.417149,-6.864431,0],[107.416946,-6.864414,0],[107.416866,-6.864407,0],[107.416669,-6.864414,0],[107.415971,-6.864149,0],[107.415882,-6.864175,0],[107.415815,-6.864129,0],[107.415639,-6.864136,0],[107.415361,-6.864176,0],[107.415266,-6.864298,0],[107.414825,-6.864671,0],[107.41473,-6.864685,0],[107.414425,-6.864543,0],[107.41412,-6.864265,0],[107.413727,-6.864298,0],[107.413259,-6.864305,0],[107.413191,-6.864434,0],[107.41273,-6.864407,0],[107.412385,-6.864454,0],[107.41208,-6.86457,0],[107.411822,-6.86465,0],[107.41153,-6.86474,0],[107.41088,-6.864936,0],[107.410547,-6.865146,0],[107.410019,-6.865431,0],[107.409748,-6.865526,0],[107.40947,-6.865573,0],[107.409287,-6.865654,0],[107.408988,-6.865696,0],[107.408887,-6.865803,0],[107.408703,-6.865789,0],[107.408629,-6.865844,0],[107.408493,-6.865871,0],[107.408018,-6.865921,0],[107.407971,-6.865925,0],[107.407775,-6.865695,0],[107.407517,-6.865668,0],[107.407226,-6.865641,0],[107.407151,-6.865583,0],[107.407005,-6.865587,0],[107.40636,-6.86538,0],[107.40556,-6.86487,0],[107.4049,-6.86446,0],[107.40417,-6.86407,0],[107.40328,-6.86367,0],[107.40262,-6.86334,0],[107.40216,-6.86323,0],[107.40172,-6.86322,0],[107.40099,-6.86337,0],[107.40003,-6.86358,0],[107.39926,-6.8638,0],[107.39868,-6.86396,0],[107.39788,-6.86434,0],[107.39738,-6.86467,0],[107.39665,-6.86516,0],[107.39631,-6.86547,0],[107.3959,-6.86594,0],[107.39545,-6.8665,0],[107.39468,-6.86729,0],[107.39406,-6.86791,0],[107.39333,-6.86856,0],[107.39258,-6.86926,0],[107.392578,-6.869262,0],[107.39207,-6.86986,0],[107.39189,-6.87024,0],[107.39182,-6.870546,0],[107.39181,-6.87059,0],[107.3918,-6.87091,0],[107.39189,-6.87127,0],[107.39208,-6.8716,0],[107.39239,-6.87195,0],[107.39269,-6.87229,0],[107.39278,-6.87256,0],[107.3928,-6.87293,0],[107.39279,-6.87363,0],[107.39271,-6.87402,0],[107.39262,-6.87446,0],[107.39262,-6.87462,0],[107.39262,-6.87476,0],[107.39261,-6.87492,0],[107.39257,-6.875,0],[107.39244,-6.87533,0],[107.39213,-6.8763,0],[107.392052,-6.876592,0],[107.39182,-6.87746,0],[107.39141,-6.87851,0],[107.39109,-6.87886,0],[107.39038,-6.87942,0],[107.38965,-6.87986,0],[107.38873,-6.88004,0],[107.38769,-6.88029,0],[107.386725,-6.880325,0],[107.38658,-6.88033,0],[107.38551,-6.88052,0],[107.38423,-6.88094,0],[107.384001,-6.881007,0],[107.38297,-6.88131,0],[107.38176,-6.88161,0],[107.381641,-6.881614,0],[107.38094,-6.88164,0],[107.3801,-6.88154,0],[107.37893,-6.88127,0],[107.37798,-6.88094,0],[107.377608,-6.880744,0],[107.376965,-6.880403,0],[107.37675,-6.88029,0],[107.37601,-6.87989,0],[107.37548,-6.87966,0],[107.375,-6.87954,0],[107.37386,-6.8795,0],[107.37209,-6.87932,0],[107.37073,-6.87894,0],[107.37006,-6.87873,0],[107.36864,-6.87828,0],[107.367956,-6.878117,0],[107.367195,-6.877904,0],[107.366782,-6.877788,0],[107.365009,-6.878093,0],[107.363094,-6.87958,0],[107.360882,-6.881046,0],[107.360665,-6.881167,0],[107.360427,-6.881248,0],[107.359186,-6.881668,0],[107.356125,-6.882728,0],[107.355801,-6.882721,0],[107.354987,-6.882298,0],[107.35406,-6.88146,0],[107.35341,-6.88136,0],[107.352808,-6.881524,0],[107.352309,-6.881554,0],[107.352172,-6.881698,0],[107.35209,-6.88172,0],[107.35095,-6.88254,0],[107.3504,-6.88345,0],[107.35013,-6.8837,0],[107.3499,-6.88395,0],[107.34981,-6.88404,0],[107.34957,-6.8844,0],[107.34933,-6.88498,0],[107.34926,-6.88519,0],[107.34903,-6.8856,0],[107.34888,-6.88582,0],[107.34884,-6.88588,0],[107.34868,-6.88608,0],[107.34854,-6.88625,0],[107.34831,-6.88645,0],[107.3481,-6.88669,0],[107.34783,-6.88698,0],[107.34767,-6.88715,0],[107.3474,-6.88739,0],[107.34715,-6.88759,0],[107.34693,-6.88772,0],[107.34664,-6.88795,0],[107.34656,-6.888,0],[107.34626,-6.88824,0],[107.34592,-6.88842,0],[107.34587,-6.88845,0],[107.34562,-6.8887,0],[107.34546,-6.88899,0],[107.34545,-6.88905,0],[107.3454,-6.88931,0],[107.34539,-6.88952,0],[107.34537,-6.88968,0],[107.34537,-6.88977,0],[107.34537,-6.88989,0],[107.3454,-6.89008,0],[107.34543,-6.89026,0],[107.34543,-6.89035,0],[107.34542,-6.89044,0],[107.3454,-6.89052,0],[107.34537,-6.89063,0],[107.345195,-6.890984,0],[107.345314,-6.891085,0],[107.345386,-6.891174,0],[107.345548,-6.891245,0],[107.345692,-6.891423,0],[107.345849,-6.891547,0],[107.345872,-6.891565,0],[107.346016,-6.89169,0],[107.34634,-6.89201,0],[107.34658,-6.892176,0],[107.3471,-6.89222,0],[107.34759,-6.89213,0],[107.34807,-6.8922,0],[107.348254,-6.892208,0],[107.348429,-6.892151,0],[107.348468,-6.892183,0],[107.348526,-6.892229,0],[107.348664,-6.892213,0],[107.348666,-6.892509,0],[107.348587,-6.892614,0],[107.348582,-6.892669,0],[107.348532,-6.89274,0],[107.348481,-6.892757,0],[107.348376,-6.892898,0],[107.348361,-6.89294,0],[107.348326,-6.892965,0],[107.348258,-6.893058,0],[107.34825,-6.893076,0],[107.34824,-6.893155,0],[107.348254,-6.893205,0],[107.348268,-6.893222,0],[107.348271,-6.893264,0],[107.348601,-6.89443,0],[107.348726,-6.8946,0],[107.348936,-6.894742,0],[107.349143,-6.894939,0],[107.349239,-6.895185,0],[107.349218,-6.895481,0],[107.3493,-6.895849,0],[107.34925,-6.895992,0],[107.349157,-6.896092,0],[107.34914,-6.896125,0],[107.349094,-6.896836,0],[107.349095,-6.896839,0],[107.349168,-6.897053,0],[107.349133,-6.897161,0],[107.349205,-6.897322,0],[107.349242,-6.897447,0],[107.349242,-6.897554,0],[107.349332,-6.897679,0],[107.349367,-6.897763,0],[107.349457,-6.897875,0],[107.34962,-6.897928,0],[107.349814,-6.898071,0],[107.350061,-6.897996,0],[107.350092,-6.897958,0],[107.350152,-6.897968,0],[107.350165,-6.897964,0],[107.350249,-6.897873,0],[107.350353,-6.897866,0],[107.350435,-6.897673,0],[107.350542,-6.897694,0],[107.350738,-6.89753,0],[107.351002,-6.897476,0],[107.351184,-6.897537,0],[107.351363,-6.897641,0],[107.351442,-6.897668,0],[107.351796,-6.897592,0],[107.351816,-6.897599,0],[107.35183,-6.89759,0],[107.352055,-6.897505,0],[107.352227,-6.897601,0],[107.352419,-6.897826,0],[107.352573,-6.898044,0],[107.352637,-6.898237,0],[107.352676,-6.898458,0],[107.352688,-6.898527,0],[107.352897,-6.899026,0],[107.352983,-6.899125,0],[107.35313,-6.899297,0],[107.353133,-6.899322,0],[107.353731,-6.900021,0],[107.354064,-6.90023,0],[107.354136,-6.900203,0],[107.354204,-6.900221,0],[107.354404,-6.900385,0],[107.354507,-6.900457,0],[107.354637,-6.900481,0],[107.354832,-6.900421,0],[107.355032,-6.90045,0],[107.355241,-6.900498,0],[107.355325,-6.900471,0],[107.355628,-6.900514,0],[107.355828,-6.900592,0],[107.355924,-6.900607,0],[107.355974,-6.90061,0],[107.356028,-6.900649,0],[107.356235,-6.900671,0],[107.356288,-6.900749,0],[107.35637,-6.900793,0],[107.356406,-6.900774,0],[107.356531,-6.900903,0],[107.356727,-6.901192,0],[107.356699,-6.901271,0],[107.356709,-6.901335,0],[107.356756,-6.901395,0],[107.356809,-6.901413,0],[107.356806,-6.901688,0],[107.356802,-6.901917,0],[107.356913,-6.902084,0],[107.356918,-6.902097,0],[107.357662,-6.902588,0],[107.358911,-6.902527,0],[107.359047,-6.902484,0],[107.359351,-6.902416,0],[107.359343,-6.902259,0],[107.359522,-6.902316,0],[107.35975,-6.902391,0],[107.3599,-6.902452,0],[107.36,-6.902548,0],[107.3601,-6.902634,0],[107.360175,-6.902741,0],[107.360214,-6.902877,0],[107.360218,-6.90298,0],[107.360254,-6.903034,0],[107.3603,-6.903173,0],[107.360279,-6.903359,0],[107.360317,-6.903515,0],[107.360382,-6.903962,0],[107.360361,-6.904084,0],[107.360407,-6.904274,0],[107.360823,-6.905095,0],[107.36094,-6.905115,0],[107.361297,-6.904934,0],[107.361665,-6.904489,0],[107.361773,-6.904461,0],[107.361796,-6.904383,0],[107.361945,-6.90429,0],[107.36211,-6.904319,0],[107.36221,-6.904301,0],[107.362449,-6.90444,0],[107.362477,-6.904568,0],[107.36252,-6.90472,0],[107.362499,-6.904986,0],[107.362431,-6.9051,0],[107.362292,-6.905243,0],[107.362284,-6.905325,0],[107.362238,-6.905443,0],[107.362163,-6.905457,0],[107.362145,-6.905504,0],[107.362117,-6.905636,0],[107.362028,-6.905696,0],[107.361985,-6.905796,0],[107.361983,-6.905861,0],[107.361935,-6.9059,0],[107.361939,-6.905964,0],[107.36182,-6.906082,0],[107.36181,-6.906239,0],[107.361756,-6.906353,0],[107.361746,-6.906628,0],[107.36186,-6.906806,0],[107.36186,-6.906928,0],[107.361895,-6.906985,0],[107.36205,-6.90712,0],[107.362065,-6.907141,0],[107.362094,-6.907181,0],[107.36207,-6.907274,0],[107.362117,-6.907363,0],[107.362249,-6.907417,0],[107.362356,-6.907638,0],[107.362342,-6.907674,0],[107.362442,-6.907831,0],[107.362516,-6.907991,0],[107.362495,-6.908123,0],[107.362556,-6.908216,0],[107.362602,-6.90823,0],[107.36267,-6.908309,0],[107.362688,-6.908355,0],[107.362898,-6.908527,0],[107.3635,-6.90887,0],[107.36401,-6.90937,0],[107.36428,-6.90967,0],[107.364433,-6.909894,0],[107.36453,-6.91036,0],[107.365034,-6.910573,0],[107.365251,-6.910873,0],[107.365551,-6.911087,0],[107.365611,-6.911129,0],[107.365899,-6.911114,0],[107.36595,-6.91109,0],[107.366271,-6.91094,0],[107.36653,-6.910996,0],[107.366774,-6.911095,0],[107.366777,-6.911096,0],[107.367163,-6.911222,0],[107.367393,-6.911408,0],[107.367452,-6.911651,0],[107.367483,-6.912081,0],[107.367428,-6.912613,0],[107.367516,-6.912957,0],[107.367891,-6.913242,0],[107.368823,-6.913515,0],[107.369663,-6.913276,0],[107.370772,-6.913237,0],[107.371412,-6.913435,0],[107.371985,-6.913836,0],[107.372426,-6.914472,0],[107.37263,-6.915042,0],[107.373307,-6.915845,0],[107.374016,-6.916379,0],[107.374288,-6.916982,0],[107.374492,-6.917519,0],[107.375166,-6.917647,0],[107.375777,-6.917716,0],[107.376603,-6.917748,0],[107.377751,-6.917778,0],[107.378541,-6.917774,0],[107.379619,-6.917732,0],[107.379614,-6.917324,0],[107.380004,-6.916423,0],[107.380674,-6.91552,0],[107.382136,-6.915344,0],[107.383545,-6.915787,0],[107.384338,-6.916907,0],[107.386088,-6.917967,0],[107.387497,-6.91841,0],[107.388904,-6.918459,0],[107.389801,-6.917779,0],[107.390133,-6.916709,0],[107.390521,-6.915527,0],[107.391305,-6.914848,0],[107.392652,-6.91411,0],[107.393209,-6.913039,0],[107.39354,-6.911688,0],[107.393887,-6.911302,0],[107.394099,-6.911067,0],[107.395223,-6.910724,0],[107.396068,-6.911057,0],[107.396425,-6.911321,0],[107.397198,-6.911895,0],[107.398269,-6.912283,0],[107.398422,-6.913336,0],[107.398744,-6.914285,0],[107.398678,-6.915235,0],[107.398155,-6.916293,0],[107.397351,-6.917318,0],[107.396652,-6.918447,0],[107.396164,-6.919364,0],[107.395922,-6.92021,0],[107.395927,-6.92123,0],[107.396635,-6.922071,0],[107.397447,-6.922384,0],[107.398538,-6.922414,0],[107.399488,-6.922163,0],[107.400296,-6.921736,0],[107.401137,-6.921063,0],[107.402642,-6.919156,0],[107.403377,-6.918378,0],[107.403973,-6.917918,0],[107.403998,-6.917432,0],[107.404227,-6.916629,0],[107.404483,-6.916033,0],[107.405591,-6.914993,0],[107.406364,-6.91442,0],[107.407319,-6.913898,0],[107.408197,-6.913428,0],[107.408867,-6.912959,0],[107.409279,-6.912413,0],[107.40956,-6.911714,0],[107.409644,-6.911421,0],[107.409814,-6.910833,0],[107.410095,-6.91003,0],[107.410429,-6.909563,0],[107.410711,-6.90907,0],[107.411201,-6.908602,0],[107.411483,-6.908083,0],[107.411552,-6.907713,0],[107.413257,-6.907845,0],[107.414771,-6.908269,0],[107.416458,-6.908778,0],[107.417801,-6.909591,0],[107.418711,-6.910363,0],[107.419493,-6.911309,0],[107.419802,-6.911498,0],[107.420403,-6.911865,0],[107.421008,-6.911948,0],[107.421784,-6.911686,0],[107.42185,-6.911513,0],[107.422082,-6.910907,0],[107.422293,-6.909871,0],[107.422634,-6.908919,0],[107.423148,-6.908183,0],[107.42388,-6.907748,0],[107.424439,-6.907227,0],[107.42478,-6.906362,0],[107.425163,-6.905368,0],[107.425636,-6.904934,0],[107.426196,-6.904715,0],[107.427276,-6.904796,0],[107.428874,-6.904831,0],[107.430342,-6.904651,0],[107.430987,-6.904173,0],[107.431459,-6.903653,0],[107.432277,-6.903088,0],[107.433355,-6.902823,0],[107.434607,-6.90273,0],[107.435728,-6.902509,0],[107.43633,-6.901988,0],[107.436498,-6.901081,0],[107.436148,-6.900047,0],[107.435626,-6.899273,0],[107.435493,-6.898713,0],[107.435491,-6.898238,0],[107.435791,-6.897805,0],[107.436609,-6.897369,0],[107.437039,-6.896979,0],[107.437295,-6.896416,0],[107.437421,-6.895725,0],[107.437456,-6.894215,0]]]]},"properties":{"kd_propinsi":"32","kd_dati2":"17","kd_kecamatan":"016","nm_kecamatan":"Saguling"}}]}